-- phpMyAdmin SQL Dump
-- version 3.3.9
-- http://www.phpmyadmin.net
--
-- Host: localhost
-- Generation Time: Mar 23, 2019 at 02:17 PM
-- Server version: 5.5.8
-- PHP Version: 5.3.5

SET SQL_MODE="NO_AUTO_VALUE_ON_ZERO";


/*!40101 SET @OLD_CHARACTER_SET_CLIENT=@@CHARACTER_SET_CLIENT */;
/*!40101 SET @OLD_CHARACTER_SET_RESULTS=@@CHARACTER_SET_RESULTS */;
/*!40101 SET @OLD_COLLATION_CONNECTION=@@COLLATION_CONNECTION */;
/*!40101 SET NAMES utf8 */;

--
-- Database: `home_expenditure`
--

-- --------------------------------------------------------

--
-- Table structure for table `com_jour`
--

DROP TABLE IF EXISTS `com_jour`;
CREATE TABLE IF NOT EXISTS `com_jour` (
  `ID` int(11) NOT NULL AUTO_INCREMENT,
  `COM_QUES` text CHARACTER SET utf8 COLLATE utf8_unicode_ci,
  `COM_ANS` text CHARACTER SET utf8 COLLATE utf8_unicode_ci,
  `CREATED_ON` datetime NOT NULL,
  `USER_ID` int(11) NOT NULL,
  PRIMARY KEY (`ID`)
) ENGINE=MyISAM  DEFAULT CHARSET=latin1 AUTO_INCREMENT=51 ;

--
-- Dumping data for table `com_jour`
--

INSERT INTO `com_jour` (`ID`, `COM_QUES`, `COM_ANS`, `CREATED_ON`, `USER_ID`) VALUES
(1, 'Write about going back to school after summer vacation.', NULL, '2017-05-30 15:59:22', 1),
(2, 'Write a thank you note to a friend who gave you onion and garlic-flavored chewing gum.', NULL, '2017-05-30 15:59:22', 1),
(3, 'Draw an imaginary constellation. Write a story such as ancient people might have told about it.', NULL, '2017-05-30 15:59:22', 1),
(4, 'Describe a real made-up dream or nightmare.', NULL, '2017-05-30 15:59:22', 1),
(5, 'Write about your favorite childhood toy.', NULL, '2017-05-30 15:59:22', 1),
(6, 'Write out the best or the worst day of your life.', 'Headline features:\r\n\r\nElegant dependency tracking - automatically updates the right parts of your UI whenever your data model changes.\r\nDeclarative bindings - a simple and obvious way to connect parts of your UI to your data model. You can construct a complex dynamic UIs easily using arbitrarily nested binding contexts.\r\nTrivially extensible - implement custom behaviors as new declarative bindings for easy reuse in just a few lines of code.\r\nAdditional benefits:\r\n\r\nPure JavaScript library - works with any server or client-side technology\r\nCan be added on top of your existing web application without requiring major architectural changes\r\nCompact - around 13kb after gzipping\r\nWorks on any mainstream browser (IE 6+, Firefox 2+, Chrome, Safari, Edge, others)\r\nComprehensive suite of specifications (developed BDD-style) means its correct functioning can easily be verified on new browsers and platforms\r\nDevelopers familiar with Ruby on Rails, ASP.NET MVC, or other MV* technologies may see MVVM as a real-time form of MVC with declarative syntax. In another sense, you can think of KO as a general way to make UIs for editing JSON data… whatever works for you :)', '2017-05-30 15:59:22', 1),
(7, 'Finish this thought: if I could change one thing about myself (if you can not think of anything, you might want to consider telling how you got to be perfect!)', NULL, '2017-05-30 15:59:22', 1),
(8, 'If and when I raise children, I will never...', NULL, '2017-05-30 15:59:22', 1),
(9, 'I have never been more frightened than when...', NULL, '2017-05-30 15:59:22', 1),
(10, 'Persuade a friend to give up drugs.', NULL, '2017-05-30 15:59:22', 1),
(11, 'Five years from now, I will be...', NULL, '2017-05-30 15:59:22', 1),
(12, 'Write about a day you would like to forget.', NULL, '2017-05-30 15:59:22', 1),
(13, 'Invent and describe a new food.', NULL, '2017-05-30 15:59:22', 1),
(14, 'Describe an event that changed your life forever, or make up and describe an event that would change your life forever.', NULL, '2017-05-30 15:59:22', 1),
(15, 'Describe someone who is a hero to you and explain why.', NULL, '2017-05-30 15:59:22', 1),
(16, 'Write about a time in your life when you struggled with a choice and made the right one.', NULL, '2017-05-30 15:59:22', 1),
(17, 'Imagine yourself in a different century and describe an average day in your life.', NULL, '2017-05-30 15:59:22', 1),
(18, 'Which character from a book would you most like to meet and why?', NULL, '2017-05-30 15:59:22', 1),
(19, 'Three goals I have set for myself are...', NULL, '2017-05-30 15:59:22', 1),
(20, 'What would you do if 300 mice had just gotten out of their cages in a pet shop where you worked?', NULL, '2017-05-30 15:59:22', 1),
(21, 'What would you do if you were locked inside your favorite department store overnight?22.  What would you do if you woke up one morning to find yourself invisible?', NULL, '2017-05-30 15:59:22', 1),
(22, 'What would you do if you were able to communicate with animals?', NULL, '2017-05-30 15:59:22', 1),
(23, 'What would you do if you could travel into the future?', NULL, '2017-05-30 15:59:22', 1),
(24, 'What would you do if you could travel into the past?', NULL, '2017-05-30 15:59:22', 1),
(25, 'What would you do if someone just gave you $1 million?', NULL, '2017-05-30 15:59:22', 1),
(26, 'What would you do it all the electricity in the world just stopped?', NULL, '2017-05-30 15:59:22', 1),
(27, 'What would you do if you could travel free anyplace in the world?', NULL, '2017-05-30 15:59:22', 1),
(28, 'What would you do if the dinner served to you in a fancy restaurant came with a fly in the mashed potatoes?', NULL, '2017-05-30 15:59:22', 1),
(29, 'Write a list of at least 50 things that make you feel good.', NULL, '2017-05-30 15:59:22', 1),
(30, 'Describe the perfect day.  Put in as many details as you can.  Make it a possible day, not a "dream day."', NULL, '2017-05-30 15:59:22', 1),
(31, 'Who is the person from history that you would most like to meet and talk to?  Why?  What would you like to ask?', NULL, '2017-05-30 15:59:22', 1),
(32, 'Who is the person from literature that you would most like to meet and talk to?  Why?  What would you like to ask?', NULL, '2017-05-30 15:59:22', 1),
(33, 'Compile a list of words that describe you as a child.  Compile a second list that describes you as you are now.  How are these lists the same?  How are they different?', NULL, '2017-05-30 15:59:22', 1),
(34, 'Compile a list of inanimate or animate objects to which you might compare yourself metaphorically.  (I am a windmill.  I change direction or my thoughts whenever someone talks to me...)', NULL, '2017-05-30 15:59:22', 1),
(35, 'Tell about what triggers anger in you or someone else.', NULL, '2017-05-30 15:59:22', 1),
(36, 'Invent a monster and describe it.  Tell where it lives, what it eats, and what it does.', NULL, '2017-05-30 15:59:22', 1),
(37, 'What is your favorite kind of weather?  Why?', NULL, '2017-05-30 15:59:22', 1),
(38, 'What is the best book you have ever read?  Why did you like it?  Did reading the book change you in any way?  What way?', NULL, '2017-05-30 15:59:22', 1),
(39, 'Write about what you did not do this weekend.', NULL, '2017-05-30 15:59:22', 1),
(40, 'Think about an incident that happened to you and exaggerate in the telling. Make it into a tall tale.', NULL, '2017-05-30 15:59:22', 1),
(41, 'If you were ruler of the world, what things would you banish absolutely for all time (rain on weekends, eggplant, and so forth)?  Make a list.  Use your imagination.', NULL, '2017-05-30 15:59:22', 1),
(42, 'If you could go back in time anywhere and "anywhen," where/when would you go and why?', NULL, '2017-05-30 15:59:22', 1),
(43, 'What law would you like to see enacted which would help people?  How would it help?', NULL, '2017-05-30 15:59:22', 1),
(44, 'What commercial on TV do you dislike beyond all others?  What about it is particularly annoying to you?', NULL, '2017-05-30 15:59:22', 1),
(45, 'Testques', 'TestAns', '2017-06-05 11:15:17', 2),
(46, 'Testques', 'TestAns', '2019-01-21 10:48:01', 3),
(47, 'Testques', 'TestAns', '2019-01-30 10:29:22', 4),
(48, 'Testques', 'TestAns', '2019-01-30 10:38:02', 5),
(49, 'Testques', 'TestAns', '2019-01-31 12:16:29', 6),
(50, 'Testques', 'TestAns', '2019-02-02 12:07:00', 7);

-- --------------------------------------------------------

--
-- Table structure for table `com_words`
--

DROP TABLE IF EXISTS `com_words`;
CREATE TABLE IF NOT EXISTS `com_words` (
  `ID` int(11) NOT NULL AUTO_INCREMENT,
  `COM_WORD` varchar(255) CHARACTER SET utf8 COLLATE utf8_unicode_ci DEFAULT NULL,
  `COM_WORD_MEAN` text CHARACTER SET utf8 COLLATE utf8_unicode_ci,
  `USER_ID` int(11) NOT NULL,
  PRIMARY KEY (`ID`)
) ENGINE=MyISAM  DEFAULT CHARSET=latin1 AUTO_INCREMENT=8 ;

--
-- Dumping data for table `com_words`
--

INSERT INTO `com_words` (`ID`, `COM_WORD`, `COM_WORD_MEAN`, `USER_ID`) VALUES
(1, 'Clunky', 'ugly', 1),
(2, 'Test', 'Test', 2),
(3, 'Test', 'Test', 3),
(4, 'Test', 'Test', 4),
(5, 'Test', 'Test', 5),
(6, 'Test', 'Test', 6),
(7, 'Test', 'Test', 7);

-- --------------------------------------------------------

--
-- Table structure for table `com_words_sent`
--

DROP TABLE IF EXISTS `com_words_sent`;
CREATE TABLE IF NOT EXISTS `com_words_sent` (
  `ID` int(11) NOT NULL AUTO_INCREMENT,
  `COM_WORD_ID` int(11) NOT NULL,
  `COM_WORD_SENT` text CHARACTER SET utf8 COLLATE utf8_unicode_ci,
  `USER_ID` int(11) NOT NULL,
  PRIMARY KEY (`ID`)
) ENGINE=MyISAM  DEFAULT CHARSET=latin1 AUTO_INCREMENT=14 ;

--
-- Dumping data for table `com_words_sent`
--

INSERT INTO `com_words_sent` (`ID`, `COM_WORD_ID`, `COM_WORD_SENT`, `USER_ID`) VALUES
(1, 1, 'Everyone loves jQuery! It’s an outstanding replacement for the clunky, inconsistent DOM API we had to put up with in the past.', 1),
(2, 1, 'the old, clunky Gorn ships I first approached you with.', 1),
(3, 1, 'It was a clunky, metal thing on a yellow and black lanyard.', 1),
(4, 1, 'It was all just a bit clunky and strange and not actually that much fun.', 1),
(5, 1, 'In places the dialogue is so clunky that wincing is involuntary.', 1),
(6, 1, 'Great clunky hunks of dialogue come bursting forth.', 1),
(7, 1, 'Decent actors are made to look inferior as they deliver the clunky dialogue.', 1),
(8, 2, 'TestSent', 2),
(9, 3, 'TestSent', 3),
(10, 4, 'TestSent', 4),
(11, 5, 'TestSent', 5),
(12, 6, 'TestSent', 6),
(13, 7, 'TestSent', 7);

-- --------------------------------------------------------

--
-- Table structure for table `draw_members`
--

DROP TABLE IF EXISTS `draw_members`;
CREATE TABLE IF NOT EXISTS `draw_members` (
  `id` tinyint(4) NOT NULL AUTO_INCREMENT,
  `name` varchar(50) NOT NULL,
  `img` varchar(255) NOT NULL,
  PRIMARY KEY (`id`)
) ENGINE=InnoDB  DEFAULT CHARSET=latin1 AUTO_INCREMENT=4 ;

--
-- Dumping data for table `draw_members`
--

INSERT INTO `draw_members` (`id`, `name`, `img`) VALUES
(1, 'Yash Sharma', '/images/yash.png'),
(2, 'Ram Jee Krishna', '/images/ram.png'),
(3, 'Rinku Sharma', '/images/rinku.png');

-- --------------------------------------------------------

--
-- Table structure for table `draw_prize`
--

DROP TABLE IF EXISTS `draw_prize`;
CREATE TABLE IF NOT EXISTS `draw_prize` (
  `id` int(11) NOT NULL AUTO_INCREMENT,
  `mem_id` int(11) NOT NULL,
  `prize` float(10,2) NOT NULL,
  `prize_date` datetime NOT NULL,
  `round` float(10,2) NOT NULL,
  PRIMARY KEY (`id`)
) ENGINE=InnoDB  DEFAULT CHARSET=latin1 AUTO_INCREMENT=10 ;

--
-- Dumping data for table `draw_prize`
--

INSERT INTO `draw_prize` (`id`, `mem_id`, `prize`, `prize_date`, `round`) VALUES
(1, 3, 98.00, '2017-11-25 02:01:17', 56765.00),
(2, 1, 54.00, '2017-11-25 02:53:12', 56432.00),
(3, 1, 58.00, '2017-12-02 14:26:09', 2835184.00),
(4, 2, 85.00, '2017-12-02 03:30:06', 2336278.00),
(5, 2, 8.00, '2018-07-01 12:30:56', 6684452.00),
(6, 2, 35.00, '2018-08-01 01:09:13', 8068554.00),
(7, 2, 42.00, '2018-08-16 09:17:33', 743592.00),
(8, 2, 24.00, '2018-08-16 09:17:40', 9200478.00),
(9, 1, 39.00, '2018-09-02 11:55:59', 3021366.00);

-- --------------------------------------------------------

--
-- Table structure for table `ec_accounts`
--

DROP TABLE IF EXISTS `ec_accounts`;
CREATE TABLE IF NOT EXISTS `ec_accounts` (
  `ID` int(11) NOT NULL AUTO_INCREMENT,
  `EXP_ACCOUNT` varchar(255) CHARACTER SET utf8 COLLATE utf8_unicode_ci DEFAULT NULL,
  `PRIMARY_BAL` float(10,2) NOT NULL,
  `CURRENT_BAL` float(10,2) NOT NULL,
  `COLOR_CODE_ID` tinyint(4) NOT NULL,
  `LAST_UPDATED` datetime NOT NULL,
  `USER_ID` int(11) NOT NULL,
  PRIMARY KEY (`ID`)
) ENGINE=MyISAM  DEFAULT CHARSET=latin1 AUTO_INCREMENT=21 ;

--
-- Dumping data for table `ec_accounts`
--

INSERT INTO `ec_accounts` (`ID`, `EXP_ACCOUNT`, `PRIMARY_BAL`, `CURRENT_BAL`, `COLOR_CODE_ID`, `LAST_UPDATED`, `USER_ID`) VALUES
(1, 'HOME_CASH', 15000.00, 15850.00, 1, '2019-03-16 06:20:32', 1),
(2, 'ICICI_RIN', 15000.00, 9000.00, 2, '2019-03-23 01:45:17', 1),
(3, 'ICICI', 15000.00, 1600.00, 3, '2019-03-23 01:45:05', 1),
(4, 'SBI', 15000.00, 21375.00, 4, '2019-03-16 02:02:13', 1),
(5, 'UBI', 15000.00, 33000.00, 5, '2019-03-07 11:17:22', 1),
(6, 'HDFC', 15000.00, 12000.00, 6, '2019-03-23 01:47:19', 1),
(7, 'SBI_OD', 15000.00, 70500.00, 7, '2019-03-16 02:21:40', 1),
(8, 'Aakash Bank', 15000.00, 50000.00, 8, '2019-01-30 05:21:58', 2),
(9, 'Pawna Bank', 15000.00, 15000.00, 9, '2018-09-02 11:54:40', 2),
(10, 'CREDIT_CARD', 1.00, 1.00, 10, '2019-03-01 12:00:07', 1),
(11, 'Def Account', 1000.00, 1500.00, 12, '2019-01-21 11:31:31', 3),
(13, 'Yashacc', 4000.00, 3000.00, 14, '2019-01-28 11:36:15', 3),
(14, 'SBI', 4334.00, 55.00, 19, '2019-01-28 11:32:08', 3),
(15, 'PNB', 4000.00, 444.00, 20, '2019-01-28 11:38:28', 3),
(16, 'PNB', 4000.00, 55.00, 21, '2019-01-30 05:24:13', 2),
(17, 'Personal Acoount', 0.00, 1000.00, 22, '2019-02-02 12:30:11', 4),
(18, 'Def Account', 1000.00, 500.00, 23, '2019-01-30 10:36:53', 5),
(19, 'Def Account', 1000.00, 500.00, 24, '2019-01-31 12:16:00', 6),
(20, 'Home_Account', 0.00, 200.00, 26, '2019-02-02 12:25:35', 7);

-- --------------------------------------------------------

--
-- Table structure for table `ec_color_code`
--

DROP TABLE IF EXISTS `ec_color_code`;
CREATE TABLE IF NOT EXISTS `ec_color_code` (
  `ID` int(11) NOT NULL AUTO_INCREMENT,
  `BG_COLOR` varchar(10) CHARACTER SET utf8 COLLATE utf8_unicode_ci DEFAULT NULL,
  `FONT_COLOR` varchar(10) CHARACTER SET utf8 COLLATE utf8_unicode_ci DEFAULT NULL,
  `LAST_UPDATED` datetime NOT NULL,
  `USER_ID` int(11) NOT NULL,
  PRIMARY KEY (`ID`)
) ENGINE=MyISAM  DEFAULT CHARSET=latin1 AUTO_INCREMENT=27 ;

--
-- Dumping data for table `ec_color_code`
--

INSERT INTO `ec_color_code` (`ID`, `BG_COLOR`, `FONT_COLOR`, `LAST_UPDATED`, `USER_ID`) VALUES
(1, '#CED8F6', '#000', '2017-02-13 00:00:00', 1),
(2, '#ECF6CE', '#000', '2017-03-06 00:00:00', 1),
(3, '#A9F5F2', '#000', '2017-03-06 00:00:00', 1),
(4, '#F6D8CE', '#000', '2017-03-07 00:00:00', 1),
(5, '#E1F5A9', '#000', '2017-03-14 00:00:00', 1),
(6, '#A9F5BC', '#000', '2017-03-14 00:00:00', 1),
(7, '#F3E2A9', '#000', '2017-03-27 00:00:00', 1),
(8, '#F5F5F5', '#7364A1', '2017-05-21 15:34:42', 2),
(9, '#DEECF9', '#565656', '2017-05-21 15:35:09', 2),
(10, '#FFF833', '#000', '2017-07-30 12:50:00', 1),
(11, '#E1F5A9', '#000', '2019-01-21 22:44:47', 0),
(12, '#E1F5A9', '#000', '2019-01-22 11:23:44', 3),
(17, '#efefef', '#000', '2019-01-26 04:58:14', 3),
(14, '#dedede', '#000000', '2019-01-22 09:03:54', 3),
(18, '#FF5819', '#000000', '2019-01-28 09:20:26', 3),
(19, '#B9F9FA', '#115D0D', '2019-01-28 11:31:33', 3),
(20, '#01FFE2', '#0E0105', '2019-01-28 11:44:56', 3),
(21, '#C8FF12', '#76161C', '2019-01-30 05:23:50', 2),
(22, '#E1F5A9', '#000', '2019-01-30 10:29:02', 4),
(23, '#E1F5A9', '#000', '2019-01-30 10:36:53', 5),
(24, '#E1F5A9', '#000', '2019-01-31 12:16:00', 6),
(25, '#E1F5A9', '#000', '2019-02-02 12:06:21', 7),
(26, '#00FFF7', '#040827', '2019-02-16 04:22:14', 7);

-- --------------------------------------------------------

--
-- Table structure for table `ec_debug`
--

DROP TABLE IF EXISTS `ec_debug`;
CREATE TABLE IF NOT EXISTS `ec_debug` (
  `ID` int(11) NOT NULL AUTO_INCREMENT,
  `FUNC_NAME` varchar(255) NOT NULL,
  `START_TIME` varchar(255) NOT NULL,
  `END_TIME` varchar(255) NOT NULL,
  `CALL_BY` varchar(255) NOT NULL,
  `QUERY_STR` text NOT NULL,
  `QUERY_RESULT` longblob NOT NULL,
  `USER_ID` int(11) NOT NULL,
  PRIMARY KEY (`ID`)
) ENGINE=MyISAM  DEFAULT CHARSET=latin1 AUTO_INCREMENT=730 ;

--
-- Dumping data for table `ec_debug`
--

INSERT INTO `ec_debug` (`ID`, `FUNC_NAME`, `START_TIME`, `END_TIME`, `CALL_BY`, `QUERY_STR`, `QUERY_RESULT`, `USER_ID`) VALUES
(714, '_getSectionHeader', '0.126814', '0.127408', ' << include << _ci_load << view << showMonthlyStatusCurrent', 'Showing.. Monthly Expenditure of 03-2019', 0x733a303a22223b, 1),
(715, 'sqlmodel::getActiveThemeInfo', '0.126869', '0.127408', ' << _getSectionHeader << include << _ci_load << view << showMonthlyStatusCurrent', 'SELECT t.THEME_HEADER_HTML,t.THEME_FOOTER_HTML, t.THEME_CSS, ut.ID, ut.THEME_ID, ut.ACTIVE \r\n			FROM ec_themes AS t, ec_users_themes AS ut \r\n			WHERE t.ID = ut.THEME_ID \r\n			AND ut.ACTIVE = ''Y'' \r\n			AND t.ACTIVE = ''Y''', 0x733a303a22223b, 1),
(716, '_getSectionFooter', '0.127424', '0.127937', ' << include << _ci_load << view << showMonthlyStatusCurrent', '', 0x733a303a22223b, 1),
(717, 'sqlmodel::getActiveThemeInfo', '0.127449', '0.127937', ' << _getSectionFooter << include << _ci_load << view << showMonthlyStatusCurrent', 'SELECT t.THEME_HEADER_HTML,t.THEME_FOOTER_HTML, t.THEME_CSS, ut.ID, ut.THEME_ID, ut.ACTIVE \r\n			FROM ec_themes AS t, ec_users_themes AS ut \r\n			WHERE t.ID = ut.THEME_ID \r\n			AND ut.ACTIVE = ''Y'' \r\n			AND t.ACTIVE = ''Y''', 0x733a303a22223b, 1),
(718, 'MY_Controller::load_template', '0.127952', '0.128754', ' << showMonthlyStatusCurrent', 'Theme Info', 0x733a303a22223b, 1),
(719, 'sqlmodel::getActiveThemeInfo', '0.127975', '0.128458', ' << load_template << showMonthlyStatusCurrent', 'SELECT t.THEME_HEADER_HTML,t.THEME_FOOTER_HTML, t.THEME_CSS, ut.ID, ut.THEME_ID, ut.ACTIVE \r\n			FROM ec_themes AS t, ec_users_themes AS ut \r\n			WHERE t.ID = ut.THEME_ID \r\n			AND ut.ACTIVE = ''Y'' \r\n			AND t.ACTIVE = ''Y''', 0x733a303a22223b, 1),
(720, 'sqlmodel::getAvailableThemes', '0.128473', '0.128754', ' << load_template << showMonthlyStatusCurrent', 'SELECT * \r\n			FROM ec_themes   \r\n			WHERE ACTIVE = ''Y''', 0x733a303a22223b, 1),
(721, '_getSectionHeader', '0.12878', '0.129448', ' << include << _ci_load << view << load_template << showMonthlyStatusCurrent', 'Expenditure Control System', 0x733a303a22223b, 1),
(722, 'sqlmodel::getActiveThemeInfo', '0.128815', '0.129448', ' << _getSectionHeader << include << _ci_load << view << load_template << showMonthlyStatusCurrent', 'SELECT t.THEME_HEADER_HTML,t.THEME_FOOTER_HTML, t.THEME_CSS, ut.ID, ut.THEME_ID, ut.ACTIVE \r\n			FROM ec_themes AS t, ec_users_themes AS ut \r\n			WHERE t.ID = ut.THEME_ID \r\n			AND ut.ACTIVE = ''Y'' \r\n			AND t.ACTIVE = ''Y''', 0x733a303a22223b, 1),
(723, '_getSectionFooter', '0.129463', '0.13084', ' << include << _ci_load << view << load_template << showMonthlyStatusCurrent', '', 0x733a303a22223b, 1),
(724, 'sqlmodel::getActiveThemeInfo', '0.129501', '0.13084', ' << _getSectionFooter << include << _ci_load << view << load_template << showMonthlyStatusCurrent', 'SELECT t.THEME_HEADER_HTML,t.THEME_FOOTER_HTML, t.THEME_CSS, ut.ID, ut.THEME_ID, ut.ACTIVE \r\n			FROM ec_themes AS t, ec_users_themes AS ut \r\n			WHERE t.ID = ut.THEME_ID \r\n			AND ut.ACTIVE = ''Y'' \r\n			AND t.ACTIVE = ''Y''', 0x733a303a22223b, 1),
(725, '_getOptionLinkHtml', '0.130858', '0.130892', ' << _debugScriptForErrors << load_template << showMonthlyStatusCurrent', '', 0x613a333a7b733a31343a2253686f772046756e6374696f6e73223b733a34343a222f73686f774d6f6e74686c7953746174757343757272656e742f3f73686f774d6f6e74683d30332d32303139223b733a32323a2253686f772046756e6374696f6e732026205175657279223b733a34343a222f73686f774d6f6e74686c7953746174757343757272656e742f3f73686f774d6f6e74683d30332d32303139223b733a33303a2253686f772046756e6374696f6e732c205175657279202620526573756c74223b733a34343a222f73686f774d6f6e74686c7953746174757343757272656e742f3f73686f774d6f6e74683d30332d32303139223b7d, 1),
(726, '_getSectionHeader', '0.130906', '0.131416', ' << _debugScriptForErrors << load_template << showMonthlyStatusCurrent', 'Function Trace:', 0x733a303a22223b, 1),
(727, 'sqlmodel::getActiveThemeInfo', '0.130929', '0.131416', ' << _getSectionHeader << _debugScriptForErrors << load_template << showMonthlyStatusCurrent', 'SELECT t.THEME_HEADER_HTML,t.THEME_FOOTER_HTML, t.THEME_CSS, ut.ID, ut.THEME_ID, ut.ACTIVE \r\n			FROM ec_themes AS t, ec_users_themes AS ut \r\n			WHERE t.ID = ut.THEME_ID \r\n			AND ut.ACTIVE = ''Y'' \r\n			AND t.ACTIVE = ''Y''', 0x733a303a22223b, 1),
(728, '_getSectionFooter', '0.131432', '0.131932', ' << _debugScriptForErrors << load_template << showMonthlyStatusCurrent', '', 0x733a303a22223b, 1),
(729, 'sqlmodel::getActiveThemeInfo', '0.131455', '0.131932', ' << _getSectionFooter << _debugScriptForErrors << load_template << showMonthlyStatusCurrent', 'SELECT t.THEME_HEADER_HTML,t.THEME_FOOTER_HTML, t.THEME_CSS, ut.ID, ut.THEME_ID, ut.ACTIVE \r\n			FROM ec_themes AS t, ec_users_themes AS ut \r\n			WHERE t.ID = ut.THEME_ID \r\n			AND ut.ACTIVE = ''Y'' \r\n			AND t.ACTIVE = ''Y''', 0x733a303a22223b, 1);
INSERT INTO `ec_debug` (`ID`, `FUNC_NAME`, `START_TIME`, `END_TIME`, `CALL_BY`, `QUERY_STR`, `QUERY_RESULT`, `USER_ID`) VALUES
(713, 'sqlmodel::getMonthlyData', '0.073769', '0.126789', ' << showMonthlyStatusCurrent', '', 0x613a35383a7b693a303b613a31363a7b733a31333a226974656d5f6d6f6e5f79656172223b733a373a2230332d32303139223b733a373a226974656d5f6964223b733a313a2236223b733a393a226974656d5f6e616d65223b733a343a2242796565223b733a31313a226974656d5f6361745f6964223b733a313a2232223b733a383a226974656d5f636174223b733a383a22486f6d6520457870223b733a373a227061795f646179223b733a313a2232223b733a31323a226c6173745f75706461746564223b733a31393a22323031392d30332d30312031323a30343a3531223b733a373a22616363745f6964223b733a313a2231223b733a393a22616363745f6e616d65223b733a393a22484f4d455f43415348223b733a373a226578705f617272223b613a313a7b693a303b613a363a7b733a323a224944223b733a343a2232303535223b733a31313a224558505f4954454d5f4944223b733a313a2236223b733a373a224558505f414d54223b733a373a22313430302e3030223b733a383a224558505f534c4f54223b733a313a2231223b733a383a224558505f44415445223b733a31393a22323031392d30332d30312031323a30343a3531223b733a353a22736c5f6e6f223b693a313b7d7d733a383a226465706f5f616d74223b733a373a22313430302e3030223b733a31333a22616c6c6f636174696f6e5f6964223b733a343a2231383437223b733a31333a22617661696c61626c655f616d74223b643a303b733a393a22746f74616c5f657870223b643a313430303b733a383a2262675f636f6c6f72223b733a373a2223434544384636223b733a31303a22666f6e745f636f6c6f72223b733a343a2223303030223b7d693a313b613a31363a7b733a31333a226974656d5f6d6f6e5f79656172223b733a373a2230332d32303139223b733a373a226974656d5f6964223b733a313a2238223b733a393a226974656d5f6e616d65223b733a353a2244686f6269223b733a31313a226974656d5f6361745f6964223b733a313a2232223b733a383a226974656d5f636174223b733a383a22486f6d6520457870223b733a373a227061795f646179223b733a323a223238223b733a31323a226c6173745f75706461746564223b733a31393a22323031392d30332d30312030313a33383a3138223b733a373a22616363745f6964223b733a313a2231223b733a393a22616363745f6e616d65223b733a393a22484f4d455f43415348223b733a373a226578705f617272223b613a313a7b693a303b613a363a7b733a323a224944223b733a343a2232303537223b733a31313a224558505f4954454d5f4944223b733a313a2238223b733a373a224558505f414d54223b733a363a223230302e3030223b733a383a224558505f534c4f54223b733a313a2231223b733a383a224558505f44415445223b733a31393a22323031392d30332d30312030313a33383a3138223b733a353a22736c5f6e6f223b693a313b7d7d733a383a226465706f5f616d74223b733a363a223235302e3030223b733a31333a22616c6c6f636174696f6e5f6964223b733a343a2231383439223b733a31333a22617661696c61626c655f616d74223b643a35303b733a393a22746f74616c5f657870223b643a3230303b733a383a2262675f636f6c6f72223b733a373a2223434544384636223b733a31303a22666f6e745f636f6c6f72223b733a343a2223303030223b7d693a323b613a31363a7b733a31333a226974656d5f6d6f6e5f79656172223b733a373a2230332d32303139223b733a373a226974656d5f6964223b733a333a22313030223b733a393a226974656d5f6e616d65223b733a32353a22484f4d455f43415348205245435f46656231395f4a756e3139223b733a31313a226974656d5f6361745f6964223b733a313a2234223b733a383a226974656d5f636174223b733a393a22526563757272696e67223b733a373a227061795f646179223b733a313a2232223b733a31323a226c6173745f75706461746564223b733a31393a22323031392d30332d30312031323a30343a3538223b733a373a22616363745f6964223b733a313a2231223b733a393a22616363745f6e616d65223b733a393a22484f4d455f43415348223b733a373a226578705f617272223b613a313a7b693a303b613a363a7b733a323a224944223b733a343a2232313036223b733a31313a224558505f4954454d5f4944223b733a333a22313030223b733a373a224558505f414d54223b733a373a22363030302e3030223b733a383a224558505f534c4f54223b733a313a2231223b733a383a224558505f44415445223b733a31393a22323031392d30332d30312031323a30343a3538223b733a353a22736c5f6e6f223b693a313b7d7d733a383a226465706f5f616d74223b733a373a22363030302e3030223b733a31333a22616c6c6f636174696f6e5f6964223b733a343a2231383938223b733a31333a22617661696c61626c655f616d74223b643a303b733a393a22746f74616c5f657870223b643a363030303b733a383a2262675f636f6c6f72223b733a373a2223434544384636223b733a31303a22666f6e745f636f6c6f72223b733a343a2223303030223b7d693a333b613a31363a7b733a31333a226974656d5f6d6f6e5f79656172223b733a373a2230332d32303139223b733a373a226974656d5f6964223b733a313a2234223b733a393a226974656d5f6e616d65223b733a343a224d696c6b223b733a31313a226974656d5f6361745f6964223b733a313a2232223b733a383a226974656d5f636174223b733a383a22486f6d6520457870223b733a373a227061795f646179223b733a313a2232223b733a31323a226c6173745f75706461746564223b733a31393a22323031392d30332d30312031323a30353a3034223b733a373a22616363745f6964223b733a313a2231223b733a393a22616363745f6e616d65223b733a393a22484f4d455f43415348223b733a373a226578705f617272223b613a313a7b693a303b613a363a7b733a323a224944223b733a343a2232303533223b733a31313a224558505f4954454d5f4944223b733a313a2234223b733a373a224558505f414d54223b733a373a22313430302e3030223b733a383a224558505f534c4f54223b733a313a2231223b733a383a224558505f44415445223b733a31393a22323031392d30332d30312031323a30353a3034223b733a353a22736c5f6e6f223b693a313b7d7d733a383a226465706f5f616d74223b733a373a22313430302e3030223b733a31333a22616c6c6f636174696f6e5f6964223b733a343a2231383435223b733a31333a22617661696c61626c655f616d74223b643a303b733a393a22746f74616c5f657870223b643a313430303b733a383a2262675f636f6c6f72223b733a373a2223434544384636223b733a31303a22666f6e745f636f6c6f72223b733a343a2223303030223b7d693a343b613a31363a7b733a31333a226974656d5f6d6f6e5f79656172223b733a373a2230332d32303139223b733a373a226974656d5f6964223b733a313a2235223b733a393a226974656d5f6e616d65223b733a353a2252696e6b75223b733a31313a226974656d5f6361745f6964223b733a313a2232223b733a383a226974656d5f636174223b733a383a22486f6d6520457870223b733a373a227061795f646179223b733a313a2232223b733a31323a226c6173745f75706461746564223b733a31393a22323031392d30332d30312031323a30353a3038223b733a373a22616363745f6964223b733a313a2231223b733a393a22616363745f6e616d65223b733a393a22484f4d455f43415348223b733a373a226578705f617272223b613a313a7b693a303b613a363a7b733a323a224944223b733a343a2232303534223b733a31313a224558505f4954454d5f4944223b733a313a2235223b733a373a224558505f414d54223b733a373a22313030302e3030223b733a383a224558505f534c4f54223b733a313a2231223b733a383a224558505f44415445223b733a31393a22323031392d30332d30312031323a30353a3038223b733a353a22736c5f6e6f223b693a313b7d7d733a383a226465706f5f616d74223b733a373a22313030302e3030223b733a31333a22616c6c6f636174696f6e5f6964223b733a343a2231383436223b733a31333a22617661696c61626c655f616d74223b643a303b733a393a22746f74616c5f657870223b643a313030303b733a383a2262675f636f6c6f72223b733a373a2223434544384636223b733a31303a22666f6e745f636f6c6f72223b733a343a2223303030223b7d693a353b613a31363a7b733a31333a226974656d5f6d6f6e5f79656172223b733a373a2230332d32303139223b733a373a226974656d5f6964223b733a313a2237223b733a393a226974656d5f6e616d65223b733a343a22536f6e75223b733a31313a226974656d5f6361745f6964223b733a313a2232223b733a383a226974656d5f636174223b733a383a22486f6d6520457870223b733a373a227061795f646179223b733a313a2232223b733a31323a226c6173745f75706461746564223b733a31393a22323031392d30332d30312031323a30353a3133223b733a373a22616363745f6964223b733a313a2231223b733a393a22616363745f6e616d65223b733a393a22484f4d455f43415348223b733a373a226578705f617272223b613a313a7b693a303b613a363a7b733a323a224944223b733a343a2232303536223b733a31313a224558505f4954454d5f4944223b733a313a2237223b733a373a224558505f414d54223b733a363a223230302e3030223b733a383a224558505f534c4f54223b733a313a2231223b733a383a224558505f44415445223b733a31393a22323031392d30332d30312031323a30353a3133223b733a353a22736c5f6e6f223b693a313b7d7d733a383a226465706f5f616d74223b733a363a223230302e3030223b733a31333a22616c6c6f636174696f6e5f6964223b733a343a2231383438223b733a31333a22617661696c61626c655f616d74223b643a303b733a393a22746f74616c5f657870223b643a3230303b733a383a2262675f636f6c6f72223b733a373a2223434544384636223b733a31303a22666f6e745f636f6c6f72223b733a343a2223303030223b7d693a363b613a31363a7b733a31333a226974656d5f6d6f6e5f79656172223b733a373a2230332d32303139223b733a373a226974656d5f6964223b733a313a2233223b733a393a226974656d5f6e616d65223b733a31323a22536f6e7520547574696f6e73223b733a31313a226974656d5f6361745f6964223b733a313a2231223b733a383a226974656d5f636174223b733a363a225363686f6f6c223b733a373a227061795f646179223b733a313a2230223b733a31323a226c6173745f75706461746564223b733a31393a22323031392d30332d30312030303a30303a3030223b733a373a22616363745f6964223b733a313a2231223b733a393a22616363745f6e616d65223b733a393a22484f4d455f43415348223b733a373a226578705f617272223b613a313a7b693a303b613a363a7b733a323a224944223b733a343a2232303532223b733a31313a224558505f4954454d5f4944223b733a313a2233223b733a373a224558505f414d54223b733a343a22302e3030223b733a383a224558505f534c4f54223b733a313a2231223b733a383a224558505f44415445223b733a31393a22323031392d30332d30312030303a30303a3030223b733a353a22736c5f6e6f223b693a313b7d7d733a383a226465706f5f616d74223b733a363a223630302e3030223b733a31333a22616c6c6f636174696f6e5f6964223b733a343a2231383434223b733a31333a22617661696c61626c655f616d74223b643a3630303b733a393a22746f74616c5f657870223b643a303b733a383a2262675f636f6c6f72223b733a373a2223434544384636223b733a31303a22666f6e745f636f6c6f72223b733a343a2223303030223b7d693a373b613a31363a7b733a31333a226974656d5f6d6f6e5f79656172223b733a373a2230332d32303139223b733a373a226974656d5f6964223b733a323a223230223b733a393a226974656d5f6e616d65223b733a32353a2249434943495f52494e205245435f41707231385f4170723139223b733a31313a226974656d5f6361745f6964223b733a313a2234223b733a383a226974656d5f636174223b733a393a22526563757272696e67223b733a373a227061795f646179223b733a313a2233223b733a31323a226c6173745f75706461746564223b733a31393a22323031392d30332d30312030313a31393a3238223b733a373a22616363745f6964223b733a313a2232223b733a393a22616363745f6e616d65223b733a393a2249434943495f52494e223b733a373a226578705f617272223b613a313a7b693a303b613a363a7b733a323a224944223b733a343a2232303635223b733a31313a224558505f4954454d5f4944223b733a323a223230223b733a373a224558505f414d54223b733a373a22333030302e3030223b733a383a224558505f534c4f54223b733a313a2231223b733a383a224558505f44415445223b733a31393a22323031392d30332d30312030313a31393a3238223b733a353a22736c5f6e6f223b693a313b7d7d733a383a226465706f5f616d74223b733a373a22333030302e3030223b733a31333a22616c6c6f636174696f6e5f6964223b733a343a2231383537223b733a31333a22617661696c61626c655f616d74223b643a303b733a393a22746f74616c5f657870223b643a333030303b733a383a2262675f636f6c6f72223b733a373a2223454346364345223b733a31303a22666f6e745f636f6c6f72223b733a343a2223303030223b7d693a383b613a31363a7b733a31333a226974656d5f6d6f6e5f79656172223b733a373a2230332d32303139223b733a373a226974656d5f6964223b733a323a223231223b733a393a226974656d5f6e616d65223b733a32353a2249434943495f52494e205245435f41756731385f4175673139223b733a31313a226974656d5f6361745f6964223b733a313a2234223b733a383a226974656d5f636174223b733a393a22526563757272696e67223b733a373a227061795f646179223b733a313a2233223b733a31323a226c6173745f75706461746564223b733a31393a22323031392d30332d30312030313a31393a3238223b733a373a22616363745f6964223b733a313a2232223b733a393a22616363745f6e616d65223b733a393a2249434943495f52494e223b733a373a226578705f617272223b613a313a7b693a303b613a363a7b733a323a224944223b733a343a2232303636223b733a31313a224558505f4954454d5f4944223b733a323a223231223b733a373a224558505f414d54223b733a373a22333030302e3030223b733a383a224558505f534c4f54223b733a313a2231223b733a383a224558505f44415445223b733a31393a22323031392d30332d30312030313a31393a3238223b733a353a22736c5f6e6f223b693a313b7d7d733a383a226465706f5f616d74223b733a373a22333030302e3030223b733a31333a22616c6c6f636174696f6e5f6964223b733a343a2231383538223b733a31333a22617661696c61626c655f616d74223b643a303b733a393a22746f74616c5f657870223b643a333030303b733a383a2262675f636f6c6f72223b733a373a2223454346364345223b733a31303a22666f6e745f636f6c6f72223b733a343a2223303030223b7d693a393b613a31363a7b733a31333a226974656d5f6d6f6e5f79656172223b733a373a2230332d32303139223b733a373a226974656d5f6964223b733a323a223134223b733a393a226974656d5f6e616d65223b733a31333a2250686f6e65202d2052696e6b75223b733a31313a226974656d5f6361745f6964223b733a313a2232223b733a383a226974656d5f636174223b733a383a22486f6d6520457870223b733a373a227061795f646179223b733a323a223230223b733a31323a226c6173745f75706461746564223b733a31393a22323031392d30332d30312030313a33363a3036223b733a373a22616363745f6964223b733a313a2232223b733a393a22616363745f6e616d65223b733a393a2249434943495f52494e223b733a373a226578705f617272223b613a313a7b693a303b613a363a7b733a323a224944223b733a343a2232303539223b733a31313a224558505f4954454d5f4944223b733a323a223134223b733a373a224558505f414d54223b733a363a223530302e3030223b733a383a224558505f534c4f54223b733a313a2231223b733a383a224558505f44415445223b733a31393a22323031392d30332d30312030313a33363a3036223b733a353a22736c5f6e6f223b693a313b7d7d733a383a226465706f5f616d74223b733a363a223530302e3030223b733a31333a22616c6c6f636174696f6e5f6964223b733a343a2231383531223b733a31333a22617661696c61626c655f616d74223b643a303b733a393a22746f74616c5f657870223b643a3530303b733a383a2262675f636f6c6f72223b733a373a2223454346364345223b733a31303a22666f6e745f636f6c6f72223b733a343a2223303030223b7d693a31303b613a31363a7b733a31333a226974656d5f6d6f6e5f79656172223b733a373a2230332d32303139223b733a373a226974656d5f6964223b733a323a223133223b733a393a226974656d5f6e616d65223b733a31373a225665672d4e6f6e7665672d467275697473223b733a31313a226974656d5f6361745f6964223b733a313a2232223b733a383a226974656d5f636174223b733a383a22486f6d6520457870223b733a373a227061795f646179223b733a323a223238223b733a31323a226c6173745f75706461746564223b733a31393a22323031392d30332d30312030313a33373a3531223b733a373a22616363745f6964223b733a313a2232223b733a393a22616363745f6e616d65223b733a393a2249434943495f52494e223b733a373a226578705f617272223b613a343a7b693a303b613a363a7b733a323a224944223b733a343a2232303538223b733a31313a224558505f4954454d5f4944223b733a323a223133223b733a373a224558505f414d54223b733a363a223530302e3030223b733a383a224558505f534c4f54223b733a313a2231223b733a383a224558505f44415445223b733a31393a22323031392d30332d30312030313a33373a3531223b733a353a22736c5f6e6f223b693a313b7d693a313b613a363a7b733a323a224944223b733a343a2232313132223b733a31313a224558505f4954454d5f4944223b733a323a223133223b733a373a224558505f414d54223b733a363a223530302e3030223b733a383a224558505f534c4f54223b733a313a2232223b733a383a224558505f44415445223b733a31393a22323031392d30332d30312030313a33373a3531223b733a353a22736c5f6e6f223b693a323b7d693a323b613a363a7b733a323a224944223b733a343a2232313133223b733a31313a224558505f4954454d5f4944223b733a323a223133223b733a373a224558505f414d54223b733a373a22313030302e3030223b733a383a224558505f534c4f54223b733a313a2233223b733a383a224558505f44415445223b733a31393a22323031392d30332d30312030313a33373a3531223b733a353a22736c5f6e6f223b693a333b7d693a333b613a363a7b733a323a224944223b733a343a2232313230223b733a31313a224558505f4954454d5f4944223b733a323a223133223b733a373a224558505f414d54223b733a363a223530302e3030223b733a383a224558505f534c4f54223b733a313a2234223b733a383a224558505f44415445223b733a31393a22323031392d30332d30312030313a33373a3531223b733a353a22736c5f6e6f223b693a343b7d7d733a383a226465706f5f616d74223b733a373a22333030302e3030223b733a31333a22616c6c6f636174696f6e5f6964223b733a343a2231383530223b733a31333a22617661696c61626c655f616d74223b643a3530303b733a393a22746f74616c5f657870223b643a323530303b733a383a2262675f636f6c6f72223b733a373a2223454346364345223b733a31303a22666f6e745f636f6c6f72223b733a343a2223303030223b7d693a31313b613a31363a7b733a31333a226974656d5f6d6f6e5f79656172223b733a373a2230332d32303139223b733a373a226974656d5f6964223b733a323a223939223b733a393a226974656d5f6e616d65223b733a32313a224943494349205245435f46656231395f4e6f763139223b733a31313a226974656d5f6361745f6964223b733a313a2234223b733a383a226974656d5f636174223b733a393a22526563757272696e67223b733a373a227061795f646179223b733a313a2232223b733a31323a226c6173745f75706461746564223b733a31393a22323031392d30332d30312030313a30333a3133223b733a373a22616363745f6964223b733a313a2233223b733a393a22616363745f6e616d65223b733a353a224943494349223b733a373a226578705f617272223b613a313a7b693a303b613a363a7b733a323a224944223b733a343a2232313035223b733a31313a224558505f4954454d5f4944223b733a323a223939223b733a373a224558505f414d54223b733a373a22353030302e3030223b733a383a224558505f534c4f54223b733a313a2231223b733a383a224558505f44415445223b733a31393a22323031392d30332d30312030313a30333a3133223b733a353a22736c5f6e6f223b693a313b7d7d733a383a226465706f5f616d74223b733a373a22353030302e3030223b733a31333a22616c6c6f636174696f6e5f6964223b733a343a2231383937223b733a31333a22617661696c61626c655f616d74223b643a303b733a393a22746f74616c5f657870223b643a353030303b733a383a2262675f636f6c6f72223b733a373a2223413946354632223b733a31303a22666f6e745f636f6c6f72223b733a343a2223303030223b7d693a31323b613a31363a7b733a31333a226974656d5f6d6f6e5f79656172223b733a373a2230332d32303139223b733a373a226974656d5f6964223b733a323a223739223b733a393a226974656d5f6e616d65223b733a32313a224943494349205245435f4a616e31395f4a616e3230223b733a31313a226974656d5f6361745f6964223b733a313a2234223b733a383a226974656d5f636174223b733a393a22526563757272696e67223b733a373a227061795f646179223b733a313a2233223b733a31323a226c6173745f75706461746564223b733a31393a22323031392d30332d30312030313a31393a3238223b733a373a22616363745f6964223b733a313a2233223b733a393a22616363745f6e616d65223b733a353a224943494349223b733a373a226578705f617272223b613a313a7b693a303b613a363a7b733a323a224944223b733a343a2232313033223b733a31313a224558505f4954454d5f4944223b733a323a223739223b733a373a224558505f414d54223b733a373a22333530302e3030223b733a383a224558505f534c4f54223b733a313a2231223b733a383a224558505f44415445223b733a31393a22323031392d30332d30312030313a31393a3238223b733a353a22736c5f6e6f223b693a313b7d7d733a383a226465706f5f616d74223b733a373a22333530302e3030223b733a31333a22616c6c6f636174696f6e5f6964223b733a343a2231383935223b733a31333a22617661696c61626c655f616d74223b643a303b733a393a22746f74616c5f657870223b643a333530303b733a383a2262675f636f6c6f72223b733a373a2223413946354632223b733a31303a22666f6e745f636f6c6f72223b733a343a2223303030223b7d693a31333b613a31363a7b733a31333a226974656d5f6d6f6e5f79656172223b733a373a2230332d32303139223b733a373a226974656d5f6964223b733a323a223332223b733a393a226974656d5f6e616d65223b733a32313a224943494349205245435f4a756c31385f4a756c3139223b733a31313a226974656d5f6361745f6964223b733a313a2234223b733a383a226974656d5f636174223b733a393a22526563757272696e67223b733a373a227061795f646179223b733a313a2233223b733a31323a226c6173745f75706461746564223b733a31393a22323031392d30332d30312030313a31393a3238223b733a373a22616363745f6964223b733a313a2233223b733a393a22616363745f6e616d65223b733a353a224943494349223b733a373a226578705f617272223b613a313a7b693a303b613a363a7b733a323a224944223b733a343a2232303730223b733a31313a224558505f4954454d5f4944223b733a323a223332223b733a373a224558505f414d54223b733a373a22333030302e3030223b733a383a224558505f534c4f54223b733a313a2231223b733a383a224558505f44415445223b733a31393a22323031392d30332d30312030313a31393a3238223b733a353a22736c5f6e6f223b693a313b7d7d733a383a226465706f5f616d74223b733a373a22333030302e3030223b733a31333a22616c6c6f636174696f6e5f6964223b733a343a2231383632223b733a31333a22617661696c61626c655f616d74223b643a303b733a393a22746f74616c5f657870223b643a333030303b733a383a2262675f636f6c6f72223b733a373a2223413946354632223b733a31303a22666f6e745f636f6c6f72223b733a343a2223303030223b7d693a31343b613a31363a7b733a31333a226974656d5f6d6f6e5f79656172223b733a373a2230332d32303139223b733a373a226974656d5f6964223b733a323a223137223b733a393a226974656d5f6e616d65223b733a363a224f6666696365223b733a31313a226974656d5f6361745f6964223b733a313a2232223b733a383a226974656d5f636174223b733a383a22486f6d6520457870223b733a373a227061795f646179223b733a313a2230223b733a31323a226c6173745f75706461746564223b733a31393a22323031392d30332d30312030313a33393a3332223b733a373a22616363745f6964223b733a313a2233223b733a393a22616363745f6e616d65223b733a353a224943494349223b733a373a226578705f617272223b613a333a7b693a303b613a363a7b733a323a224944223b733a343a2232303632223b733a31313a224558505f4954454d5f4944223b733a323a223137223b733a373a224558505f414d54223b733a363a223230302e3030223b733a383a224558505f534c4f54223b733a313a2231223b733a383a224558505f44415445223b733a31393a22323031392d30332d30312030313a33393a3332223b733a353a22736c5f6e6f223b693a313b7d693a313b613a363a7b733a323a224944223b733a343a2232313130223b733a31313a224558505f4954454d5f4944223b733a323a223137223b733a373a224558505f414d54223b733a363a223330302e3030223b733a383a224558505f534c4f54223b733a313a2232223b733a383a224558505f44415445223b733a31393a22323031392d30332d30312030313a33393a3332223b733a353a22736c5f6e6f223b693a323b7d693a323b613a363a7b733a323a224944223b733a343a2232313231223b733a31313a224558505f4954454d5f4944223b733a323a223137223b733a373a224558505f414d54223b733a363a223330302e3030223b733a383a224558505f534c4f54223b733a313a2233223b733a383a224558505f44415445223b733a31393a22323031392d30332d30312030313a33393a3332223b733a353a22736c5f6e6f223b693a333b7d7d733a383a226465706f5f616d74223b733a373a22313030302e3030223b733a31333a22616c6c6f636174696f6e5f6964223b733a343a2231383534223b733a31333a22617661696c61626c655f616d74223b643a3230303b733a393a22746f74616c5f657870223b643a3830303b733a383a2262675f636f6c6f72223b733a373a2223413946354632223b733a31303a22666f6e745f636f6c6f72223b733a343a2223303030223b7d693a31353b613a31363a7b733a31333a226974656d5f6d6f6e5f79656172223b733a373a2230332d32303139223b733a373a226974656d5f6964223b733a323a223236223b733a393a226974656d5f6e616d65223b733a31343a2250686f6e65202d2041616b617368223b733a31313a226974656d5f6361745f6964223b733a313a2232223b733a383a226974656d5f636174223b733a383a22486f6d6520457870223b733a373a227061795f646179223b733a313a2230223b733a31323a226c6173745f75706461746564223b733a31393a22323031392d30332d30312030323a30383a3236223b733a373a22616363745f6964223b733a313a2233223b733a393a22616363745f6e616d65223b733a353a224943494349223b733a373a226578705f617272223b613a313a7b693a303b613a363a7b733a323a224944223b733a343a2232303638223b733a31313a224558505f4954454d5f4944223b733a323a223236223b733a373a224558505f414d54223b733a363a223131372e3030223b733a383a224558505f534c4f54223b733a313a2231223b733a383a224558505f44415445223b733a31393a22323031392d30332d30312030323a30383a3236223b733a353a22736c5f6e6f223b693a313b7d7d733a383a226465706f5f616d74223b733a363a223530302e3030223b733a31333a22616c6c6f636174696f6e5f6964223b733a343a2231383630223b733a31333a22617661696c61626c655f616d74223b643a3338333b733a393a22746f74616c5f657870223b643a3131373b733a383a2262675f636f6c6f72223b733a373a2223413946354632223b733a31303a22666f6e745f636f6c6f72223b733a343a2223303030223b7d693a31363b613a31363a7b733a31333a226974656d5f6d6f6e5f79656172223b733a373a2230332d32303139223b733a373a226974656d5f6964223b733a323a223333223b733a393a226974656d5f6e616d65223b733a31333a2253424920486f6d65204c6f616e223b733a31313a226974656d5f6361745f6964223b733a313a2235223b733a383a226974656d5f636174223b733a343a224c6f616e223b733a373a227061795f646179223b733a323a223135223b733a31323a226c6173745f75706461746564223b733a31393a22323031392d30332d30312030323a30323a3133223b733a373a22616363745f6964223b733a313a2234223b733a393a22616363745f6e616d65223b733a333a22534249223b733a373a226578705f617272223b613a313a7b693a303b613a363a7b733a323a224944223b733a343a2232303731223b733a31313a224558505f4954454d5f4944223b733a323a223333223b733a373a224558505f414d54223b733a383a2232343135342e3030223b733a383a224558505f534c4f54223b733a313a2231223b733a383a224558505f44415445223b733a31393a22323031392d30332d30312030323a30323a3133223b733a353a22736c5f6e6f223b693a313b7d7d733a383a226465706f5f616d74223b733a383a2232343135342e3030223b733a31333a22616c6c6f636174696f6e5f6964223b733a343a2231383633223b733a31333a22617661696c61626c655f616d74223b643a303b733a393a22746f74616c5f657870223b643a32343135343b733a383a2262675f636f6c6f72223b733a373a2223463644384345223b733a31303a22666f6e745f636f6c6f72223b733a343a2223303030223b7d693a31373b613a31363a7b733a31333a226974656d5f6d6f6e5f79656172223b733a373a2230332d32303139223b733a373a226974656d5f6964223b733a323a223338223b733a393a226974656d5f6e616d65223b733a31393a22534249205245435f53657031385f5365703139223b733a31313a226974656d5f6361745f6964223b733a313a2234223b733a383a226974656d5f636174223b733a393a22526563757272696e67223b733a373a227061795f646179223b733a323a223135223b733a31323a226c6173745f75706461746564223b733a31393a22323031392d30332d30312030323a30323a3133223b733a373a22616363745f6964223b733a313a2234223b733a393a22616363745f6e616d65223b733a333a22534249223b733a373a226578705f617272223b613a313a7b693a303b613a363a7b733a323a224944223b733a343a2232303734223b733a31313a224558505f4954454d5f4944223b733a323a223338223b733a373a224558505f414d54223b733a373a22323030302e3030223b733a383a224558505f534c4f54223b733a313a2231223b733a383a224558505f44415445223b733a31393a22323031392d30332d30312030323a30323a3133223b733a353a22736c5f6e6f223b693a313b7d7d733a383a226465706f5f616d74223b733a373a22323030302e3030223b733a31333a22616c6c6f636174696f6e5f6964223b733a343a2231383636223b733a31333a22617661696c61626c655f616d74223b643a303b733a393a22746f74616c5f657870223b643a323030303b733a383a2262675f636f6c6f72223b733a373a2223463644384345223b733a31303a22666f6e745f636f6c6f72223b733a343a2223303030223b7d693a31383b613a31363a7b733a31333a226974656d5f6d6f6e5f79656172223b733a373a2230332d32303139223b733a373a226974656d5f6964223b733a323a223334223b733a393a226974656d5f6e616d65223b733a393a2253424920544f505550223b733a31313a226974656d5f6361745f6964223b733a313a2235223b733a383a226974656d5f636174223b733a343a224c6f616e223b733a373a227061795f646179223b733a323a223135223b733a31323a226c6173745f75706461746564223b733a31393a22323031392d30332d30312030323a30323a3133223b733a373a22616363745f6964223b733a313a2234223b733a393a22616363745f6e616d65223b733a333a22534249223b733a373a226578705f617272223b613a313a7b693a303b613a363a7b733a323a224944223b733a343a2232303732223b733a31313a224558505f4954454d5f4944223b733a323a223334223b733a373a224558505f414d54223b733a373a22363437312e3030223b733a383a224558505f534c4f54223b733a313a2231223b733a383a224558505f44415445223b733a31393a22323031392d30332d30312030323a30323a3133223b733a353a22736c5f6e6f223b693a313b7d7d733a383a226465706f5f616d74223b733a373a22363437312e3030223b733a31333a22616c6c6f636174696f6e5f6964223b733a343a2231383634223b733a31333a22617661696c61626c655f616d74223b643a303b733a393a22746f74616c5f657870223b643a363437313b733a383a2262675f636f6c6f72223b733a373a2223463644384345223b733a31303a22666f6e745f636f6c6f72223b733a343a2223303030223b7d693a31393b613a31363a7b733a31333a226974656d5f6d6f6e5f79656172223b733a373a2230332d32303139223b733a373a226974656d5f6964223b733a323a223430223b733a393a226974656d5f6e616d65223b733a373a224c49435f554249223b733a31313a226974656d5f6361745f6964223b733a313a2236223b733a383a226974656d5f636174223b733a393a22496e737572616e6365223b733a373a227061795f646179223b733a313a2237223b733a31323a226c6173745f75706461746564223b733a31393a22323031392d30332d30312031313a31373a3232223b733a373a22616363745f6964223b733a313a2235223b733a393a22616363745f6e616d65223b733a333a22554249223b733a373a226578705f617272223b613a313a7b693a303b613a363a7b733a323a224944223b733a343a2232303735223b733a31313a224558505f4954454d5f4944223b733a323a223430223b733a373a224558505f414d54223b733a373a22343030302e3030223b733a383a224558505f534c4f54223b733a313a2231223b733a383a224558505f44415445223b733a31393a22323031392d30332d30312031313a31373a3232223b733a353a22736c5f6e6f223b693a313b7d7d733a383a226465706f5f616d74223b733a373a22343030302e3030223b733a31333a22616c6c6f636174696f6e5f6964223b733a343a2231383637223b733a31333a22617661696c61626c655f616d74223b643a303b733a393a22746f74616c5f657870223b643a343030303b733a383a2262675f636f6c6f72223b733a373a2223453146354139223b733a31303a22666f6e745f636f6c6f72223b733a343a2223303030223b7d693a32303b613a31363a7b733a31333a226974656d5f6d6f6e5f79656172223b733a373a2230332d32303139223b733a373a226974656d5f6964223b733a323a223237223b733a393a226974656d5f6e616d65223b733a31363a22456c6563747269636974792042696c6c223b733a31313a226974656d5f6361745f6964223b733a313a2232223b733a383a226974656d5f636174223b733a383a22486f6d6520457870223b733a373a227061795f646179223b733a323a223139223b733a31323a226c6173745f75706461746564223b733a31393a22323031392d30332d30312030313a30333a3133223b733a373a22616363745f6964223b733a313a2236223b733a393a22616363745f6e616d65223b733a343a2248444643223b733a373a226578705f617272223b613a313a7b693a303b613a363a7b733a323a224944223b733a343a2232303639223b733a31313a224558505f4954454d5f4944223b733a323a223237223b733a373a224558505f414d54223b733a373a22313030302e3030223b733a383a224558505f534c4f54223b733a313a2231223b733a383a224558505f44415445223b733a31393a22323031392d30332d30312030313a30333a3133223b733a353a22736c5f6e6f223b693a313b7d7d733a383a226465706f5f616d74223b733a373a22313030302e3030223b733a31333a22616c6c6f636174696f6e5f6964223b733a343a2231383631223b733a31333a22617661696c61626c655f616d74223b643a303b733a393a22746f74616c5f657870223b643a313030303b733a383a2262675f636f6c6f72223b733a373a2223413946354243223b733a31303a22666f6e745f636f6c6f72223b733a343a2223303030223b7d693a32313b613a31363a7b733a31333a226974656d5f6d6f6e5f79656172223b733a373a2230332d32303139223b733a373a226974656d5f6964223b733a323a223438223b733a393a226974656d5f6e616d65223b733a32303a2248444643205245435f41756731385f4175673139223b733a31313a226974656d5f6361745f6964223b733a313a2234223b733a383a226974656d5f636174223b733a393a22526563757272696e67223b733a373a227061795f646179223b733a323a223139223b733a31323a226c6173745f75706461746564223b733a31393a22323031392d30332d30312030313a33363a3036223b733a373a22616363745f6964223b733a313a2236223b733a393a22616363745f6e616d65223b733a343a2248444643223b733a373a226578705f617272223b613a313a7b693a303b613a363a7b733a323a224944223b733a343a2232303739223b733a31313a224558505f4954454d5f4944223b733a323a223438223b733a373a224558505f414d54223b733a373a22323030302e3030223b733a383a224558505f534c4f54223b733a313a2231223b733a383a224558505f44415445223b733a31393a22323031392d30332d30312030313a33363a3036223b733a353a22736c5f6e6f223b693a313b7d7d733a383a226465706f5f616d74223b733a373a22323030302e3030223b733a31333a22616c6c6f636174696f6e5f6964223b733a343a2231383731223b733a31333a22617661696c61626c655f616d74223b643a303b733a393a22746f74616c5f657870223b643a323030303b733a383a2262675f636f6c6f72223b733a373a2223413946354243223b733a31303a22666f6e745f636f6c6f72223b733a343a2223303030223b7d693a32323b613a31363a7b733a31333a226974656d5f6d6f6e5f79656172223b733a373a2230332d32303139223b733a373a226974656d5f6964223b733a323a223933223b733a393a226974656d5f6e616d65223b733a32303a2248444643205245435f46656231395f4665623230223b733a31313a226974656d5f6361745f6964223b733a313a2234223b733a383a226974656d5f636174223b733a393a22526563757272696e67223b733a373a227061795f646179223b733a313a2232223b733a31323a226c6173745f75706461746564223b733a31393a22323031392d30332d30312030313a30333a3133223b733a373a22616363745f6964223b733a313a2236223b733a393a22616363745f6e616d65223b733a343a2248444643223b733a373a226578705f617272223b613a313a7b693a303b613a363a7b733a323a224944223b733a343a2232303637223b733a31313a224558505f4954454d5f4944223b733a323a223933223b733a373a224558505f414d54223b733a373a22343530302e3030223b733a383a224558505f534c4f54223b733a313a2231223b733a383a224558505f44415445223b733a31393a22323031392d30332d30312030313a30333a3133223b733a353a22736c5f6e6f223b693a313b7d7d733a383a226465706f5f616d74223b733a373a22343530302e3030223b733a31333a22616c6c6f636174696f6e5f6964223b733a343a2231383539223b733a31333a22617661696c61626c655f616d74223b643a303b733a393a22746f74616c5f657870223b643a343530303b733a383a2262675f636f6c6f72223b733a373a2223413946354243223b733a31303a22666f6e745f636f6c6f72223b733a343a2223303030223b7d693a32333b613a31363a7b733a31333a226974656d5f6d6f6e5f79656172223b733a373a2230332d32303139223b733a373a226974656d5f6964223b733a323a223832223b733a393a226974656d5f6e616d65223b733a32303a2248444643205245435f4a616e31395f4a616e3230223b733a31313a226974656d5f6361745f6964223b733a313a2234223b733a383a226974656d5f636174223b733a393a22526563757272696e67223b733a373a227061795f646179223b733a323a223134223b733a31323a226c6173745f75706461746564223b733a31393a22323031392d30332d30312030323a30323a3133223b733a373a22616363745f6964223b733a313a2236223b733a393a22616363745f6e616d65223b733a343a2248444643223b733a373a226578705f617272223b613a313a7b693a303b613a363a7b733a323a224944223b733a343a2232303930223b733a31313a224558505f4954454d5f4944223b733a323a223832223b733a373a224558505f414d54223b733a373a22343530302e3030223b733a383a224558505f534c4f54223b733a313a2231223b733a383a224558505f44415445223b733a31393a22323031392d30332d30312030323a30323a3133223b733a353a22736c5f6e6f223b693a313b7d7d733a383a226465706f5f616d74223b733a373a22343530302e3030223b733a31333a22616c6c6f636174696f6e5f6964223b733a343a2231383832223b733a31333a22617661696c61626c655f616d74223b643a303b733a393a22746f74616c5f657870223b643a343530303b733a383a2262675f636f6c6f72223b733a373a2223413946354243223b733a31303a22666f6e745f636f6c6f72223b733a343a2223303030223b7d693a32343b613a31363a7b733a31333a226974656d5f6d6f6e5f79656172223b733a373a2230332d32303139223b733a373a226974656d5f6964223b733a323a223436223b733a393a226974656d5f6e616d65223b733a32303a2248444643205245435f4d617931385f4d61793139223b733a31313a226974656d5f6361745f6964223b733a313a2234223b733a383a226974656d5f636174223b733a393a22526563757272696e67223b733a373a227061795f646179223b733a323a223132223b733a31323a226c6173745f75706461746564223b733a31393a22323031392d30332d30312030323a30323a3133223b733a373a22616363745f6964223b733a313a2236223b733a393a22616363745f6e616d65223b733a343a2248444643223b733a373a226578705f617272223b613a313a7b693a303b613a363a7b733a323a224944223b733a343a2232303738223b733a31313a224558505f4954454d5f4944223b733a323a223436223b733a373a224558505f414d54223b733a373a22333030302e3030223b733a383a224558505f534c4f54223b733a313a2231223b733a383a224558505f44415445223b733a31393a22323031392d30332d30312030323a30323a3133223b733a353a22736c5f6e6f223b693a313b7d7d733a383a226465706f5f616d74223b733a373a22333030302e3030223b733a31333a22616c6c6f636174696f6e5f6964223b733a343a2231383730223b733a31333a22617661696c61626c655f616d74223b643a303b733a393a22746f74616c5f657870223b643a333030303b733a383a2262675f636f6c6f72223b733a373a2223413946354243223b733a31303a22666f6e745f636f6c6f72223b733a343a2223303030223b7d693a32353b613a31363a7b733a31333a226974656d5f6d6f6e5f79656172223b733a373a2230332d32303139223b733a373a226974656d5f6964223b733a323a223435223b733a393a226974656d5f6e616d65223b733a353a224d756d6d79223b733a31313a226974656d5f6361745f6964223b733a313a2232223b733a383a226974656d5f636174223b733a383a22486f6d6520457870223b733a373a227061795f646179223b733a313a2238223b733a31323a226c6173745f75706461746564223b733a31393a22323031392d30332d30312030323a34393a3432223b733a373a22616363745f6964223b733a313a2236223b733a393a22616363745f6e616d65223b733a343a2248444643223b733a373a226578705f617272223b613a313a7b693a303b613a363a7b733a323a224944223b733a343a2232303737223b733a31313a224558505f4954454d5f4944223b733a323a223435223b733a373a224558505f414d54223b733a373a22343030302e3030223b733a383a224558505f534c4f54223b733a313a2231223b733a383a224558505f44415445223b733a31393a22323031392d30332d30312030323a34393a3432223b733a353a22736c5f6e6f223b693a313b7d7d733a383a226465706f5f616d74223b733a373a22343030302e3030223b733a31333a22616c6c6f636174696f6e5f6964223b733a343a2231383639223b733a31333a22617661696c61626c655f616d74223b643a303b733a393a22746f74616c5f657870223b643a343030303b733a383a2262675f636f6c6f72223b733a373a2223413946354243223b733a31303a22666f6e745f636f6c6f72223b733a343a2223303030223b7d693a32363b613a31363a7b733a31333a226974656d5f6d6f6e5f79656172223b733a373a2230332d32303139223b733a373a226974656d5f6964223b733a323a223139223b733a393a226974656d5f6e616d65223b733a363a2241616b617368223b733a31313a226974656d5f6361745f6964223b733a313a2232223b733a383a226974656d5f636174223b733a383a22486f6d6520457870223b733a373a227061795f646179223b733a313a2230223b733a31323a226c6173745f75706461746564223b733a31393a22323031392d30332d30312030313a33363a3535223b733a373a22616363745f6964223b733a313a2237223b733a393a22616363745f6e616d65223b733a363a225342495f4f44223b733a373a226578705f617272223b613a333a7b693a303b613a363a7b733a323a224944223b733a343a2232303634223b733a31313a224558505f4954454d5f4944223b733a323a223139223b733a373a224558505f414d54223b733a373a22313030302e3030223b733a383a224558505f534c4f54223b733a313a2231223b733a383a224558505f44415445223b733a31393a22323031392d30332d30312030313a33363a3535223b733a353a22736c5f6e6f223b693a313b7d693a313b613a363a7b733a323a224944223b733a343a2232313134223b733a31313a224558505f4954454d5f4944223b733a323a223139223b733a373a224558505f414d54223b733a373a22313030302e3030223b733a383a224558505f534c4f54223b733a313a2232223b733a383a224558505f44415445223b733a31393a22323031392d30332d30312030313a33363a3535223b733a353a22736c5f6e6f223b693a323b7d693a323b613a363a7b733a323a224944223b733a343a2232313137223b733a31313a224558505f4954454d5f4944223b733a323a223139223b733a373a224558505f414d54223b733a373a22313530302e3030223b733a383a224558505f534c4f54223b733a313a2233223b733a383a224558505f44415445223b733a31393a22323031392d30332d30312030313a33363a3535223b733a353a22736c5f6e6f223b693a333b7d7d733a383a226465706f5f616d74223b733a373a22333530302e3030223b733a31333a22616c6c6f636174696f6e5f6964223b733a343a2231383536223b733a31333a22617661696c61626c655f616d74223b643a303b733a393a22746f74616c5f657870223b643a333530303b733a383a2262675f636f6c6f72223b733a373a2223463345324139223b733a31303a22666f6e745f636f6c6f72223b733a343a2223303030223b7d693a32373b613a31363a7b733a31333a226974656d5f6d6f6e5f79656172223b733a373a2230332d32303139223b733a373a226974656d5f6964223b733a323a223135223b733a393a226974656d5f6e616d65223b733a31383a22426461792f416e692f42432f4f7468657273223b733a31313a226974656d5f6361745f6964223b733a313a2232223b733a383a226974656d5f636174223b733a383a22486f6d6520457870223b733a373a227061795f646179223b733a313a2230223b733a31323a226c6173745f75706461746564223b733a31393a22323031392d30332d30312030313a33373a3039223b733a373a22616363745f6964223b733a313a2237223b733a393a22616363745f6e616d65223b733a363a225342495f4f44223b733a373a226578705f617272223b613a343a7b693a303b613a363a7b733a323a224944223b733a343a2232303630223b733a31313a224558505f4954454d5f4944223b733a323a223135223b733a373a224558505f414d54223b733a363a223530302e3030223b733a383a224558505f534c4f54223b733a313a2231223b733a383a224558505f44415445223b733a31393a22323031392d30332d30312030313a33373a3039223b733a353a22736c5f6e6f223b693a313b7d693a313b613a363a7b733a323a224944223b733a343a2232313039223b733a31313a224558505f4954454d5f4944223b733a323a223135223b733a373a224558505f414d54223b733a373a22313530302e3030223b733a383a224558505f534c4f54223b733a313a2232223b733a383a224558505f44415445223b733a31393a22323031392d30332d30312030313a33373a3039223b733a353a22736c5f6e6f223b693a323b7d693a323b613a363a7b733a323a224944223b733a343a2232313135223b733a31313a224558505f4954454d5f4944223b733a323a223135223b733a373a224558505f414d54223b733a363a223530302e3030223b733a383a224558505f534c4f54223b733a313a2233223b733a383a224558505f44415445223b733a31393a22323031392d30332d30312030313a33373a3039223b733a353a22736c5f6e6f223b693a333b7d693a333b613a363a7b733a323a224944223b733a343a2232313138223b733a31313a224558505f4954454d5f4944223b733a323a223135223b733a373a224558505f414d54223b733a363a223530302e3030223b733a383a224558505f534c4f54223b733a313a2234223b733a383a224558505f44415445223b733a31393a22323031392d30332d30312030313a33373a3039223b733a353a22736c5f6e6f223b693a343b7d7d733a383a226465706f5f616d74223b733a373a22333030302e3030223b733a31333a22616c6c6f636174696f6e5f6964223b733a343a2231383532223b733a31333a22617661696c61626c655f616d74223b643a303b733a393a22746f74616c5f657870223b643a333030303b733a383a2262675f636f6c6f72223b733a373a2223463345324139223b733a31303a22666f6e745f636f6c6f72223b733a343a2223303030223b7d693a32383b613a31363a7b733a31333a226974656d5f6d6f6e5f79656172223b733a373a2230332d32303139223b733a373a226974656d5f6964223b733a323a223136223b733a393a226974656d5f6e616d65223b733a343a2242696b65223b733a31313a226974656d5f6361745f6964223b733a313a2232223b733a383a226974656d5f636174223b733a383a22486f6d6520457870223b733a373a227061795f646179223b733a313a2230223b733a31323a226c6173745f75706461746564223b733a31393a22323031392d30332d30312030313a33373a3230223b733a373a22616363745f6964223b733a313a2237223b733a393a22616363745f6e616d65223b733a363a225342495f4f44223b733a373a226578705f617272223b613a323a7b693a303b613a363a7b733a323a224944223b733a343a2232303631223b733a31313a224558505f4954454d5f4944223b733a323a223136223b733a373a224558505f414d54223b733a363a223530302e3030223b733a383a224558505f534c4f54223b733a313a2231223b733a383a224558505f44415445223b733a31393a22323031392d30332d30312030313a33373a3230223b733a353a22736c5f6e6f223b693a313b7d693a313b613a363a7b733a323a224944223b733a343a2232313139223b733a31313a224558505f4954454d5f4944223b733a323a223136223b733a373a224558505f414d54223b733a363a223530302e3030223b733a383a224558505f534c4f54223b733a313a2232223b733a383a224558505f44415445223b733a31393a22323031392d30332d30312030313a33373a3230223b733a353a22736c5f6e6f223b693a323b7d7d733a383a226465706f5f616d74223b733a373a22313030302e3030223b733a31333a22616c6c6f636174696f6e5f6964223b733a343a2231383533223b733a31333a22617661696c61626c655f616d74223b643a303b733a393a22746f74616c5f657870223b643a313030303b733a383a2262675f636f6c6f72223b733a373a2223463345324139223b733a31303a22666f6e745f636f6c6f72223b733a343a2223303030223b7d693a32393b613a31363a7b733a31333a226974656d5f6d6f6e5f79656172223b733a373a2230332d32303139223b733a373a226974656d5f6964223b733a323a223536223b733a393a226974656d5f6e616d65223b733a333a22443248223b733a31313a226974656d5f6361745f6964223b733a313a2232223b733a383a226974656d5f636174223b733a383a22486f6d6520457870223b733a373a227061795f646179223b733a313a2230223b733a31323a226c6173745f75706461746564223b733a31393a22323031392d30332d30312030303a30303a3030223b733a373a22616363745f6964223b733a313a2237223b733a393a22616363745f6e616d65223b733a363a225342495f4f44223b733a373a226578705f617272223b613a313a7b693a303b613a363a7b733a323a224944223b733a343a2232303835223b733a31313a224558505f4954454d5f4944223b733a323a223536223b733a373a224558505f414d54223b733a343a22302e3030223b733a383a224558505f534c4f54223b733a313a2231223b733a383a224558505f44415445223b733a31393a22323031392d30332d30312030303a30303a3030223b733a353a22736c5f6e6f223b693a313b7d7d733a383a226465706f5f616d74223b733a363a223730302e3030223b733a31333a22616c6c6f636174696f6e5f6964223b733a343a2231383737223b733a31333a22617661696c61626c655f616d74223b643a3730303b733a393a22746f74616c5f657870223b643a303b733a383a2262675f636f6c6f72223b733a373a2223463345324139223b733a31303a22666f6e745f636f6c6f72223b733a343a2223303030223b7d693a33303b613a31363a7b733a31333a226974656d5f6d6f6e5f79656172223b733a373a2230332d32303139223b733a373a226974656d5f6964223b733a323a223539223b733a393a226974656d5f6e616d65223b733a333a22476173223b733a31313a226974656d5f6361745f6964223b733a313a2232223b733a383a226974656d5f636174223b733a383a22486f6d6520457870223b733a373a227061795f646179223b733a313a2230223b733a31323a226c6173745f75706461746564223b733a31393a22323031392d30332d30312030303a30303a3030223b733a373a22616363745f6964223b733a313a2237223b733a393a22616363745f6e616d65223b733a363a225342495f4f44223b733a373a226578705f617272223b613a313a7b693a303b613a363a7b733a323a224944223b733a343a2232303838223b733a31313a224558505f4954454d5f4944223b733a323a223539223b733a373a224558505f414d54223b733a343a22302e3030223b733a383a224558505f534c4f54223b733a313a2231223b733a383a224558505f44415445223b733a31393a22323031392d30332d30312030303a30303a3030223b733a353a22736c5f6e6f223b693a313b7d7d733a383a226465706f5f616d74223b733a363a223530302e3030223b733a31333a22616c6c6f636174696f6e5f6964223b733a343a2231383830223b733a31333a22617661696c61626c655f616d74223b643a3530303b733a393a22746f74616c5f657870223b643a303b733a383a2262675f636f6c6f72223b733a373a2223463345324139223b733a31303a22666f6e745f636f6c6f72223b733a343a2223303030223b7d693a33313b613a31363a7b733a31333a226974656d5f6d6f6e5f79656172223b733a373a2230332d32303139223b733a373a226974656d5f6964223b733a323a223733223b733a393a226974656d5f6e616d65223b733a31373a2247796d202d204372656469742043617264223b733a31313a226974656d5f6361745f6964223b733a313a2232223b733a383a226974656d5f636174223b733a383a22486f6d6520457870223b733a373a227061795f646179223b733a313a2230223b733a31323a226c6173745f75706461746564223b733a31393a22323031392d30332d30312030303a30303a3030223b733a373a22616363745f6964223b733a313a2237223b733a393a22616363745f6e616d65223b733a363a225342495f4f44223b733a373a226578705f617272223b613a313a7b693a303b613a363a7b733a323a224944223b733a343a2232303937223b733a31313a224558505f4954454d5f4944223b733a323a223733223b733a373a224558505f414d54223b733a343a22302e3030223b733a383a224558505f534c4f54223b733a313a2231223b733a383a224558505f44415445223b733a31393a22323031392d30332d30312030303a30303a3030223b733a353a22736c5f6e6f223b693a313b7d7d733a383a226465706f5f616d74223b733a343a22302e3030223b733a31333a22616c6c6f636174696f6e5f6964223b733a343a2231383839223b733a31333a22617661696c61626c655f616d74223b643a303b733a393a22746f74616c5f657870223b643a303b733a383a2262675f636f6c6f72223b733a373a2223463345324139223b733a31303a22666f6e745f636f6c6f72223b733a343a2223303030223b7d693a33323b613a31363a7b733a31333a226974656d5f6d6f6e5f79656172223b733a373a2230332d32303139223b733a373a226974656d5f6964223b733a323a223537223b733a393a226974656d5f6e616d65223b733a383a22496e7465726e6574223b733a31313a226974656d5f6361745f6964223b733a313a2232223b733a383a226974656d5f636174223b733a383a22486f6d6520457870223b733a373a227061795f646179223b733a313a2230223b733a31323a226c6173745f75706461746564223b733a31393a22323031392d30332d30312030303a30303a3030223b733a373a22616363745f6964223b733a313a2237223b733a393a22616363745f6e616d65223b733a363a225342495f4f44223b733a373a226578705f617272223b613a313a7b693a303b613a363a7b733a323a224944223b733a343a2232303836223b733a31313a224558505f4954454d5f4944223b733a323a223537223b733a373a224558505f414d54223b733a343a22302e3030223b733a383a224558505f534c4f54223b733a313a2231223b733a383a224558505f44415445223b733a31393a22323031392d30332d30312030303a30303a3030223b733a353a22736c5f6e6f223b693a313b7d7d733a383a226465706f5f616d74223b733a363a223930302e3030223b733a31333a22616c6c6f636174696f6e5f6964223b733a343a2231383738223b733a31333a22617661696c61626c655f616d74223b643a3930303b733a393a22746f74616c5f657870223b643a303b733a383a2262675f636f6c6f72223b733a373a2223463345324139223b733a31303a22666f6e745f636f6c6f72223b733a343a2223303030223b7d693a33333b613a31363a7b733a31333a226974656d5f6d6f6e5f79656172223b733a373a2230332d32303139223b733a373a226974656d5f6964223b733a323a223531223b733a393a226974656d5f6e616d65223b733a31303a224c49435f5342495f4f44223b733a31313a226974656d5f6361745f6964223b733a313a2236223b733a383a226974656d5f636174223b733a393a22496e737572616e6365223b733a373a227061795f646179223b733a313a2230223b733a31323a226c6173745f75706461746564223b733a31393a22323031392d30332d30312030303a30303a3030223b733a373a22616363745f6964223b733a313a2237223b733a393a22616363745f6e616d65223b733a363a225342495f4f44223b733a373a226578705f617272223b613a313a7b693a303b613a363a7b733a323a224944223b733a343a2232303830223b733a31313a224558505f4954454d5f4944223b733a323a223531223b733a373a224558505f414d54223b733a343a22302e3030223b733a383a224558505f534c4f54223b733a313a2231223b733a383a224558505f44415445223b733a31393a22323031392d30332d30312030303a30303a3030223b733a353a22736c5f6e6f223b693a313b7d7d733a383a226465706f5f616d74223b733a373a22313030302e3030223b733a31333a22616c6c6f636174696f6e5f6964223b733a343a2231383732223b733a31333a22617661696c61626c655f616d74223b643a313030303b733a393a22746f74616c5f657870223b643a303b733a383a2262675f636f6c6f72223b733a373a2223463345324139223b733a31303a22666f6e745f636f6c6f72223b733a343a2223303030223b7d693a33343b613a31363a7b733a31333a226974656d5f6d6f6e5f79656172223b733a373a2230332d32303139223b733a373a226974656d5f6964223b733a323a223837223b733a393a226974656d5f6e616d65223b733a383a224d65646963696e65223b733a31313a226974656d5f6361745f6964223b733a323a223135223b733a383a226974656d5f636174223b733a31313a224865616c74682043617265223b733a373a227061795f646179223b733a313a2230223b733a31323a226c6173745f75706461746564223b733a31393a22323031392d30332d30312030313a35383a3530223b733a373a22616363745f6964223b733a313a2237223b733a393a22616363745f6e616d65223b733a363a225342495f4f44223b733a373a226578705f617272223b613a313a7b693a303b613a363a7b733a323a224944223b733a343a2232303736223b733a31313a224558505f4954454d5f4944223b733a323a223837223b733a373a224558505f414d54223b733a363a223530302e3030223b733a383a224558505f534c4f54223b733a313a2231223b733a383a224558505f44415445223b733a31393a22323031392d30332d30312030313a35383a3530223b733a353a22736c5f6e6f223b693a313b7d7d733a383a226465706f5f616d74223b733a373a22313030302e3030223b733a31333a22616c6c6f636174696f6e5f6964223b733a343a2231383638223b733a31333a22617661696c61626c655f616d74223b643a3530303b733a393a22746f74616c5f657870223b643a3530303b733a383a2262675f636f6c6f72223b733a373a2223463345324139223b733a31303a22666f6e745f636f6c6f72223b733a343a2223303030223b7d693a33353b613a31363a7b733a31333a226974656d5f6d6f6e5f79656172223b733a373a2230332d32303139223b733a373a226974656d5f6964223b733a323a223138223b733a393a226974656d5f6e616d65223b733a31333a224d697363656c6c656e656f7573223b733a31313a226974656d5f6361745f6964223b733a313a2232223b733a383a226974656d5f636174223b733a383a22486f6d6520457870223b733a373a227061795f646179223b733a313a2230223b733a31323a226c6173745f75706461746564223b733a31393a22323031392d30332d30312030323a31323a3131223b733a373a22616363745f6964223b733a313a2237223b733a393a22616363745f6e616d65223b733a363a225342495f4f44223b733a373a226578705f617272223b613a323a7b693a303b613a363a7b733a323a224944223b733a343a2232303633223b733a31313a224558505f4954454d5f4944223b733a323a223138223b733a373a224558505f414d54223b733a373a22313530302e3030223b733a383a224558505f534c4f54223b733a313a2231223b733a383a224558505f44415445223b733a31393a22323031392d30332d30312030323a31323a3131223b733a353a22736c5f6e6f223b693a313b7d693a313b613a363a7b733a323a224944223b733a343a2232313235223b733a31313a224558505f4954454d5f4944223b733a323a223138223b733a373a224558505f414d54223b733a363a223530302e3030223b733a383a224558505f534c4f54223b733a313a2232223b733a383a224558505f44415445223b733a31393a22323031392d30332d30312030323a31323a3131223b733a353a22736c5f6e6f223b693a323b7d7d733a383a226465706f5f616d74223b733a373a22323030302e3030223b733a31333a22616c6c6f636174696f6e5f6964223b733a343a2231383535223b733a31333a22617661696c61626c655f616d74223b643a303b733a393a22746f74616c5f657870223b643a323030303b733a383a2262675f636f6c6f72223b733a373a2223463345324139223b733a31303a22666f6e745f636f6c6f72223b733a343a2223303030223b7d693a33363b613a31363a7b733a31333a226974656d5f6d6f6e5f79656172223b733a373a2230332d32303139223b733a373a226974656d5f6964223b733a323a223734223b733a393a226974656d5f6e616d65223b733a32333a224e7574726974696f6e202d204372656469742043617264223b733a31313a226974656d5f6361745f6964223b733a313a2232223b733a383a226974656d5f636174223b733a383a22486f6d6520457870223b733a373a227061795f646179223b733a313a2230223b733a31323a226c6173745f75706461746564223b733a31393a22323031392d30332d30312030323a31313a3437223b733a373a22616363745f6964223b733a313a2237223b733a393a22616363745f6e616d65223b733a363a225342495f4f44223b733a373a226578705f617272223b613a333a7b693a303b613a363a7b733a323a224944223b733a343a2232303938223b733a31313a224558505f4954454d5f4944223b733a323a223734223b733a373a224558505f414d54223b733a373a22323030302e3030223b733a383a224558505f534c4f54223b733a313a2231223b733a383a224558505f44415445223b733a31393a22323031392d30332d30312030323a31313a3437223b733a353a22736c5f6e6f223b693a313b7d693a313b613a363a7b733a323a224944223b733a343a2232313232223b733a31313a224558505f4954454d5f4944223b733a323a223734223b733a373a224558505f414d54223b733a373a22313030302e3030223b733a383a224558505f534c4f54223b733a313a2232223b733a383a224558505f44415445223b733a31393a22323031392d30332d30312030323a31313a3437223b733a353a22736c5f6e6f223b693a323b7d693a323b613a363a7b733a323a224944223b733a343a2232313234223b733a31313a224558505f4954454d5f4944223b733a323a223734223b733a373a224558505f414d54223b733a373a22313030302e3030223b733a383a224558505f534c4f54223b733a313a2233223b733a383a224558505f44415445223b733a31393a22323031392d30332d30312030323a31313a3437223b733a353a22736c5f6e6f223b693a333b7d7d733a383a226465706f5f616d74223b733a373a22343030302e3030223b733a31333a22616c6c6f636174696f6e5f6964223b733a343a2231383930223b733a31333a22617661696c61626c655f616d74223b643a303b733a393a22746f74616c5f657870223b643a343030303b733a383a2262675f636f6c6f72223b733a373a2223463345324139223b733a31303a22666f6e745f636f6c6f72223b733a343a2223303030223b7d693a33373b613a31363a7b733a31333a226974656d5f6d6f6e5f79656172223b733a373a2230332d32303139223b733a373a226974656d5f6964223b733a323a223735223b733a393a226974656d5f6e616d65223b733a31393a225061727479202d204372656469742043617264223b733a31313a226974656d5f6361745f6964223b733a313a2232223b733a383a226974656d5f636174223b733a383a22486f6d6520457870223b733a373a227061795f646179223b733a313a2230223b733a31323a226c6173745f75706461746564223b733a31393a22323031392d30332d30312030303a30303a3030223b733a373a22616363745f6964223b733a313a2237223b733a393a22616363745f6e616d65223b733a363a225342495f4f44223b733a373a226578705f617272223b613a313a7b693a303b613a363a7b733a323a224944223b733a343a2232303939223b733a31313a224558505f4954454d5f4944223b733a323a223735223b733a373a224558505f414d54223b733a343a22302e3030223b733a383a224558505f534c4f54223b733a313a2231223b733a383a224558505f44415445223b733a31393a22323031392d30332d30312030303a30303a3030223b733a353a22736c5f6e6f223b693a313b7d7d733a383a226465706f5f616d74223b733a343a22302e3030223b733a31333a22616c6c6f636174696f6e5f6964223b733a343a2231383931223b733a31333a22617661696c61626c655f616d74223b643a303b733a393a22746f74616c5f657870223b643a303b733a383a2262675f636f6c6f72223b733a373a2223463345324139223b733a31303a22666f6e745f636f6c6f72223b733a343a2223303030223b7d693a33383b613a31363a7b733a31333a226974656d5f6d6f6e5f79656172223b733a373a2230332d32303139223b733a373a226974656d5f6964223b733a323a223737223b733a393a226974656d5f6e616d65223b733a32323a22506572736f6e616c202d204372656469742043617264223b733a31313a226974656d5f6361745f6964223b733a313a2232223b733a383a226974656d5f636174223b733a383a22486f6d6520457870223b733a373a227061795f646179223b733a313a2230223b733a31323a226c6173745f75706461746564223b733a31393a22323031392d30332d30312030303a30303a3030223b733a373a22616363745f6964223b733a313a2237223b733a393a22616363745f6e616d65223b733a363a225342495f4f44223b733a373a226578705f617272223b613a313a7b693a303b613a363a7b733a323a224944223b733a343a2232313031223b733a31313a224558505f4954454d5f4944223b733a323a223737223b733a373a224558505f414d54223b733a343a22302e3030223b733a383a224558505f534c4f54223b733a313a2231223b733a383a224558505f44415445223b733a31393a22323031392d30332d30312030303a30303a3030223b733a353a22736c5f6e6f223b693a313b7d7d733a383a226465706f5f616d74223b733a343a22302e3030223b733a31333a22616c6c6f636174696f6e5f6964223b733a343a2231383933223b733a31333a22617661696c61626c655f616d74223b643a303b733a393a22746f74616c5f657870223b643a303b733a383a2262675f636f6c6f72223b733a373a2223463345324139223b733a31303a22666f6e745f636f6c6f72223b733a343a2223303030223b7d693a33393b613a31363a7b733a31333a226974656d5f6d6f6e5f79656172223b733a373a2230332d32303139223b733a373a226974656d5f6964223b733a323a223535223b733a393a226974656d5f6e616d65223b733a31323a2250726f706572747920546178223b733a31313a226974656d5f6361745f6964223b733a313a2232223b733a383a226974656d5f636174223b733a383a22486f6d6520457870223b733a373a227061795f646179223b733a313a2230223b733a31323a226c6173745f75706461746564223b733a31393a22323031392d30332d30312030303a30303a3030223b733a373a22616363745f6964223b733a313a2237223b733a393a22616363745f6e616d65223b733a363a225342495f4f44223b733a373a226578705f617272223b613a313a7b693a303b613a363a7b733a323a224944223b733a343a2232303834223b733a31313a224558505f4954454d5f4944223b733a323a223535223b733a373a224558505f414d54223b733a343a22302e3030223b733a383a224558505f534c4f54223b733a313a2231223b733a383a224558505f44415445223b733a31393a22323031392d30332d30312030303a30303a3030223b733a353a22736c5f6e6f223b693a313b7d7d733a383a226465706f5f616d74223b733a363a223630302e3030223b733a31333a22616c6c6f636174696f6e5f6964223b733a343a2231383736223b733a31333a22617661696c61626c655f616d74223b643a3630303b733a393a22746f74616c5f657870223b643a303b733a383a2262675f636f6c6f72223b733a373a2223463345324139223b733a31303a22666f6e745f636f6c6f72223b733a343a2223303030223b7d693a34303b613a31363a7b733a31333a226974656d5f6d6f6e5f79656172223b733a373a2230332d32303139223b733a373a226974656d5f6964223b733a323a223538223b733a393a226974656d5f6e616d65223b733a353a22526173616e223b733a31313a226974656d5f6361745f6964223b733a313a2232223b733a383a226974656d5f636174223b733a383a22486f6d6520457870223b733a373a227061795f646179223b733a313a2230223b733a31323a226c6173745f75706461746564223b733a31393a22323031392d30332d30312030313a34303a3434223b733a373a22616363745f6964223b733a313a2237223b733a393a22616363745f6e616d65223b733a363a225342495f4f44223b733a373a226578705f617272223b613a333a7b693a303b613a363a7b733a323a224944223b733a343a2232303837223b733a31313a224558505f4954454d5f4944223b733a323a223538223b733a373a224558505f414d54223b733a373a22323530302e3030223b733a383a224558505f534c4f54223b733a313a2231223b733a383a224558505f44415445223b733a31393a22323031392d30332d30312030313a34303a3434223b733a353a22736c5f6e6f223b693a313b7d693a313b613a363a7b733a323a224944223b733a343a2232313131223b733a31313a224558505f4954454d5f4944223b733a323a223538223b733a373a224558505f414d54223b733a373a22323430312e3030223b733a383a224558505f534c4f54223b733a313a2232223b733a383a224558505f44415445223b733a31393a22323031392d30332d30312030313a34303a3434223b733a353a22736c5f6e6f223b693a323b7d693a323b613a363a7b733a323a224944223b733a343a2232313233223b733a31313a224558505f4954454d5f4944223b733a323a223538223b733a373a224558505f414d54223b733a353a2239392e3030223b733a383a224558505f534c4f54223b733a313a2233223b733a383a224558505f44415445223b733a31393a22323031392d30332d30312030313a34303a3434223b733a353a22736c5f6e6f223b693a333b7d7d733a383a226465706f5f616d74223b733a373a22353030302e3030223b733a31333a22616c6c6f636174696f6e5f6964223b733a343a2231383739223b733a31333a22617661696c61626c655f616d74223b643a303b733a393a22746f74616c5f657870223b643a353030303b733a383a2262675f636f6c6f72223b733a373a2223463345324139223b733a31303a22666f6e745f636f6c6f72223b733a343a2223303030223b7d693a34313b613a31363a7b733a31333a226974656d5f6d6f6e5f79656172223b733a373a2230332d32303139223b733a373a226974656d5f6964223b733a323a223736223b733a393a226974656d5f6e616d65223b733a32343a2252657374617572616e74202d204372656469742043617264223b733a31313a226974656d5f6361745f6964223b733a313a2232223b733a383a226974656d5f636174223b733a383a22486f6d6520457870223b733a373a227061795f646179223b733a313a2230223b733a31323a226c6173745f75706461746564223b733a31393a22323031392d30332d30312030313a33363a3435223b733a373a22616363745f6964223b733a313a2237223b733a393a22616363745f6e616d65223b733a363a225342495f4f44223b733a373a226578705f617272223b613a333a7b693a303b613a363a7b733a323a224944223b733a343a2232313030223b733a31313a224558505f4954454d5f4944223b733a323a223736223b733a373a224558505f414d54223b733a363a223235302e3030223b733a383a224558505f534c4f54223b733a313a2231223b733a383a224558505f44415445223b733a31393a22323031392d30332d30312030313a33363a3435223b733a353a22736c5f6e6f223b693a313b7d693a313b613a363a7b733a323a224944223b733a343a2232313038223b733a31313a224558505f4954454d5f4944223b733a323a223736223b733a373a224558505f414d54223b733a363a223235302e3030223b733a383a224558505f534c4f54223b733a313a2232223b733a383a224558505f44415445223b733a31393a22323031392d30332d30312030313a33363a3435223b733a353a22736c5f6e6f223b693a323b7d693a323b613a363a7b733a323a224944223b733a343a2232313136223b733a31313a224558505f4954454d5f4944223b733a323a223736223b733a373a224558505f414d54223b733a363a223530302e3030223b733a383a224558505f534c4f54223b733a313a2233223b733a383a224558505f44415445223b733a31393a22323031392d30332d30312030313a33363a3435223b733a353a22736c5f6e6f223b693a333b7d7d733a383a226465706f5f616d74223b733a373a22313030302e3030223b733a31333a22616c6c6f636174696f6e5f6964223b733a343a2231383932223b733a31333a22617661696c61626c655f616d74223b643a303b733a393a22746f74616c5f657870223b643a313030303b733a383a2262675f636f6c6f72223b733a373a2223463345324139223b733a31303a22666f6e745f636f6c6f72223b733a343a2223303030223b7d693a34323b613a31363a7b733a31333a226974656d5f6d6f6e5f79656172223b733a373a2230332d32303139223b733a373a226974656d5f6964223b733a323a223337223b733a393a226974656d5f6e616d65223b733a32323a225342495f4f44205245435f41756731385f4175673139223b733a31313a226974656d5f6361745f6964223b733a313a2234223b733a383a226974656d5f636174223b733a393a22526563757272696e67223b733a373a227061795f646179223b733a313a2239223b733a31323a226c6173745f75706461746564223b733a31393a22323031392d30332d30312030323a34393a3432223b733a373a22616363745f6964223b733a313a2237223b733a393a22616363745f6e616d65223b733a363a225342495f4f44223b733a373a226578705f617272223b613a313a7b693a303b613a363a7b733a323a224944223b733a343a2232303733223b733a31313a224558505f4954454d5f4944223b733a323a223337223b733a373a224558505f414d54223b733a373a22353030302e3030223b733a383a224558505f534c4f54223b733a313a2231223b733a383a224558505f44415445223b733a31393a22323031392d30332d30312030323a34393a3432223b733a353a22736c5f6e6f223b693a313b7d7d733a383a226465706f5f616d74223b733a373a22353030302e3030223b733a31333a22616c6c6f636174696f6e5f6964223b733a343a2231383635223b733a31333a22617661696c61626c655f616d74223b643a303b733a393a22746f74616c5f657870223b643a353030303b733a383a2262675f636f6c6f72223b733a373a2223463345324139223b733a31303a22666f6e745f636f6c6f72223b733a343a2223303030223b7d693a34333b613a31363a7b733a31333a226974656d5f6d6f6e5f79656172223b733a373a2230332d32303139223b733a373a226974656d5f6964223b733a323a223738223b733a393a226974656d5f6e616d65223b733a32323a225342495f4f44205245435f44656331385f4465633139223b733a31313a226974656d5f6361745f6964223b733a313a2234223b733a383a226974656d5f636174223b733a393a22526563757272696e67223b733a373a227061795f646179223b733a313a2235223b733a31323a226c6173745f75706461746564223b733a31393a22323031392d30332d30312031303a34393a3037223b733a373a22616363745f6964223b733a313a2237223b733a393a22616363745f6e616d65223b733a363a225342495f4f44223b733a373a226578705f617272223b613a313a7b693a303b613a363a7b733a323a224944223b733a343a2232313032223b733a31313a224558505f4954454d5f4944223b733a323a223738223b733a373a224558505f414d54223b733a373a22353030302e3030223b733a383a224558505f534c4f54223b733a313a2231223b733a383a224558505f44415445223b733a31393a22323031392d30332d30312031303a34393a3037223b733a353a22736c5f6e6f223b693a313b7d7d733a383a226465706f5f616d74223b733a373a22353030302e3030223b733a31333a22616c6c6f636174696f6e5f6964223b733a343a2231383934223b733a31333a22617661696c61626c655f616d74223b643a303b733a393a22746f74616c5f657870223b643a353030303b733a383a2262675f636f6c6f72223b733a373a2223463345324139223b733a31303a22666f6e745f636f6c6f72223b733a343a2223303030223b7d693a34343b613a31363a7b733a31333a226974656d5f6d6f6e5f79656172223b733a373a2230332d32303139223b733a373a226974656d5f6964223b733a333a22313033223b733a393a226974656d5f6e616d65223b733a32323a225342495f4f44205245435f4d617231395f4d61723230223b733a31313a226974656d5f6361745f6964223b733a313a2234223b733a383a226974656d5f636174223b733a393a22526563757272696e67223b733a373a227061795f646179223b733a313a2232223b733a31323a226c6173745f75706461746564223b733a31393a22323031392d30332d30312030313a30333a3133223b733a373a22616363745f6964223b733a313a2237223b733a393a22616363745f6e616d65223b733a363a225342495f4f44223b733a373a226578705f617272223b613a313a7b693a303b613a363a7b733a323a224944223b733a343a2232313037223b733a31313a224558505f4954454d5f4944223b733a333a22313033223b733a373a224558505f414d54223b733a373a22343530302e3030223b733a383a224558505f534c4f54223b733a313a2231223b733a383a224558505f44415445223b733a31393a22323031392d30332d30312030313a30333a3133223b733a353a22736c5f6e6f223b693a313b7d7d733a383a226465706f5f616d74223b733a373a22343530302e3030223b733a31333a22616c6c6f636174696f6e5f6964223b733a343a2231383939223b733a31333a22617661696c61626c655f616d74223b643a303b733a393a22746f74616c5f657870223b643a343530303b733a383a2262675f636f6c6f72223b733a373a2223463345324139223b733a31303a22666f6e745f636f6c6f72223b733a343a2223303030223b7d693a34353b613a31363a7b733a31333a226974656d5f6d6f6e5f79656172223b733a373a2230332d32303139223b733a373a226974656d5f6964223b733a323a223631223b733a393a226974656d5f6e616d65223b733a32323a225342495f4f44205245435f4e6f7631385f4e6f763139223b733a31313a226974656d5f6361745f6964223b733a313a2234223b733a383a226974656d5f636174223b733a393a22526563757272696e67223b733a373a227061795f646179223b733a313a2233223b733a31323a226c6173745f75706461746564223b733a31393a22323031392d30332d30312030313a31393a3238223b733a373a22616363745f6964223b733a313a2237223b733a393a22616363745f6e616d65223b733a363a225342495f4f44223b733a373a226578705f617272223b613a313a7b693a303b613a363a7b733a323a224944223b733a343a2232303839223b733a31313a224558505f4954454d5f4944223b733a323a223631223b733a373a224558505f414d54223b733a373a22333030302e3030223b733a383a224558505f534c4f54223b733a313a2231223b733a383a224558505f44415445223b733a31393a22323031392d30332d30312030313a31393a3238223b733a353a22736c5f6e6f223b693a313b7d7d733a383a226465706f5f616d74223b733a373a22333030302e3030223b733a31333a22616c6c6f636174696f6e5f6964223b733a343a2231383831223b733a31333a22617661696c61626c655f616d74223b643a303b733a393a22746f74616c5f657870223b643a333030303b733a383a2262675f636f6c6f72223b733a373a2223463345324139223b733a31303a22666f6e745f636f6c6f72223b733a343a2223303030223b7d693a34363b613a31363a7b733a31333a226974656d5f6d6f6e5f79656172223b733a373a2230332d32303139223b733a373a226974656d5f6964223b733a323a223830223b733a393a226974656d5f6e616d65223b733a32333a225342495f4f4420524543325f41756731385f4175673139223b733a31313a226974656d5f6361745f6964223b733a313a2234223b733a383a226974656d5f636174223b733a393a22526563757272696e67223b733a373a227061795f646179223b733a313a2235223b733a31323a226c6173745f75706461746564223b733a31393a22323031392d30332d30312031303a34393a3037223b733a373a22616363745f6964223b733a313a2237223b733a393a22616363745f6e616d65223b733a363a225342495f4f44223b733a373a226578705f617272223b613a313a7b693a303b613a363a7b733a323a224944223b733a343a2232313034223b733a31313a224558505f4954454d5f4944223b733a323a223830223b733a373a224558505f414d54223b733a373a22363030302e3030223b733a383a224558505f534c4f54223b733a313a2231223b733a383a224558505f44415445223b733a31393a22323031392d30332d30312031303a34393a3037223b733a353a22736c5f6e6f223b693a313b7d7d733a383a226465706f5f616d74223b733a373a22363030302e3030223b733a31333a22616c6c6f636174696f6e5f6964223b733a343a2231383936223b733a31333a22617661696c61626c655f616d74223b643a303b733a393a22746f74616c5f657870223b643a363030303b733a383a2262675f636f6c6f72223b733a373a2223463345324139223b733a31303a22666f6e745f636f6c6f72223b733a343a2223303030223b7d693a34373b613a31363a7b733a31333a226974656d5f6d6f6e5f79656172223b733a373a2230332d32303139223b733a373a226974656d5f6964223b733a323a223831223b733a393a226974656d5f6e616d65223b733a31333a225342495f4f445f536176696e67223b733a31313a226974656d5f6361745f6964223b733a313a2233223b733a383a226974656d5f636174223b733a373a22536176696e6773223b733a373a227061795f646179223b733a313a2233223b733a31323a226c6173745f75706461746564223b733a31393a22323031392d30332d30312030313a31393a3238223b733a373a22616363745f6964223b733a313a2237223b733a393a22616363745f6e616d65223b733a363a225342495f4f44223b733a373a226578705f617272223b613a313a7b693a303b613a363a7b733a323a224944223b733a343a2232303931223b733a31313a224558505f4954454d5f4944223b733a323a223831223b733a373a224558505f414d54223b733a373a22323031392e3030223b733a383a224558505f534c4f54223b733a313a2231223b733a383a224558505f44415445223b733a31393a22323031392d30332d30312030313a31393a3238223b733a353a22736c5f6e6f223b693a313b7d7d733a383a226465706f5f616d74223b733a373a22323031392e3030223b733a31333a22616c6c6f636174696f6e5f6964223b733a343a2231383833223b733a31333a22617661696c61626c655f616d74223b643a303b733a393a22746f74616c5f657870223b643a323031393b733a383a2262675f636f6c6f72223b733a373a2223463345324139223b733a31303a22666f6e745f636f6c6f72223b733a343a2223303030223b7d693a34383b613a31363a7b733a31333a226974656d5f6d6f6e5f79656172223b733a373a2230332d32303139223b733a373a226974656d5f6964223b733a323a223534223b733a393a226974656d5f6e616d65223b733a31383a225363686f6f6c2044726573732f426f6f6b73223b733a31313a226974656d5f6361745f6964223b733a313a2231223b733a383a226974656d5f636174223b733a363a225363686f6f6c223b733a373a227061795f646179223b733a313a2230223b733a31323a226c6173745f75706461746564223b733a31393a22323031392d30332d30312030303a30303a3030223b733a373a22616363745f6964223b733a313a2237223b733a393a22616363745f6e616d65223b733a363a225342495f4f44223b733a373a226578705f617272223b613a313a7b693a303b613a363a7b733a323a224944223b733a343a2232303833223b733a31313a224558505f4954454d5f4944223b733a323a223534223b733a373a224558505f414d54223b733a343a22302e3030223b733a383a224558505f534c4f54223b733a313a2231223b733a383a224558505f44415445223b733a31393a22323031392d30332d30312030303a30303a3030223b733a353a22736c5f6e6f223b693a313b7d7d733a383a226465706f5f616d74223b733a373a22313030302e3030223b733a31333a22616c6c6f636174696f6e5f6964223b733a343a2231383735223b733a31333a22617661696c61626c655f616d74223b643a313030303b733a393a22746f74616c5f657870223b643a303b733a383a2262675f636f6c6f72223b733a373a2223463345324139223b733a31303a22666f6e745f636f6c6f72223b733a343a2223303030223b7d693a34393b613a31363a7b733a31333a226974656d5f6d6f6e5f79656172223b733a373a2230332d32303139223b733a373a226974656d5f6964223b733a323a223533223b733a393a226974656d5f6e616d65223b733a31303a225363686f6f6c20466565223b733a31313a226974656d5f6361745f6964223b733a313a2231223b733a383a226974656d5f636174223b733a363a225363686f6f6c223b733a373a227061795f646179223b733a313a2230223b733a31323a226c6173745f75706461746564223b733a31393a22323031392d30332d30312030303a30303a3030223b733a373a22616363745f6964223b733a313a2237223b733a393a22616363745f6e616d65223b733a363a225342495f4f44223b733a373a226578705f617272223b613a313a7b693a303b613a363a7b733a323a224944223b733a343a2232303832223b733a31313a224558505f4954454d5f4944223b733a323a223533223b733a373a224558505f414d54223b733a343a22302e3030223b733a383a224558505f534c4f54223b733a313a2231223b733a383a224558505f44415445223b733a31393a22323031392d30332d30312030303a30303a3030223b733a353a22736c5f6e6f223b693a313b7d7d733a383a226465706f5f616d74223b733a383a2231303030302e3030223b733a31333a22616c6c6f636174696f6e5f6964223b733a343a2231383734223b733a31333a22617661696c61626c655f616d74223b643a31303030303b733a393a22746f74616c5f657870223b643a303b733a383a2262675f636f6c6f72223b733a373a2223463345324139223b733a31303a22666f6e745f636f6c6f72223b733a343a2223303030223b7d693a35303b613a31363a7b733a31333a226974656d5f6d6f6e5f79656172223b733a373a2230332d32303139223b733a373a226974656d5f6964223b733a313a2231223b733a393a226974656d5f6e616d65223b733a31303a225363686f6f6c2056616e223b733a31313a226974656d5f6361745f6964223b733a313a2231223b733a383a226974656d5f636174223b733a363a225363686f6f6c223b733a373a227061795f646179223b733a313a2230223b733a31323a226c6173745f75706461746564223b733a31393a22323031392d30332d30312030303a30303a3030223b733a373a22616363745f6964223b733a313a2237223b733a393a22616363745f6e616d65223b733a363a225342495f4f44223b733a373a226578705f617272223b613a313a7b693a303b613a363a7b733a323a224944223b733a343a2232303530223b733a31313a224558505f4954454d5f4944223b733a313a2231223b733a373a224558505f414d54223b733a343a22302e3030223b733a383a224558505f534c4f54223b733a313a2231223b733a383a224558505f44415445223b733a31393a22323031392d30332d30312030303a30303a3030223b733a353a22736c5f6e6f223b693a313b7d7d733a383a226465706f5f616d74223b733a373a22313530302e3030223b733a31333a22616c6c6f636174696f6e5f6964223b733a343a2231383432223b733a31333a22617661696c61626c655f616d74223b643a313530303b733a393a22746f74616c5f657870223b643a303b733a383a2262675f636f6c6f72223b733a373a2223463345324139223b733a31303a22666f6e745f636f6c6f72223b733a343a2223303030223b7d693a35313b613a31363a7b733a31333a226974656d5f6d6f6e5f79656172223b733a373a2230332d32303139223b733a373a226974656d5f6964223b733a323a223532223b733a393a226974656d5f6e616d65223b733a31323a22536f63696574792042696c6c223b733a31313a226974656d5f6361745f6964223b733a313a2232223b733a383a226974656d5f636174223b733a383a22486f6d6520457870223b733a373a227061795f646179223b733a313a2230223b733a31323a226c6173745f75706461746564223b733a31393a22323031392d30332d30312030303a30303a3030223b733a373a22616363745f6964223b733a313a2237223b733a393a22616363745f6e616d65223b733a363a225342495f4f44223b733a373a226578705f617272223b613a313a7b693a303b613a363a7b733a323a224944223b733a343a2232303831223b733a31313a224558505f4954454d5f4944223b733a323a223532223b733a373a224558505f414d54223b733a343a22302e3030223b733a383a224558505f534c4f54223b733a313a2231223b733a383a224558505f44415445223b733a31393a22323031392d30332d30312030303a30303a3030223b733a353a22736c5f6e6f223b693a313b7d7d733a383a226465706f5f616d74223b733a373a22333030302e3030223b733a31333a22616c6c6f636174696f6e5f6964223b733a343a2231383733223b733a31333a22617661696c61626c655f616d74223b643a333030303b733a393a22746f74616c5f657870223b643a303b733a383a2262675f636f6c6f72223b733a373a2223463345324139223b733a31303a22666f6e745f636f6c6f72223b733a343a2223303030223b7d693a35323b613a31363a7b733a31333a226974656d5f6d6f6e5f79656172223b733a373a2230332d32303139223b733a373a226974656d5f6964223b733a313a2232223b733a393a226974656d5f6e616d65223b733a31343a22536f6e7520547261696e696e6773223b733a31313a226974656d5f6361745f6964223b733a313a2231223b733a383a226974656d5f636174223b733a363a225363686f6f6c223b733a373a227061795f646179223b733a313a2230223b733a31323a226c6173745f75706461746564223b733a31393a22323031392d30332d30312030303a30303a3030223b733a373a22616363745f6964223b733a313a2237223b733a393a22616363745f6e616d65223b733a363a225342495f4f44223b733a373a226578705f617272223b613a313a7b693a303b613a363a7b733a323a224944223b733a343a2232303531223b733a31313a224558505f4954454d5f4944223b733a313a2232223b733a373a224558505f414d54223b733a343a22302e3030223b733a383a224558505f534c4f54223b733a313a2231223b733a383a224558505f44415445223b733a31393a22323031392d30332d30312030303a30303a3030223b733a353a22736c5f6e6f223b693a313b7d7d733a383a226465706f5f616d74223b733a363a223630302e3030223b733a31333a22616c6c6f636174696f6e5f6964223b733a343a2231383433223b733a31333a22617661696c61626c655f616d74223b643a3630303b733a393a22746f74616c5f657870223b643a303b733a383a2262675f636f6c6f72223b733a373a2223463345324139223b733a31303a22666f6e745f636f6c6f72223b733a343a2223303030223b7d693a35333b613a31363a7b733a31333a226974656d5f6d6f6e5f79656172223b733a373a2230332d32303139223b733a373a226974656d5f6964223b733a323a223638223b733a393a226974656d5f6e616d65223b733a31303a224578745f41616b617368223b733a31313a226974656d5f6361745f6964223b733a313a2239223b733a383a226974656d5f636174223b733a363a22434320457870223b733a373a227061795f646179223b733a313a2231223b733a31323a226c6173745f75706461746564223b733a31393a22323031392d30332d30312031323a30303a3037223b733a373a22616363745f6964223b733a323a223130223b733a393a22616363745f6e616d65223b733a31313a224352454449545f43415244223b733a373a226578705f617272223b613a313a7b693a303b613a363a7b733a323a224944223b733a343a2232303932223b733a31313a224558505f4954454d5f4944223b733a323a223638223b733a373a224558505f414d54223b733a343a22312e3030223b733a383a224558505f534c4f54223b733a313a2231223b733a383a224558505f44415445223b733a31393a22323031392d30332d30312031323a30303a3037223b733a353a22736c5f6e6f223b693a313b7d7d733a383a226465706f5f616d74223b733a343a22312e3030223b733a31333a22616c6c6f636174696f6e5f6964223b733a343a2231383834223b733a31333a22617661696c61626c655f616d74223b643a303b733a393a22746f74616c5f657870223b643a313b733a383a2262675f636f6c6f72223b733a373a2223464646383333223b733a31303a22666f6e745f636f6c6f72223b733a343a2223303030223b7d693a35343b613a31363a7b733a31333a226974656d5f6d6f6e5f79656172223b733a373a2230332d32303139223b733a373a226974656d5f6964223b733a323a223731223b733a393a226974656d5f6e616d65223b733a383a224578745f486f6d65223b733a31313a226974656d5f6361745f6964223b733a313a2239223b733a383a226974656d5f636174223b733a363a22434320457870223b733a373a227061795f646179223b733a313a2231223b733a31323a226c6173745f75706461746564223b733a31393a22323031392d30332d30312031323a30303a3037223b733a373a22616363745f6964223b733a323a223130223b733a393a22616363745f6e616d65223b733a31313a224352454449545f43415244223b733a373a226578705f617272223b613a313a7b693a303b613a363a7b733a323a224944223b733a343a2232303935223b733a31313a224558505f4954454d5f4944223b733a323a223731223b733a373a224558505f414d54223b733a343a22312e3030223b733a383a224558505f534c4f54223b733a313a2231223b733a383a224558505f44415445223b733a31393a22323031392d30332d30312031323a30303a3037223b733a353a22736c5f6e6f223b693a313b7d7d733a383a226465706f5f616d74223b733a343a22312e3030223b733a31333a22616c6c6f636174696f6e5f6964223b733a343a2231383837223b733a31333a22617661696c61626c655f616d74223b643a303b733a393a22746f74616c5f657870223b643a313b733a383a2262675f636f6c6f72223b733a373a2223464646383333223b733a31303a22666f6e745f636f6c6f72223b733a343a2223303030223b7d693a35353b613a31363a7b733a31333a226974656d5f6d6f6e5f79656172223b733a373a2230332d32303139223b733a373a226974656d5f6964223b733a323a223732223b733a393a226974656d5f6e616d65223b733a31363a224578745f6d6973736c6c656e696f7573223b733a31313a226974656d5f6361745f6964223b733a313a2239223b733a383a226974656d5f636174223b733a363a22434320457870223b733a373a227061795f646179223b733a313a2231223b733a31323a226c6173745f75706461746564223b733a31393a22323031392d30332d30312031323a30303a3037223b733a373a22616363745f6964223b733a323a223130223b733a393a22616363745f6e616d65223b733a31313a224352454449545f43415244223b733a373a226578705f617272223b613a313a7b693a303b613a363a7b733a323a224944223b733a343a2232303936223b733a31313a224558505f4954454d5f4944223b733a323a223732223b733a373a224558505f414d54223b733a343a22312e3030223b733a383a224558505f534c4f54223b733a313a2231223b733a383a224558505f44415445223b733a31393a22323031392d30332d30312031323a30303a3037223b733a353a22736c5f6e6f223b693a313b7d7d733a383a226465706f5f616d74223b733a343a22312e3030223b733a31333a22616c6c6f636174696f6e5f6964223b733a343a2231383838223b733a31333a22617661696c61626c655f616d74223b643a303b733a393a22746f74616c5f657870223b643a313b733a383a2262675f636f6c6f72223b733a373a2223464646383333223b733a31303a22666f6e745f636f6c6f72223b733a343a2223303030223b7d693a35363b613a31363a7b733a31333a226974656d5f6d6f6e5f79656172223b733a373a2230332d32303139223b733a373a226974656d5f6964223b733a323a223639223b733a393a226974656d5f6e616d65223b733a393a224578745f52696e6b75223b733a31313a226974656d5f6361745f6964223b733a313a2239223b733a383a226974656d5f636174223b733a363a22434320457870223b733a373a227061795f646179223b733a313a2231223b733a31323a226c6173745f75706461746564223b733a31393a22323031392d30332d30312031323a30303a3037223b733a373a22616363745f6964223b733a323a223130223b733a393a22616363745f6e616d65223b733a31313a224352454449545f43415244223b733a373a226578705f617272223b613a313a7b693a303b613a363a7b733a323a224944223b733a343a2232303933223b733a31313a224558505f4954454d5f4944223b733a323a223639223b733a373a224558505f414d54223b733a343a22312e3030223b733a383a224558505f534c4f54223b733a313a2231223b733a383a224558505f44415445223b733a31393a22323031392d30332d30312031323a30303a3037223b733a353a22736c5f6e6f223b693a313b7d7d733a383a226465706f5f616d74223b733a343a22312e3030223b733a31333a22616c6c6f636174696f6e5f6964223b733a343a2231383835223b733a31333a22617661696c61626c655f616d74223b643a303b733a393a22746f74616c5f657870223b643a313b733a383a2262675f636f6c6f72223b733a373a2223464646383333223b733a31303a22666f6e745f636f6c6f72223b733a343a2223303030223b7d693a35373b613a31363a7b733a31333a226974656d5f6d6f6e5f79656172223b733a373a2230332d32303139223b733a373a226974656d5f6964223b733a323a223730223b733a393a226974656d5f6e616d65223b733a383a224578745f59617368223b733a31313a226974656d5f6361745f6964223b733a313a2239223b733a383a226974656d5f636174223b733a363a22434320457870223b733a373a227061795f646179223b733a313a2231223b733a31323a226c6173745f75706461746564223b733a31393a22323031392d30332d30312031323a30303a3037223b733a373a22616363745f6964223b733a323a223130223b733a393a22616363745f6e616d65223b733a31313a224352454449545f43415244223b733a373a226578705f617272223b613a313a7b693a303b613a363a7b733a323a224944223b733a343a2232303934223b733a31313a224558505f4954454d5f4944223b733a323a223730223b733a373a224558505f414d54223b733a343a22312e3030223b733a383a224558505f534c4f54223b733a313a2231223b733a383a224558505f44415445223b733a31393a22323031392d30332d30312031323a30303a3037223b733a353a22736c5f6e6f223b693a313b7d7d733a383a226465706f5f616d74223b733a343a22312e3030223b733a31333a22616c6c6f636174696f6e5f6964223b733a343a2231383836223b733a31333a22617661696c61626c655f616d74223b643a303b733a393a22746f74616c5f657870223b643a313b733a383a2262675f636f6c6f72223b733a373a2223464646383333223b733a31303a22666f6e745f636f6c6f72223b733a343a2223303030223b7d7d, 1);
INSERT INTO `ec_debug` (`ID`, `FUNC_NAME`, `START_TIME`, `END_TIME`, `CALL_BY`, `QUERY_STR`, `QUERY_RESULT`, `USER_ID`) VALUES
(711, 'Home::showMonthlyStatusCurrent', '0.073374', '0.127937', '', '', 0x733a303a22223b, 1),
(712, 'sqlmodel::_get_list_of_months', '0.073405', '0.073755', ' << showMonthlyStatusCurrent', 'SELECT * \r\n		FROM ec_months \r\n		ORDER BY MONTH_NUMBER ASC', 0x613a333a7b693a323031373b613a31323a7b693a303b613a323a7b733a31323a226d6f6e74685f6e756d626572223b733a323a223031223b733a31303a226d6f6e74685f6e616d65223b733a373a224a616e75617279223b7d693a313b613a323a7b733a31323a226d6f6e74685f6e756d626572223b733a323a223032223b733a31303a226d6f6e74685f6e616d65223b733a383a224665627275617279223b7d693a323b613a323a7b733a31323a226d6f6e74685f6e756d626572223b733a323a223033223b733a31303a226d6f6e74685f6e616d65223b733a353a224d61726368223b7d693a333b613a323a7b733a31323a226d6f6e74685f6e756d626572223b733a323a223034223b733a31303a226d6f6e74685f6e616d65223b733a353a22417072696c223b7d693a343b613a323a7b733a31323a226d6f6e74685f6e756d626572223b733a323a223035223b733a31303a226d6f6e74685f6e616d65223b733a333a224d6179223b7d693a353b613a323a7b733a31323a226d6f6e74685f6e756d626572223b733a323a223036223b733a31303a226d6f6e74685f6e616d65223b733a343a224a756e65223b7d693a363b613a323a7b733a31323a226d6f6e74685f6e756d626572223b733a323a223037223b733a31303a226d6f6e74685f6e616d65223b733a343a224a756c79223b7d693a373b613a323a7b733a31323a226d6f6e74685f6e756d626572223b733a323a223038223b733a31303a226d6f6e74685f6e616d65223b733a363a22417567757374223b7d693a383b613a323a7b733a31323a226d6f6e74685f6e756d626572223b733a323a223039223b733a31303a226d6f6e74685f6e616d65223b733a393a2253657074656d626572223b7d693a393b613a323a7b733a31323a226d6f6e74685f6e756d626572223b733a323a223130223b733a31303a226d6f6e74685f6e616d65223b733a373a224f63746f626572223b7d693a31303b613a323a7b733a31323a226d6f6e74685f6e756d626572223b733a323a223131223b733a31303a226d6f6e74685f6e616d65223b733a383a224e6f76656d626572223b7d693a31313b613a323a7b733a31323a226d6f6e74685f6e756d626572223b733a323a223132223b733a31303a226d6f6e74685f6e616d65223b733a383a22446563656d626572223b7d7d693a323031383b613a31323a7b693a303b613a323a7b733a31323a226d6f6e74685f6e756d626572223b733a323a223031223b733a31303a226d6f6e74685f6e616d65223b733a373a224a616e75617279223b7d693a313b613a323a7b733a31323a226d6f6e74685f6e756d626572223b733a323a223032223b733a31303a226d6f6e74685f6e616d65223b733a383a224665627275617279223b7d693a323b613a323a7b733a31323a226d6f6e74685f6e756d626572223b733a323a223033223b733a31303a226d6f6e74685f6e616d65223b733a353a224d61726368223b7d693a333b613a323a7b733a31323a226d6f6e74685f6e756d626572223b733a323a223034223b733a31303a226d6f6e74685f6e616d65223b733a353a22417072696c223b7d693a343b613a323a7b733a31323a226d6f6e74685f6e756d626572223b733a323a223035223b733a31303a226d6f6e74685f6e616d65223b733a333a224d6179223b7d693a353b613a323a7b733a31323a226d6f6e74685f6e756d626572223b733a323a223036223b733a31303a226d6f6e74685f6e616d65223b733a343a224a756e65223b7d693a363b613a323a7b733a31323a226d6f6e74685f6e756d626572223b733a323a223037223b733a31303a226d6f6e74685f6e616d65223b733a343a224a756c79223b7d693a373b613a323a7b733a31323a226d6f6e74685f6e756d626572223b733a323a223038223b733a31303a226d6f6e74685f6e616d65223b733a363a22417567757374223b7d693a383b613a323a7b733a31323a226d6f6e74685f6e756d626572223b733a323a223039223b733a31303a226d6f6e74685f6e616d65223b733a393a2253657074656d626572223b7d693a393b613a323a7b733a31323a226d6f6e74685f6e756d626572223b733a323a223130223b733a31303a226d6f6e74685f6e616d65223b733a373a224f63746f626572223b7d693a31303b613a323a7b733a31323a226d6f6e74685f6e756d626572223b733a323a223131223b733a31303a226d6f6e74685f6e616d65223b733a383a224e6f76656d626572223b7d693a31313b613a323a7b733a31323a226d6f6e74685f6e756d626572223b733a323a223132223b733a31303a226d6f6e74685f6e616d65223b733a383a22446563656d626572223b7d7d693a323031393b613a31323a7b693a303b613a323a7b733a31323a226d6f6e74685f6e756d626572223b733a323a223031223b733a31303a226d6f6e74685f6e616d65223b733a373a224a616e75617279223b7d693a313b613a323a7b733a31323a226d6f6e74685f6e756d626572223b733a323a223032223b733a31303a226d6f6e74685f6e616d65223b733a383a224665627275617279223b7d693a323b613a323a7b733a31323a226d6f6e74685f6e756d626572223b733a323a223033223b733a31303a226d6f6e74685f6e616d65223b733a353a224d61726368223b7d693a333b613a323a7b733a31323a226d6f6e74685f6e756d626572223b733a323a223034223b733a31303a226d6f6e74685f6e616d65223b733a353a22417072696c223b7d693a343b613a323a7b733a31323a226d6f6e74685f6e756d626572223b733a323a223035223b733a31303a226d6f6e74685f6e616d65223b733a333a224d6179223b7d693a353b613a323a7b733a31323a226d6f6e74685f6e756d626572223b733a323a223036223b733a31303a226d6f6e74685f6e616d65223b733a343a224a756e65223b7d693a363b613a323a7b733a31323a226d6f6e74685f6e756d626572223b733a323a223037223b733a31303a226d6f6e74685f6e616d65223b733a343a224a756c79223b7d693a373b613a323a7b733a31323a226d6f6e74685f6e756d626572223b733a323a223038223b733a31303a226d6f6e74685f6e616d65223b733a363a22417567757374223b7d693a383b613a323a7b733a31323a226d6f6e74685f6e756d626572223b733a323a223039223b733a31303a226d6f6e74685f6e616d65223b733a393a2253657074656d626572223b7d693a393b613a323a7b733a31323a226d6f6e74685f6e756d626572223b733a323a223130223b733a31303a226d6f6e74685f6e616d65223b733a373a224f63746f626572223b7d693a31303b613a323a7b733a31323a226d6f6e74685f6e756d626572223b733a323a223131223b733a31303a226d6f6e74685f6e616d65223b733a383a224e6f76656d626572223b7d693a31313b613a323a7b733a31323a226d6f6e74685f6e756d626572223b733a323a223132223b733a31303a226d6f6e74685f6e616d65223b733a383a22446563656d626572223b7d7d7d, 1),
(710, 'MY_Controller::checkSignIn', '0.073344', '0.073361', ' << showMonthlyStatusCurrent', '', 0x733a303a22223b, 1),
(709, 'Home::__construct', '0.07331', '0.07333', '', '', 0x733a303a22223b, 1),
(707, 'sqlmodel::doDefaultEntryForQuesListWithAns', '0.045205', '0.045482', ' << auto_do_default_deposit_for_month', '', 0x733a303a22223b, 1),
(706, 'sqlmodel::doDefaultEntryForWordSent', '0.045035', '0.045191', ' << auto_do_default_deposit_for_month', '', 0x733a303a22223b, 1),
(708, 'sqlmodel::auto_do_add_exp_for_fixed_paid_items', '0.045497', '0.073288', '', 'SELECT ID, DEFAULT_DEPO_AMT, PAY_DAY, EXP_ACCOUNT_ID, ''2019-03-01 02:12:11'' AS depo_date \r\n				FROM `ec_items` \r\n				WHERE FIXED_PAYEE = ''Y'' \r\n				AND ACTIVE = ''Y'' \r\n				AND EXPIRED = ''N'' \r\n				AND DAY(CURDATE()) >= PAY_DAY \r\n				AND USER_ID = 1', 0x733a303a22223b, 1),
(704, 'sqlmodel::auto_do_default_surplus_on_current_balance', '0.044119', '0.045018', ' << auto_do_default_deposit_for_month', '', 0x613a383a7b693a303b613a31303a7b733a323a224944223b733a323a223130223b733a31313a224558505f4143434f554e54223b733a31313a224352454449545f43415244223b733a31313a225052494d4152595f42414c223b733a343a22312e3030223b733a31313a2243555252454e545f42414c223b733a343a22312e3030223b733a31333a22434f4c4f525f434f44455f4944223b733a323a223130223b733a31323a224c4153545f55504441544544223b733a31393a22323031392d30332d30312031323a30303a3037223b733a373a22555345525f4944223b733a313a2231223b733a383a2242475f434f4c4f52223b733a373a2223464646383333223b733a31303a22464f4e545f434f4c4f52223b733a343a2223303030223b733a353a22736c5f6e6f223b693a313b7d693a313b613a31303a7b733a323a224944223b733a313a2236223b733a31313a224558505f4143434f554e54223b733a343a2248444643223b733a31313a225052494d4152595f42414c223b733a383a2231353030302e3030223b733a31313a2243555252454e545f42414c223b733a383a2231323030302e3030223b733a31333a22434f4c4f525f434f44455f4944223b733a313a2236223b733a31323a224c4153545f55504441544544223b733a31393a22323031392d30332d32332030313a34373a3139223b733a373a22555345525f4944223b733a313a2231223b733a383a2242475f434f4c4f52223b733a373a2223413946354243223b733a31303a22464f4e545f434f4c4f52223b733a343a2223303030223b733a353a22736c5f6e6f223b693a323b7d693a323b613a31303a7b733a323a224944223b733a313a2231223b733a31313a224558505f4143434f554e54223b733a393a22484f4d455f43415348223b733a31313a225052494d4152595f42414c223b733a383a2231353030302e3030223b733a31313a2243555252454e545f42414c223b733a383a2231353835302e3030223b733a31333a22434f4c4f525f434f44455f4944223b733a313a2231223b733a31323a224c4153545f55504441544544223b733a31393a22323031392d30332d31362030363a32303a3332223b733a373a22555345525f4944223b733a313a2231223b733a383a2242475f434f4c4f52223b733a373a2223434544384636223b733a31303a22464f4e545f434f4c4f52223b733a343a2223303030223b733a353a22736c5f6e6f223b693a333b7d693a333b613a31303a7b733a323a224944223b733a313a2233223b733a31313a224558505f4143434f554e54223b733a353a224943494349223b733a31313a225052494d4152595f42414c223b733a383a2231353030302e3030223b733a31313a2243555252454e545f42414c223b733a373a22313630302e3030223b733a31333a22434f4c4f525f434f44455f4944223b733a313a2233223b733a31323a224c4153545f55504441544544223b733a31393a22323031392d30332d32332030313a34353a3035223b733a373a22555345525f4944223b733a313a2231223b733a383a2242475f434f4c4f52223b733a373a2223413946354632223b733a31303a22464f4e545f434f4c4f52223b733a343a2223303030223b733a353a22736c5f6e6f223b693a343b7d693a343b613a31303a7b733a323a224944223b733a313a2232223b733a31313a224558505f4143434f554e54223b733a393a2249434943495f52494e223b733a31313a225052494d4152595f42414c223b733a383a2231353030302e3030223b733a31313a2243555252454e545f42414c223b733a373a22393030302e3030223b733a31333a22434f4c4f525f434f44455f4944223b733a313a2232223b733a31323a224c4153545f55504441544544223b733a31393a22323031392d30332d32332030313a34353a3137223b733a373a22555345525f4944223b733a313a2231223b733a383a2242475f434f4c4f52223b733a373a2223454346364345223b733a31303a22464f4e545f434f4c4f52223b733a343a2223303030223b733a353a22736c5f6e6f223b693a353b7d693a353b613a31303a7b733a323a224944223b733a313a2234223b733a31313a224558505f4143434f554e54223b733a333a22534249223b733a31313a225052494d4152595f42414c223b733a383a2231353030302e3030223b733a31313a2243555252454e545f42414c223b733a383a2232313337352e3030223b733a31333a22434f4c4f525f434f44455f4944223b733a313a2234223b733a31323a224c4153545f55504441544544223b733a31393a22323031392d30332d31362030323a30323a3133223b733a373a22555345525f4944223b733a313a2231223b733a383a2242475f434f4c4f52223b733a373a2223463644384345223b733a31303a22464f4e545f434f4c4f52223b733a343a2223303030223b733a353a22736c5f6e6f223b693a363b7d693a363b613a31303a7b733a323a224944223b733a313a2237223b733a31313a224558505f4143434f554e54223b733a363a225342495f4f44223b733a31313a225052494d4152595f42414c223b733a383a2231353030302e3030223b733a31313a2243555252454e545f42414c223b733a383a2237303530302e3030223b733a31333a22434f4c4f525f434f44455f4944223b733a313a2237223b733a31323a224c4153545f55504441544544223b733a31393a22323031392d30332d31362030323a32313a3430223b733a373a22555345525f4944223b733a313a2231223b733a383a2242475f434f4c4f52223b733a373a2223463345324139223b733a31303a22464f4e545f434f4c4f52223b733a343a2223303030223b733a353a22736c5f6e6f223b693a373b7d693a373b613a31303a7b733a323a224944223b733a313a2235223b733a31313a224558505f4143434f554e54223b733a333a22554249223b733a31313a225052494d4152595f42414c223b733a383a2231353030302e3030223b733a31313a2243555252454e545f42414c223b733a383a2233333030302e3030223b733a31333a22434f4c4f525f434f44455f4944223b733a313a2235223b733a31323a224c4153545f55504441544544223b733a31393a22323031392d30332d30372031313a31373a3232223b733a373a22555345525f4944223b733a313a2231223b733a383a2242475f434f4c4f52223b733a373a2223453146354139223b733a31303a22464f4e545f434f4c4f52223b733a343a2223303030223b733a353a22736c5f6e6f223b693a383b7d7d, 1),
(705, 'sqlmodel::_get_accounts_list', '0.044158', '0.045018', ' << auto_do_default_surplus_on_current_balance << auto_do_default_deposit_for_month', 'SELECT a.*, c.BG_COLOR,c.FONT_COLOR \r\n		FROM ec_accounts AS a, ec_color_code AS c  \r\n		WHERE a.USER_ID = 1\r\n		AND c.USER_ID = 1 		\r\n		AND c.ID = a.COLOR_CODE_ID  ORDER BY exp_account ASC', 0x613a383a7b693a303b613a31303a7b733a323a224944223b733a323a223130223b733a31313a224558505f4143434f554e54223b733a31313a224352454449545f43415244223b733a31313a225052494d4152595f42414c223b733a343a22312e3030223b733a31313a2243555252454e545f42414c223b733a343a22312e3030223b733a31333a22434f4c4f525f434f44455f4944223b733a323a223130223b733a31323a224c4153545f55504441544544223b733a31393a22323031392d30332d30312031323a30303a3037223b733a373a22555345525f4944223b733a313a2231223b733a383a2242475f434f4c4f52223b733a373a2223464646383333223b733a31303a22464f4e545f434f4c4f52223b733a343a2223303030223b733a353a22736c5f6e6f223b693a313b7d693a313b613a31303a7b733a323a224944223b733a313a2236223b733a31313a224558505f4143434f554e54223b733a343a2248444643223b733a31313a225052494d4152595f42414c223b733a383a2231353030302e3030223b733a31313a2243555252454e545f42414c223b733a383a2231323030302e3030223b733a31333a22434f4c4f525f434f44455f4944223b733a313a2236223b733a31323a224c4153545f55504441544544223b733a31393a22323031392d30332d32332030313a34373a3139223b733a373a22555345525f4944223b733a313a2231223b733a383a2242475f434f4c4f52223b733a373a2223413946354243223b733a31303a22464f4e545f434f4c4f52223b733a343a2223303030223b733a353a22736c5f6e6f223b693a323b7d693a323b613a31303a7b733a323a224944223b733a313a2231223b733a31313a224558505f4143434f554e54223b733a393a22484f4d455f43415348223b733a31313a225052494d4152595f42414c223b733a383a2231353030302e3030223b733a31313a2243555252454e545f42414c223b733a383a2231353835302e3030223b733a31333a22434f4c4f525f434f44455f4944223b733a313a2231223b733a31323a224c4153545f55504441544544223b733a31393a22323031392d30332d31362030363a32303a3332223b733a373a22555345525f4944223b733a313a2231223b733a383a2242475f434f4c4f52223b733a373a2223434544384636223b733a31303a22464f4e545f434f4c4f52223b733a343a2223303030223b733a353a22736c5f6e6f223b693a333b7d693a333b613a31303a7b733a323a224944223b733a313a2233223b733a31313a224558505f4143434f554e54223b733a353a224943494349223b733a31313a225052494d4152595f42414c223b733a383a2231353030302e3030223b733a31313a2243555252454e545f42414c223b733a373a22313630302e3030223b733a31333a22434f4c4f525f434f44455f4944223b733a313a2233223b733a31323a224c4153545f55504441544544223b733a31393a22323031392d30332d32332030313a34353a3035223b733a373a22555345525f4944223b733a313a2231223b733a383a2242475f434f4c4f52223b733a373a2223413946354632223b733a31303a22464f4e545f434f4c4f52223b733a343a2223303030223b733a353a22736c5f6e6f223b693a343b7d693a343b613a31303a7b733a323a224944223b733a313a2232223b733a31313a224558505f4143434f554e54223b733a393a2249434943495f52494e223b733a31313a225052494d4152595f42414c223b733a383a2231353030302e3030223b733a31313a2243555252454e545f42414c223b733a373a22393030302e3030223b733a31333a22434f4c4f525f434f44455f4944223b733a313a2232223b733a31323a224c4153545f55504441544544223b733a31393a22323031392d30332d32332030313a34353a3137223b733a373a22555345525f4944223b733a313a2231223b733a383a2242475f434f4c4f52223b733a373a2223454346364345223b733a31303a22464f4e545f434f4c4f52223b733a343a2223303030223b733a353a22736c5f6e6f223b693a353b7d693a353b613a31303a7b733a323a224944223b733a313a2234223b733a31313a224558505f4143434f554e54223b733a333a22534249223b733a31313a225052494d4152595f42414c223b733a383a2231353030302e3030223b733a31313a2243555252454e545f42414c223b733a383a2232313337352e3030223b733a31333a22434f4c4f525f434f44455f4944223b733a313a2234223b733a31323a224c4153545f55504441544544223b733a31393a22323031392d30332d31362030323a30323a3133223b733a373a22555345525f4944223b733a313a2231223b733a383a2242475f434f4c4f52223b733a373a2223463644384345223b733a31303a22464f4e545f434f4c4f52223b733a343a2223303030223b733a353a22736c5f6e6f223b693a363b7d693a363b613a31303a7b733a323a224944223b733a313a2237223b733a31313a224558505f4143434f554e54223b733a363a225342495f4f44223b733a31313a225052494d4152595f42414c223b733a383a2231353030302e3030223b733a31313a2243555252454e545f42414c223b733a383a2237303530302e3030223b733a31333a22434f4c4f525f434f44455f4944223b733a313a2237223b733a31323a224c4153545f55504441544544223b733a31393a22323031392d30332d31362030323a32313a3430223b733a373a22555345525f4944223b733a313a2231223b733a383a2242475f434f4c4f52223b733a373a2223463345324139223b733a31303a22464f4e545f434f4c4f52223b733a343a2223303030223b733a353a22736c5f6e6f223b693a373b7d693a373b613a31303a7b733a323a224944223b733a313a2235223b733a31313a224558505f4143434f554e54223b733a333a22554249223b733a31313a225052494d4152595f42414c223b733a383a2231353030302e3030223b733a31313a2243555252454e545f42414c223b733a383a2233333030302e3030223b733a31333a22434f4c4f525f434f44455f4944223b733a313a2235223b733a31323a224c4153545f55504441544544223b733a31393a22323031392d30332d30372031313a31373a3232223b733a373a22555345525f4944223b733a313a2231223b733a383a2242475f434f4c4f52223b733a373a2223453146354139223b733a31303a22464f4e545f434f4c4f52223b733a343a2223303030223b733a353a22736c5f6e6f223b693a383b7d7d, 1),
(702, 'MY_Controller::__construct', '0.000019', '0.073288', '', '', 0x733a303a22223b, 1),
(703, 'sqlmodel::auto_do_default_deposit_for_month', '0.000062', '0.045482', '', 'SELECT ID, DEFAULT_DEPO_AMT, ''2019-03-01 00:00:00'' AS depo_date \r\n				FROM `ec_items` \r\n				WHERE ACTIVE = ''Y'' \r\n				AND EXPIRED = ''N'' \r\n				AND USER_ID = 1', 0x733a303a22223b, 1);

-- --------------------------------------------------------

--
-- Table structure for table `ec_deposit`
--

DROP TABLE IF EXISTS `ec_deposit`;
CREATE TABLE IF NOT EXISTS `ec_deposit` (
  `ID` int(11) NOT NULL AUTO_INCREMENT,
  `DEPO_ITEM_ID` int(11) NOT NULL,
  `DEPO_AMT` float(10,2) NOT NULL,
  `DEPO_DATE` datetime DEFAULT NULL,
  `USER_ID` int(11) NOT NULL,
  PRIMARY KEY (`ID`)
) ENGINE=MyISAM  DEFAULT CHARSET=latin1 AUTO_INCREMENT=1900 ;

--
-- Dumping data for table `ec_deposit`
--

INSERT INTO `ec_deposit` (`ID`, `DEPO_ITEM_ID`, `DEPO_AMT`, `DEPO_DATE`, `USER_ID`) VALUES
(1, 1, 1150.00, '2017-01-01 00:00:00', 1),
(2, 2, 500.00, '2017-01-01 00:00:00', 1),
(3, 3, 600.00, '2017-01-01 00:00:00', 1),
(4, 4, 1200.00, '2017-01-01 00:00:00', 1),
(5, 5, 500.00, '2017-01-01 00:00:00', 1),
(6, 6, 1200.00, '2017-01-01 00:00:00', 1),
(7, 7, 100.00, '2017-01-01 00:00:00', 1),
(8, 8, 250.00, '2017-01-01 00:00:00', 1),
(9, 9, 1000.00, '2017-01-01 00:00:00', 1),
(13, 13, 2000.00, '2017-01-01 00:00:00', 1),
(14, 14, 500.00, '2017-01-01 00:00:00', 1),
(15, 15, 1000.00, '2017-01-01 00:00:00', 1),
(16, 16, 1000.00, '2017-01-01 00:00:00', 1),
(17, 17, 1000.00, '2017-01-01 00:00:00', 1),
(18, 18, 2000.00, '2017-01-01 00:00:00', 1),
(19, 19, 2000.00, '2017-01-01 00:00:00', 1),
(20, 20, 0.00, '2017-01-01 00:00:00', 1),
(21, 21, 0.00, '2017-01-01 00:00:00', 1),
(25, 25, 8500.00, '2017-01-01 00:00:00', 1),
(26, 26, 500.00, '2017-01-01 00:00:00', 1),
(27, 27, 1200.00, '2017-01-01 00:00:00', 1),
(28, 28, 0.00, '2017-01-01 00:00:00', 1),
(29, 29, 0.00, '2017-01-01 00:00:00', 1),
(30, 30, 0.00, '2017-01-01 00:00:00', 1),
(31, 31, 0.00, '2017-01-01 00:00:00', 1),
(32, 32, 0.00, '2017-01-01 00:00:00', 1),
(33, 33, 24154.00, '2017-01-01 00:00:00', 1),
(34, 34, 6471.00, '2017-01-01 00:00:00', 1),
(35, 35, 0.00, '2017-01-01 00:00:00', 1),
(37, 37, 0.00, '2017-01-01 00:00:00', 1),
(38, 38, 0.00, '2017-01-01 00:00:00', 1),
(40, 40, 4000.00, '2017-01-01 00:00:00', 1),
(45, 45, 3000.00, '2017-01-01 00:00:00', 1),
(46, 46, 0.00, '2017-01-01 00:00:00', 1),
(48, 48, 0.00, '2017-01-01 00:00:00', 1),
(51, 51, 916.67, '2017-01-01 00:00:00', 1),
(52, 52, 2500.00, '2017-01-01 00:00:00', 1),
(53, 53, 7500.00, '2017-01-01 00:00:00', 1),
(54, 54, 833.33, '2017-01-01 00:00:00', 1),
(55, 55, 700.00, '2017-01-01 00:00:00', 1),
(56, 56, 750.00, '2017-01-01 00:00:00', 1),
(57, 57, 916.67, '2017-01-01 00:00:00', 1),
(58, 58, 4000.00, '2017-01-01 00:00:00', 1),
(59, 59, 233.33, '2017-01-01 00:00:00', 1),
(61, 61, 0.00, '2017-01-01 00:00:00', 1),
(66, 1, 1150.00, '2017-02-01 00:00:00', 1),
(67, 2, 500.00, '2017-02-01 00:00:00', 1),
(68, 3, 600.00, '2017-02-01 00:00:00', 1),
(69, 4, 1200.00, '2017-02-01 00:00:00', 1),
(70, 5, 500.00, '2017-02-01 00:00:00', 1),
(71, 6, 1200.00, '2017-02-01 00:00:00', 1),
(72, 7, 100.00, '2017-02-01 00:00:00', 1),
(73, 8, 250.00, '2017-02-01 00:00:00', 1),
(74, 9, 1000.00, '2017-02-01 00:00:00', 1),
(78, 13, 2000.00, '2017-02-01 00:00:00', 1),
(79, 14, 500.00, '2017-02-01 00:00:00', 1),
(80, 15, 1000.00, '2017-02-01 00:00:00', 1),
(81, 16, 1000.00, '2017-02-01 00:00:00', 1),
(82, 17, 1000.00, '2017-02-01 00:00:00', 1),
(83, 18, 2000.00, '2017-02-01 00:00:00', 1),
(84, 19, 2000.00, '2017-02-01 00:00:00', 1),
(85, 20, 0.00, '2017-02-01 00:00:00', 1),
(86, 21, 0.00, '2017-02-01 00:00:00', 1),
(90, 25, 8500.00, '2017-02-01 00:00:00', 1),
(91, 26, 500.00, '2017-02-01 00:00:00', 1),
(92, 27, 1200.00, '2017-02-01 00:00:00', 1),
(93, 28, 0.00, '2017-02-01 00:00:00', 1),
(94, 29, 0.00, '2017-02-01 00:00:00', 1),
(95, 30, 0.00, '2017-02-01 00:00:00', 1),
(96, 31, 0.00, '2017-02-01 00:00:00', 1),
(97, 32, 0.00, '2017-02-01 00:00:00', 1),
(98, 33, 24154.00, '2017-02-01 00:00:00', 1),
(99, 34, 6471.00, '2017-02-01 00:00:00', 1),
(100, 35, 0.00, '2017-02-01 00:00:00', 1),
(102, 37, 0.00, '2017-02-01 00:00:00', 1),
(103, 38, 0.00, '2017-02-01 00:00:00', 1),
(105, 40, 4000.00, '2017-02-01 00:00:00', 1),
(110, 45, 3000.00, '2017-02-01 00:00:00', 1),
(111, 46, 0.00, '2017-02-01 00:00:00', 1),
(113, 48, 0.00, '2017-02-01 00:00:00', 1),
(116, 51, 916.67, '2017-02-01 00:00:00', 1),
(117, 52, 2500.00, '2017-02-01 00:00:00', 1),
(118, 53, 7500.00, '2017-02-01 00:00:00', 1),
(119, 54, 833.33, '2017-02-01 00:00:00', 1),
(120, 55, 700.00, '2017-02-01 00:00:00', 1),
(121, 56, 750.00, '2017-02-01 00:00:00', 1),
(122, 57, 916.67, '2017-02-01 00:00:00', 1),
(123, 58, 4000.00, '2017-02-01 00:00:00', 1),
(124, 59, 233.33, '2017-02-01 00:00:00', 1),
(126, 61, 0.00, '2017-02-01 00:00:00', 1),
(131, 1, 1150.00, '2017-03-01 00:00:00', 1),
(132, 2, 500.00, '2017-03-01 00:00:00', 1),
(133, 3, 600.00, '2017-03-01 00:00:00', 1),
(134, 4, 1200.00, '2017-03-01 00:00:00', 1),
(135, 5, 500.00, '2017-03-01 00:00:00', 1),
(136, 6, 1200.00, '2017-03-01 00:00:00', 1),
(137, 7, 100.00, '2017-03-01 00:00:00', 1),
(138, 8, 250.00, '2017-03-01 00:00:00', 1),
(139, 9, 1000.00, '2017-03-01 00:00:00', 1),
(143, 13, 2000.00, '2017-03-01 00:00:00', 1),
(144, 14, 500.00, '2017-03-01 00:00:00', 1),
(145, 15, 1000.00, '2017-03-01 00:00:00', 1),
(146, 16, 1000.00, '2017-03-01 00:00:00', 1),
(147, 17, 1000.00, '2017-03-01 00:00:00', 1),
(148, 18, 2000.00, '2017-03-01 00:00:00', 1),
(149, 19, 2000.00, '2017-03-01 00:00:00', 1),
(150, 20, 0.00, '2017-03-01 00:00:00', 1),
(151, 21, 0.00, '2017-03-01 00:00:00', 1),
(155, 25, 8500.00, '2017-03-01 00:00:00', 1),
(156, 26, 500.00, '2017-03-01 00:00:00', 1),
(157, 27, 1200.00, '2017-03-01 00:00:00', 1),
(158, 28, 0.00, '2017-03-01 00:00:00', 1),
(159, 29, 0.00, '2017-03-01 00:00:00', 1),
(160, 30, 0.00, '2017-03-01 00:00:00', 1),
(161, 31, 0.00, '2017-03-01 00:00:00', 1),
(162, 32, 0.00, '2017-03-01 00:00:00', 1),
(163, 33, 24154.00, '2017-03-01 00:00:00', 1),
(164, 34, 6471.00, '2017-03-01 00:00:00', 1),
(165, 35, 0.00, '2017-03-01 00:00:00', 1),
(167, 37, 0.00, '2017-03-01 00:00:00', 1),
(168, 38, 0.00, '2017-03-01 00:00:00', 1),
(170, 40, 4000.00, '2017-03-01 00:00:00', 1),
(175, 45, 3000.00, '2017-03-01 00:00:00', 1),
(176, 46, 0.00, '2017-03-01 00:00:00', 1),
(178, 48, 0.00, '2017-03-01 00:00:00', 1),
(181, 51, 916.67, '2017-03-01 00:00:00', 1),
(182, 52, 2500.00, '2017-03-01 00:00:00', 1),
(183, 53, 7500.00, '2017-03-01 00:00:00', 1),
(184, 54, 833.33, '2017-03-01 00:00:00', 1),
(185, 55, 700.00, '2017-03-01 00:00:00', 1),
(186, 56, 750.00, '2017-03-01 00:00:00', 1),
(187, 57, 916.67, '2017-03-01 00:00:00', 1),
(188, 58, 4000.00, '2017-03-01 00:00:00', 1),
(189, 59, 233.33, '2017-03-01 00:00:00', 1),
(191, 61, 0.00, '2017-03-01 00:00:00', 1),
(196, 1, 1150.00, '2017-04-01 00:00:00', 1),
(197, 2, 500.00, '2017-04-01 00:00:00', 1),
(198, 3, 600.00, '2017-04-01 00:00:00', 1),
(199, 4, 1200.00, '2017-04-01 00:00:00', 1),
(200, 5, 500.00, '2017-04-01 00:00:00', 1),
(201, 6, 1200.00, '2017-04-01 00:00:00', 1),
(202, 7, 100.00, '2017-04-01 00:00:00', 1),
(203, 8, 250.00, '2017-04-01 00:00:00', 1),
(204, 9, 1000.00, '2017-04-01 00:00:00', 1),
(208, 13, 2000.00, '2017-04-01 00:00:00', 1),
(209, 14, 500.00, '2017-04-01 00:00:00', 1),
(210, 15, 1000.00, '2017-04-01 00:00:00', 1),
(211, 16, 1000.00, '2017-04-01 00:00:00', 1),
(212, 17, 1000.00, '2017-04-01 00:00:00', 1),
(213, 18, 2000.00, '2017-04-01 00:00:00', 1),
(214, 19, 2000.00, '2017-04-01 00:00:00', 1),
(215, 20, 0.00, '2017-04-01 00:00:00', 1),
(216, 21, 0.00, '2017-04-01 00:00:00', 1),
(220, 25, 8500.00, '2017-04-01 00:00:00', 1),
(221, 26, 500.00, '2017-04-01 00:00:00', 1),
(222, 27, 1200.00, '2017-04-01 00:00:00', 1),
(223, 28, 0.00, '2017-04-01 00:00:00', 1),
(224, 29, 0.00, '2017-04-01 00:00:00', 1),
(225, 30, 0.00, '2017-04-01 00:00:00', 1),
(226, 31, 0.00, '2017-04-01 00:00:00', 1),
(227, 32, 0.00, '2017-04-01 00:00:00', 1),
(228, 33, 24154.00, '2017-04-01 00:00:00', 1),
(229, 34, 6471.00, '2017-04-01 00:00:00', 1),
(230, 35, 0.00, '2017-04-01 00:00:00', 1),
(232, 37, 0.00, '2017-04-01 00:00:00', 1),
(233, 38, 0.00, '2017-04-01 00:00:00', 1),
(235, 40, 4000.00, '2017-04-01 00:00:00', 1),
(240, 45, 3000.00, '2017-04-01 00:00:00', 1),
(241, 46, 0.00, '2017-04-01 00:00:00', 1),
(243, 48, 0.00, '2017-04-01 00:00:00', 1),
(246, 51, 916.67, '2017-04-01 00:00:00', 1),
(247, 52, 2500.00, '2017-04-01 00:00:00', 1),
(248, 53, 7500.00, '2017-04-01 00:00:00', 1),
(249, 54, 833.33, '2017-04-01 00:00:00', 1),
(250, 55, 700.00, '2017-04-01 00:00:00', 1),
(251, 56, 750.00, '2017-04-01 00:00:00', 1),
(252, 57, 916.67, '2017-04-01 00:00:00', 1),
(253, 58, 4000.00, '2017-04-01 00:00:00', 1),
(254, 59, 233.33, '2017-04-01 00:00:00', 1),
(256, 61, 0.00, '2017-04-01 00:00:00', 1),
(261, 1, 1150.00, '2017-05-01 00:00:00', 1),
(262, 2, 500.00, '2017-05-01 00:00:00', 1),
(263, 3, 600.00, '2017-05-01 00:00:00', 1),
(264, 4, 1200.00, '2017-05-01 00:00:00', 1),
(265, 5, 500.00, '2017-05-01 00:00:00', 1),
(266, 6, 1200.00, '2017-05-01 00:00:00', 1),
(267, 7, 100.00, '2017-05-01 00:00:00', 1),
(268, 8, 250.00, '2017-05-01 00:00:00', 1),
(269, 9, 1000.00, '2017-05-01 00:00:00', 1),
(273, 13, 2000.00, '2017-05-01 00:00:00', 1),
(274, 14, 500.00, '2017-05-01 00:00:00', 1),
(275, 15, 1000.00, '2017-05-01 00:00:00', 1),
(276, 16, 1000.00, '2017-05-01 00:00:00', 1),
(277, 17, 1000.00, '2017-05-01 00:00:00', 1),
(278, 18, 2000.00, '2017-05-01 00:00:00', 1),
(279, 19, 2000.00, '2017-05-01 00:00:00', 1),
(280, 20, 0.00, '2017-05-01 00:00:00', 1),
(281, 21, 0.00, '2017-05-01 00:00:00', 1),
(285, 25, 8500.00, '2017-05-01 00:00:00', 1),
(286, 26, 500.00, '2017-05-01 00:00:00', 1),
(287, 27, 1200.00, '2017-05-01 00:00:00', 1),
(288, 28, 0.00, '2017-05-01 00:00:00', 1),
(289, 29, 0.00, '2017-05-01 00:00:00', 1),
(290, 30, 0.00, '2017-05-01 00:00:00', 1),
(291, 31, 0.00, '2017-05-01 00:00:00', 1),
(292, 32, 0.00, '2017-05-01 00:00:00', 1),
(293, 33, 24154.00, '2017-05-01 00:00:00', 1),
(294, 34, 6471.00, '2017-05-01 00:00:00', 1),
(295, 35, 0.00, '2017-05-01 00:00:00', 1),
(297, 37, 0.00, '2017-05-01 00:00:00', 1),
(298, 38, 0.00, '2017-05-01 00:00:00', 1),
(300, 40, 4000.00, '2017-05-01 00:00:00', 1),
(305, 45, 3000.00, '2017-05-01 00:00:00', 1),
(306, 46, 0.00, '2017-05-01 00:00:00', 1),
(308, 48, 0.00, '2017-05-01 00:00:00', 1),
(311, 51, 0.00, '2017-05-01 00:00:00', 1),
(312, 52, 2500.00, '2017-05-01 00:00:00', 1),
(313, 53, 7500.00, '2017-05-01 00:00:00', 1),
(314, 54, 0.00, '2017-05-01 00:00:00', 1),
(315, 55, 700.00, '2017-05-01 00:00:00', 1),
(316, 56, 750.00, '2017-05-01 00:00:00', 1),
(317, 57, 0.00, '2017-05-01 00:00:00', 1),
(318, 58, 4000.00, '2017-05-01 00:00:00', 1),
(319, 59, 0.00, '2017-05-01 00:00:00', 1),
(321, 61, 0.00, '2017-05-01 00:00:00', 1),
(326, 66, 4000.00, '2017-05-01 00:00:00', 2),
(327, 67, 3000.00, '2017-05-01 00:00:00', 2),
(328, 1, 1150.00, '2017-06-01 00:00:00', 1),
(329, 2, 500.00, '2017-06-01 00:00:00', 1),
(330, 3, 600.00, '2017-06-01 00:00:00', 1),
(331, 4, 1200.00, '2017-06-01 00:00:00', 1),
(332, 5, 500.00, '2017-06-01 00:00:00', 1),
(333, 6, 1200.00, '2017-06-01 00:00:00', 1),
(334, 7, 100.00, '2017-06-01 00:00:00', 1),
(335, 8, 250.00, '2017-06-01 00:00:00', 1),
(336, 9, 1000.00, '2017-06-01 00:00:00', 1),
(340, 13, 2000.00, '2017-06-01 00:00:00', 1),
(341, 14, 500.00, '2017-06-01 00:00:00', 1),
(342, 15, 1000.00, '2017-06-01 00:00:00', 1),
(343, 16, 1000.00, '2017-06-01 00:00:00', 1),
(344, 17, 1000.00, '2017-06-01 00:00:00', 1),
(345, 18, 2000.00, '2017-06-01 00:00:00', 1),
(346, 19, 2000.00, '2017-06-01 00:00:00', 1),
(347, 20, 0.00, '2017-06-01 00:00:00', 1),
(348, 21, 0.00, '2017-06-01 00:00:00', 1),
(352, 25, 8500.00, '2017-06-01 00:00:00', 1),
(353, 26, 500.00, '2017-06-01 00:00:00', 1),
(354, 27, 1200.00, '2017-06-01 00:00:00', 1),
(355, 28, 0.00, '2017-06-01 00:00:00', 1),
(356, 29, 0.00, '2017-06-01 00:00:00', 1),
(357, 30, 0.00, '2017-06-01 00:00:00', 1),
(358, 31, 0.00, '2017-06-01 00:00:00', 1),
(359, 32, 0.00, '2017-06-01 00:00:00', 1),
(360, 33, 24154.00, '2017-06-01 00:00:00', 1),
(361, 34, 6471.00, '2017-06-01 00:00:00', 1),
(362, 35, 0.00, '2017-06-01 00:00:00', 1),
(364, 37, 0.00, '2017-06-01 00:00:00', 1),
(365, 38, 0.00, '2017-06-01 00:00:00', 1),
(367, 40, 4000.00, '2017-06-01 00:00:00', 1),
(372, 45, 3000.00, '2017-06-01 00:00:00', 1),
(373, 46, 0.00, '2017-06-01 00:00:00', 1),
(375, 48, 0.00, '2017-06-01 00:00:00', 1),
(378, 51, 916.67, '2017-06-01 00:00:00', 1),
(379, 52, 2500.00, '2017-06-01 00:00:00', 1),
(380, 53, 7500.00, '2017-06-01 00:00:00', 1),
(381, 54, 833.33, '2017-06-01 00:00:00', 1),
(382, 55, 700.00, '2017-06-01 00:00:00', 1),
(383, 56, 750.00, '2017-06-01 00:00:00', 1),
(384, 57, 916.67, '2017-06-01 00:00:00', 1),
(385, 58, 4000.00, '2017-06-01 00:00:00', 1),
(386, 59, 233.33, '2017-06-01 00:00:00', 1),
(388, 61, 0.00, '2017-06-01 00:00:00', 1),
(393, 66, 4000.00, '2017-06-01 00:00:00', 2),
(394, 67, 3000.00, '2017-06-01 00:00:00', 2),
(395, 1, 1150.00, '2017-07-01 00:00:00', 1),
(396, 2, 1000.00, '2017-07-01 00:00:00', 1),
(397, 3, 600.00, '2017-07-01 00:00:00', 1),
(398, 4, 1200.00, '2017-07-01 00:00:00', 1),
(399, 5, 500.00, '2017-07-01 00:00:00', 1),
(400, 6, 1200.00, '2017-07-01 00:00:00', 1),
(401, 7, 100.00, '2017-07-01 00:00:00', 1),
(402, 8, 250.00, '2017-07-01 00:00:00', 1),
(403, 9, 1000.00, '2017-07-01 00:00:00', 1),
(407, 13, 2000.00, '2017-07-01 00:00:00', 1),
(408, 14, 500.00, '2017-07-01 00:00:00', 1),
(409, 15, 1000.00, '2017-07-01 00:00:00', 1),
(410, 16, 1000.00, '2017-07-01 00:00:00', 1),
(411, 17, 1000.00, '2017-07-01 00:00:00', 1),
(412, 18, 2000.00, '2017-07-01 00:00:00', 1),
(413, 19, 2000.00, '2017-07-01 00:00:00', 1),
(414, 20, 0.00, '2017-07-01 00:00:00', 1),
(415, 21, 0.00, '2017-07-01 00:00:00', 1),
(419, 25, 8500.00, '2017-07-01 00:00:00', 1),
(420, 26, 500.00, '2017-07-01 00:00:00', 1),
(421, 27, 1200.00, '2017-07-01 00:00:00', 1),
(422, 28, 0.00, '2017-07-01 00:00:00', 1),
(423, 29, 0.00, '2017-07-01 00:00:00', 1),
(424, 30, 0.00, '2017-07-01 00:00:00', 1),
(425, 31, 0.00, '2017-07-01 00:00:00', 1),
(426, 32, 0.00, '2017-07-01 00:00:00', 1),
(427, 33, 24154.00, '2017-07-01 00:00:00', 1),
(428, 34, 6471.00, '2017-07-01 00:00:00', 1),
(429, 35, 0.00, '2017-07-01 00:00:00', 1),
(431, 37, 0.00, '2017-07-01 00:00:00', 1),
(432, 38, 0.00, '2017-07-01 00:00:00', 1),
(434, 40, 4000.00, '2017-07-01 00:00:00', 1),
(439, 45, 3000.00, '2017-07-01 00:00:00', 1),
(440, 46, 0.00, '2017-07-01 00:00:00', 1),
(442, 48, 0.00, '2017-07-01 00:00:00', 1),
(445, 51, 916.67, '2017-07-01 00:00:00', 1),
(446, 52, 2500.00, '2017-07-01 00:00:00', 1),
(447, 53, 7500.00, '2017-07-01 00:00:00', 1),
(448, 54, 833.33, '2017-07-01 00:00:00', 1),
(449, 55, 700.00, '2017-07-01 00:00:00', 1),
(450, 56, 750.00, '2017-07-01 00:00:00', 1),
(451, 57, 916.67, '2017-07-01 00:00:00', 1),
(452, 58, 4000.00, '2017-07-01 00:00:00', 1),
(453, 59, 600.00, '2017-07-01 00:00:00', 1),
(455, 61, 0.00, '2017-07-01 00:00:00', 1),
(460, 68, 9500.00, '2017-07-01 00:00:00', 1),
(461, 69, 0.00, '2017-07-01 00:00:00', 1),
(462, 70, 0.00, '2017-07-01 00:00:00', 1),
(463, 71, 0.00, '2017-07-01 00:00:00', 1),
(464, 72, 0.00, '2017-07-01 00:00:00', 1),
(465, 68, 10030.00, '2017-06-01 00:00:00', 1),
(466, 69, 0.00, '2017-06-01 00:00:00', 1),
(467, 70, 0.00, '2017-06-01 00:00:00', 1),
(468, 71, 0.00, '2017-06-01 00:00:00', 1),
(469, 72, 0.00, '2017-06-01 00:00:00', 1),
(470, 68, 28000.00, '2017-05-01 00:00:00', 1),
(471, 69, 0.00, '2017-05-01 00:00:00', 1),
(472, 70, 0.00, '2017-05-01 00:00:00', 1),
(473, 71, 0.00, '2017-05-01 00:00:00', 1),
(474, 72, 0.00, '2017-05-01 00:00:00', 1),
(475, 68, 9500.00, '2017-04-01 00:00:00', 1),
(476, 69, 0.00, '2017-04-01 00:00:00', 1),
(477, 70, 0.00, '2017-04-01 00:00:00', 1),
(478, 71, 0.00, '2017-04-01 00:00:00', 1),
(479, 72, 0.00, '2017-04-01 00:00:00', 1),
(480, 68, 9500.00, '2017-03-01 00:00:00', 1),
(481, 69, 0.00, '2017-03-01 00:00:00', 1),
(482, 70, 0.00, '2017-03-01 00:00:00', 1),
(483, 71, 0.00, '2017-03-01 00:00:00', 1),
(484, 72, 20000.00, '2017-03-01 00:00:00', 1),
(485, 68, 9500.00, '2017-02-01 00:00:00', 1),
(486, 69, 0.00, '2017-02-01 00:00:00', 1),
(487, 70, 0.00, '2017-02-01 00:00:00', 1),
(488, 71, 0.00, '2017-02-01 00:00:00', 1),
(489, 72, 0.00, '2017-02-01 00:00:00', 1),
(490, 68, 9500.00, '2017-01-01 00:00:00', 1),
(491, 69, 0.00, '2017-01-01 00:00:00', 1),
(492, 70, 0.00, '2017-01-01 00:00:00', 1),
(493, 71, 0.00, '2017-01-01 00:00:00', 1),
(494, 72, 0.00, '2017-01-01 00:00:00', 1),
(495, 1, 1150.00, '2017-08-01 00:00:00', 1),
(496, 2, 500.00, '2017-08-01 00:00:00', 1),
(497, 3, 600.00, '2017-08-01 00:00:00', 1),
(498, 4, 1200.00, '2017-08-01 00:00:00', 1),
(499, 5, 500.00, '2017-08-01 00:00:00', 1),
(500, 6, 1200.00, '2017-08-01 00:00:00', 1),
(501, 7, 100.00, '2017-08-01 00:00:00', 1),
(502, 8, 250.00, '2017-08-01 00:00:00', 1),
(503, 9, 1000.00, '2017-08-01 00:00:00', 1),
(507, 13, 2000.00, '2017-08-01 00:00:00', 1),
(508, 14, 500.00, '2017-08-01 00:00:00', 1),
(509, 15, 1000.00, '2017-08-01 00:00:00', 1),
(510, 16, 1000.00, '2017-08-01 00:00:00', 1),
(511, 17, 1000.00, '2017-08-01 00:00:00', 1),
(512, 18, 2000.00, '2017-08-01 00:00:00', 1),
(513, 19, 2000.00, '2017-08-01 00:00:00', 1),
(514, 20, 0.00, '2017-08-01 00:00:00', 1),
(515, 21, 0.00, '2017-08-01 00:00:00', 1),
(519, 25, 8500.00, '2017-08-01 00:00:00', 1),
(520, 26, 500.00, '2017-08-01 00:00:00', 1),
(521, 27, 1200.00, '2017-08-01 00:00:00', 1),
(522, 28, 0.00, '2017-08-01 00:00:00', 1),
(523, 29, 0.00, '2017-08-01 00:00:00', 1),
(524, 30, 0.00, '2017-08-01 00:00:00', 1),
(525, 31, 0.00, '2017-08-01 00:00:00', 1),
(526, 32, 0.00, '2017-08-01 00:00:00', 1),
(527, 33, 24154.00, '2017-08-01 00:00:00', 1),
(528, 34, 6471.00, '2017-08-01 00:00:00', 1),
(529, 35, 0.00, '2017-08-01 00:00:00', 1),
(531, 37, 0.00, '2017-08-01 00:00:00', 1),
(532, 38, 0.00, '2017-08-01 00:00:00', 1),
(534, 40, 4000.00, '2017-08-01 00:00:00', 1),
(539, 45, 3000.00, '2017-08-01 00:00:00', 1),
(540, 46, 0.00, '2017-08-01 00:00:00', 1),
(542, 48, 0.00, '2017-08-01 00:00:00', 1),
(545, 51, 916.67, '2017-08-01 00:00:00', 1),
(546, 52, 2500.00, '2017-08-01 00:00:00', 1),
(547, 53, 7500.00, '2017-08-01 00:00:00', 1),
(548, 54, 833.33, '2017-08-01 00:00:00', 1),
(549, 55, 700.00, '2017-08-01 00:00:00', 1),
(550, 56, 750.00, '2017-08-01 00:00:00', 1),
(551, 57, 916.67, '2017-08-01 00:00:00', 1),
(552, 58, 4000.00, '2017-08-01 00:00:00', 1),
(553, 59, 233.33, '2017-08-01 00:00:00', 1),
(555, 61, 0.00, '2017-08-01 00:00:00', 1),
(560, 68, 30000.00, '2017-08-01 00:00:00', 1),
(561, 69, 1.00, '2017-08-01 00:00:00', 1),
(562, 70, 1.00, '2017-08-01 00:00:00', 1),
(563, 71, 1.00, '2017-08-01 00:00:00', 1),
(564, 72, 0.00, '2017-08-01 00:00:00', 1),
(565, 1, 1150.00, '2017-09-01 00:00:00', 1),
(566, 2, 500.00, '2017-09-01 00:00:00', 1),
(567, 3, 600.00, '2017-09-01 00:00:00', 1),
(568, 4, 1200.00, '2017-09-01 00:00:00', 1),
(569, 5, 500.00, '2017-09-01 00:00:00', 1),
(570, 6, 1200.00, '2017-09-01 00:00:00', 1),
(571, 7, 100.00, '2017-09-01 00:00:00', 1),
(572, 8, 250.00, '2017-09-01 00:00:00', 1),
(573, 9, 1000.00, '2017-09-01 00:00:00', 1),
(577, 13, 2000.00, '2017-09-01 00:00:00', 1),
(578, 14, 500.00, '2017-09-01 00:00:00', 1),
(579, 15, 1000.00, '2017-09-01 00:00:00', 1),
(580, 16, 1000.00, '2017-09-01 00:00:00', 1),
(581, 17, 1000.00, '2017-09-01 00:00:00', 1),
(582, 18, 2000.00, '2017-09-01 00:00:00', 1),
(583, 19, 2000.00, '2017-09-01 00:00:00', 1),
(584, 20, 0.00, '2017-09-01 00:00:00', 1),
(585, 21, 0.00, '2017-09-01 00:00:00', 1),
(589, 25, 8500.00, '2017-09-01 00:00:00', 1),
(590, 26, 500.00, '2017-09-01 00:00:00', 1),
(591, 27, 1200.00, '2017-09-01 00:00:00', 1),
(592, 28, 0.00, '2017-09-01 00:00:00', 1),
(593, 29, 0.00, '2017-09-01 00:00:00', 1),
(594, 30, 0.00, '2017-09-01 00:00:00', 1),
(595, 31, 0.00, '2017-09-01 00:00:00', 1),
(596, 32, 0.00, '2017-09-01 00:00:00', 1),
(597, 33, 24154.00, '2017-09-01 00:00:00', 1),
(598, 34, 6471.00, '2017-09-01 00:00:00', 1),
(599, 35, 0.00, '2017-09-01 00:00:00', 1),
(601, 37, 0.00, '2017-09-01 00:00:00', 1),
(602, 38, 0.00, '2017-09-01 00:00:00', 1),
(604, 40, 4000.00, '2017-09-01 00:00:00', 1),
(609, 45, 3000.00, '2017-09-01 00:00:00', 1),
(610, 46, 0.00, '2017-09-01 00:00:00', 1),
(612, 48, 0.00, '2017-09-01 00:00:00', 1),
(615, 51, 916.67, '2017-09-01 00:00:00', 1),
(616, 52, 2500.00, '2017-09-01 00:00:00', 1),
(617, 53, 7500.00, '2017-09-01 00:00:00', 1),
(618, 54, 833.33, '2017-09-01 00:00:00', 1),
(619, 55, 700.00, '2017-09-01 00:00:00', 1),
(620, 56, 750.00, '2017-09-01 00:00:00', 1),
(621, 57, 916.67, '2017-09-01 00:00:00', 1),
(622, 58, 4000.00, '2017-09-01 00:00:00', 1),
(623, 59, 233.33, '2017-09-01 00:00:00', 1),
(625, 61, 0.00, '2017-09-01 00:00:00', 1),
(630, 68, 20000.00, '2017-09-01 00:00:00', 1),
(631, 69, 1.00, '2017-09-01 00:00:00', 1),
(632, 70, 1.00, '2017-09-01 00:00:00', 1),
(633, 71, 1.00, '2017-09-01 00:00:00', 1),
(634, 72, 1.00, '2017-09-01 00:00:00', 1),
(635, 1, 1150.00, '2017-10-01 00:00:00', 1),
(636, 2, 500.00, '2017-10-01 00:00:00', 1),
(637, 3, 600.00, '2017-10-01 00:00:00', 1),
(638, 4, 1200.00, '2017-10-01 00:00:00', 1),
(639, 5, 500.00, '2017-10-01 00:00:00', 1),
(640, 6, 1200.00, '2017-10-01 00:00:00', 1),
(641, 7, 100.00, '2017-10-01 00:00:00', 1),
(642, 8, 250.00, '2017-10-01 00:00:00', 1),
(643, 9, 1000.00, '2017-10-01 00:00:00', 1),
(647, 13, 2000.00, '2017-10-01 00:00:00', 1),
(648, 14, 500.00, '2017-10-01 00:00:00', 1),
(649, 15, 1000.00, '2017-10-01 00:00:00', 1),
(650, 16, 1000.00, '2017-10-01 00:00:00', 1),
(651, 17, 1000.00, '2017-10-01 00:00:00', 1),
(652, 18, 2000.00, '2017-10-01 00:00:00', 1),
(653, 19, 2000.00, '2017-10-01 00:00:00', 1),
(654, 20, 0.00, '2017-10-01 00:00:00', 1),
(655, 21, 0.00, '2017-10-01 00:00:00', 1),
(659, 25, 8500.00, '2017-10-01 00:00:00', 1),
(660, 26, 500.00, '2017-10-01 00:00:00', 1),
(661, 27, 1200.00, '2017-10-01 00:00:00', 1),
(662, 28, 0.00, '2017-10-01 00:00:00', 1),
(663, 29, 0.00, '2017-10-01 00:00:00', 1),
(664, 30, 0.00, '2017-10-01 00:00:00', 1),
(665, 31, 0.00, '2017-10-01 00:00:00', 1),
(666, 32, 0.00, '2017-10-01 00:00:00', 1),
(667, 33, 24154.00, '2017-10-01 00:00:00', 1),
(668, 34, 6471.00, '2017-10-01 00:00:00', 1),
(669, 35, 0.00, '2017-10-01 00:00:00', 1),
(671, 37, 0.00, '2017-10-01 00:00:00', 1),
(672, 38, 0.00, '2017-10-01 00:00:00', 1),
(674, 40, 4000.00, '2017-10-01 00:00:00', 1),
(679, 45, 3000.00, '2017-10-01 00:00:00', 1),
(680, 46, 0.00, '2017-10-01 00:00:00', 1),
(682, 48, 0.00, '2017-10-01 00:00:00', 1),
(685, 51, 916.67, '2017-10-01 00:00:00', 1),
(686, 52, 2500.00, '2017-10-01 00:00:00', 1),
(687, 53, 7500.00, '2017-10-01 00:00:00', 1),
(688, 54, 833.33, '2017-10-01 00:00:00', 1),
(689, 55, 700.00, '2017-10-01 00:00:00', 1),
(690, 56, 750.00, '2017-10-01 00:00:00', 1),
(691, 57, 916.67, '2017-10-01 00:00:00', 1),
(692, 58, 4000.00, '2017-10-01 00:00:00', 1),
(693, 59, 233.33, '2017-10-01 00:00:00', 1),
(695, 61, 0.00, '2017-10-01 00:00:00', 1),
(700, 68, 1.00, '2017-10-01 00:00:00', 1),
(701, 69, 1.00, '2017-10-01 00:00:00', 1),
(702, 70, 1.00, '2017-10-01 00:00:00', 1),
(703, 71, 22000.00, '2017-10-01 00:00:00', 1),
(704, 72, 1.00, '2017-10-01 00:00:00', 1),
(705, 1, 1150.00, '2017-11-01 00:00:00', 1),
(706, 2, 500.00, '2017-11-01 00:00:00', 1),
(707, 3, 600.00, '2017-11-01 00:00:00', 1),
(708, 4, 1200.00, '2017-11-01 00:00:00', 1),
(709, 5, 500.00, '2017-11-01 00:00:00', 1),
(710, 6, 1200.00, '2017-11-01 00:00:00', 1),
(711, 7, 100.00, '2017-11-01 00:00:00', 1),
(712, 8, 250.00, '2017-11-01 00:00:00', 1),
(713, 9, 1000.00, '2017-11-01 00:00:00', 1),
(717, 13, 2000.00, '2017-11-01 00:00:00', 1),
(718, 14, 500.00, '2017-11-01 00:00:00', 1),
(719, 15, 1000.00, '2017-11-01 00:00:00', 1),
(720, 16, 1000.00, '2017-11-01 00:00:00', 1),
(721, 17, 1000.00, '2017-11-01 00:00:00', 1),
(722, 18, 2000.00, '2017-11-01 00:00:00', 1),
(723, 19, 2000.00, '2017-11-01 00:00:00', 1),
(724, 20, 0.00, '2017-11-01 00:00:00', 1),
(725, 21, 0.00, '2017-11-01 00:00:00', 1),
(729, 25, 8500.00, '2017-11-01 00:00:00', 1),
(730, 26, 500.00, '2017-11-01 00:00:00', 1),
(731, 27, 1200.00, '2017-11-01 00:00:00', 1),
(732, 28, 0.00, '2017-11-01 00:00:00', 1),
(733, 29, 0.00, '2017-11-01 00:00:00', 1),
(734, 30, 0.00, '2017-11-01 00:00:00', 1),
(735, 31, 0.00, '2017-11-01 00:00:00', 1),
(736, 32, 0.00, '2017-11-01 00:00:00', 1),
(737, 33, 24154.00, '2017-11-01 00:00:00', 1),
(738, 34, 6471.00, '2017-11-01 00:00:00', 1),
(739, 35, 0.00, '2017-11-01 00:00:00', 1),
(741, 37, 0.00, '2017-11-01 00:00:00', 1),
(742, 38, 0.00, '2017-11-01 00:00:00', 1),
(744, 40, 4000.00, '2017-11-01 00:00:00', 1),
(749, 45, 3000.00, '2017-11-01 00:00:00', 1),
(750, 46, 0.00, '2017-11-01 00:00:00', 1),
(752, 48, 0.00, '2017-11-01 00:00:00', 1),
(755, 51, 916.67, '2017-11-01 00:00:00', 1),
(756, 52, 2500.00, '2017-11-01 00:00:00', 1),
(757, 53, 7500.00, '2017-11-01 00:00:00', 1),
(758, 54, 833.33, '2017-11-01 00:00:00', 1),
(759, 55, 700.00, '2017-11-01 00:00:00', 1),
(760, 56, 750.00, '2017-11-01 00:00:00', 1),
(761, 57, 916.67, '2017-11-01 00:00:00', 1),
(762, 58, 4000.00, '2017-11-01 00:00:00', 1),
(763, 59, 233.33, '2017-11-01 00:00:00', 1),
(765, 61, 0.00, '2017-11-01 00:00:00', 1),
(770, 68, 25000.00, '2017-11-01 00:00:00', 1),
(771, 69, 1.00, '2017-11-01 00:00:00', 1),
(772, 70, 1.00, '2017-11-01 00:00:00', 1),
(773, 71, 1.00, '2017-11-01 00:00:00', 1),
(774, 72, 1.00, '2017-11-01 00:00:00', 1),
(775, 1, 1150.00, '2017-12-01 00:00:00', 1),
(776, 2, 500.00, '2017-12-01 00:00:00', 1),
(777, 3, 600.00, '2017-12-01 00:00:00', 1),
(778, 4, 1200.00, '2017-12-01 00:00:00', 1),
(779, 5, 500.00, '2017-12-01 00:00:00', 1),
(780, 6, 1200.00, '2017-12-01 00:00:00', 1),
(781, 7, 100.00, '2017-12-01 00:00:00', 1),
(782, 8, 250.00, '2017-12-01 00:00:00', 1),
(783, 9, 1000.00, '2017-12-01 00:00:00', 1),
(787, 13, 2000.00, '2017-12-01 00:00:00', 1),
(788, 14, 500.00, '2017-12-01 00:00:00', 1),
(789, 15, 1000.00, '2017-12-01 00:00:00', 1),
(790, 16, 1000.00, '2017-12-01 00:00:00', 1),
(791, 17, 1000.00, '2017-12-01 00:00:00', 1),
(792, 18, 2000.00, '2017-12-01 00:00:00', 1),
(793, 19, 2000.00, '2017-12-01 00:00:00', 1),
(794, 20, 0.00, '2017-12-01 00:00:00', 1),
(795, 21, 0.00, '2017-12-01 00:00:00', 1),
(799, 25, 8500.00, '2017-12-01 00:00:00', 1),
(800, 26, 500.00, '2017-12-01 00:00:00', 1),
(801, 27, 1200.00, '2017-12-01 00:00:00', 1),
(802, 28, 0.00, '2017-12-01 00:00:00', 1),
(803, 29, 0.00, '2017-12-01 00:00:00', 1),
(804, 30, 0.00, '2017-12-01 00:00:00', 1),
(805, 31, 0.00, '2017-12-01 00:00:00', 1),
(806, 32, 0.00, '2017-12-01 00:00:00', 1),
(807, 33, 24154.00, '2017-12-01 00:00:00', 1),
(808, 34, 6471.00, '2017-12-01 00:00:00', 1),
(809, 35, 0.00, '2017-12-01 00:00:00', 1),
(811, 37, 0.00, '2017-12-01 00:00:00', 1),
(812, 38, 0.00, '2017-12-01 00:00:00', 1),
(814, 40, 4000.00, '2017-12-01 00:00:00', 1),
(819, 45, 3000.00, '2017-12-01 00:00:00', 1),
(820, 46, 0.00, '2017-12-01 00:00:00', 1),
(822, 48, 0.00, '2017-12-01 00:00:00', 1),
(825, 51, 916.67, '2017-12-01 00:00:00', 1),
(826, 52, 2500.00, '2017-12-01 00:00:00', 1),
(827, 53, 7500.00, '2017-12-01 00:00:00', 1),
(828, 54, 833.33, '2017-12-01 00:00:00', 1),
(829, 55, 700.00, '2017-12-01 00:00:00', 1),
(830, 56, 750.00, '2017-12-01 00:00:00', 1),
(831, 57, 916.67, '2017-12-01 00:00:00', 1),
(832, 58, 4000.00, '2017-12-01 00:00:00', 1),
(833, 59, 233.33, '2017-12-01 00:00:00', 1),
(835, 61, 0.00, '2017-12-01 00:00:00', 1),
(840, 68, 55000.00, '2017-12-01 00:00:00', 1),
(841, 69, 1.00, '2017-12-01 00:00:00', 1),
(842, 70, 1.00, '2017-12-01 00:00:00', 1),
(843, 71, 1.00, '2017-12-01 00:00:00', 1),
(844, 72, 1.00, '2017-12-01 00:00:00', 1),
(845, 1, 1150.00, '2018-01-01 00:00:00', 1),
(846, 2, 500.00, '2018-01-01 00:00:00', 1),
(847, 3, 600.00, '2018-01-01 00:00:00', 1),
(848, 4, 1200.00, '2018-01-01 00:00:00', 1),
(849, 5, 500.00, '2018-01-01 00:00:00', 1),
(850, 6, 1400.00, '2018-01-01 00:00:00', 1),
(851, 7, 100.00, '2018-01-01 00:00:00', 1),
(852, 8, 250.00, '2018-01-01 00:00:00', 1),
(853, 9, 1000.00, '2018-01-01 00:00:00', 1),
(857, 13, 2000.00, '2018-01-01 00:00:00', 1),
(858, 14, 500.00, '2018-01-01 00:00:00', 1),
(859, 15, 1000.00, '2018-01-01 00:00:00', 1),
(860, 16, 1000.00, '2018-01-01 00:00:00', 1),
(861, 17, 1000.00, '2018-01-01 00:00:00', 1),
(862, 18, 2000.00, '2018-01-01 00:00:00', 1),
(863, 19, 2000.00, '2018-01-01 00:00:00', 1),
(864, 20, 0.00, '2018-01-01 00:00:00', 1),
(865, 21, 0.00, '2018-01-01 00:00:00', 1),
(869, 25, 8500.00, '2018-01-01 00:00:00', 1),
(870, 26, 500.00, '2018-01-01 00:00:00', 1),
(871, 27, 1200.00, '2018-01-01 00:00:00', 1),
(872, 28, 3000.00, '2018-01-01 00:00:00', 1),
(873, 29, 0.00, '2018-01-01 00:00:00', 1),
(874, 30, 0.00, '2018-01-01 00:00:00', 1),
(875, 31, 3100.00, '2018-01-01 00:00:00', 1),
(876, 32, 0.00, '2018-01-01 00:00:00', 1),
(877, 33, 24154.00, '2018-01-01 00:00:00', 1),
(878, 34, 6471.00, '2018-01-01 00:00:00', 1),
(879, 35, 0.00, '2018-01-01 00:00:00', 1),
(881, 37, 0.00, '2018-01-01 00:00:00', 1),
(882, 38, 0.00, '2018-01-01 00:00:00', 1),
(884, 40, 4000.00, '2018-01-01 00:00:00', 1),
(889, 45, 3000.00, '2018-01-01 00:00:00', 1),
(890, 46, 0.00, '2018-01-01 00:00:00', 1),
(892, 48, 0.00, '2018-01-01 00:00:00', 1),
(895, 51, 916.67, '2018-01-01 00:00:00', 1),
(896, 52, 2500.00, '2018-01-01 00:00:00', 1),
(897, 53, 7500.00, '2018-01-01 00:00:00', 1),
(898, 54, 833.33, '2018-01-01 00:00:00', 1),
(899, 55, 700.00, '2018-01-01 00:00:00', 1),
(900, 56, 750.00, '2018-01-01 00:00:00', 1),
(901, 57, 916.67, '2018-01-01 00:00:00', 1),
(902, 58, 4000.00, '2018-01-01 00:00:00', 1),
(903, 59, 233.33, '2018-01-01 00:00:00', 1),
(905, 61, 0.00, '2018-01-01 00:00:00', 1),
(910, 68, 33000.00, '2018-01-01 00:00:00', 1),
(911, 69, 1.00, '2018-01-01 00:00:00', 1),
(912, 70, 1.00, '2018-01-01 00:00:00', 1),
(913, 71, 1.00, '2018-01-01 00:00:00', 1),
(914, 72, 1.00, '2018-01-01 00:00:00', 1),
(915, 1, 1150.00, '2018-02-01 00:00:00', 1),
(916, 2, 600.00, '2018-02-01 00:00:00', 1),
(917, 3, 600.00, '2018-02-01 00:00:00', 1),
(918, 4, 1200.00, '2018-02-01 00:00:00', 1),
(919, 5, 500.00, '2018-02-01 00:00:00', 1),
(920, 6, 1400.00, '2018-02-01 00:00:00', 1),
(921, 7, 100.00, '2018-02-01 00:00:00', 1),
(922, 8, 250.00, '2018-02-01 00:00:00', 1),
(923, 9, 1000.00, '2018-02-01 00:00:00', 1),
(927, 13, 2000.00, '2018-02-01 00:00:00', 1),
(928, 14, 500.00, '2018-02-01 00:00:00', 1),
(929, 15, 1000.00, '2018-02-01 00:00:00', 1),
(930, 16, 1000.00, '2018-02-01 00:00:00', 1),
(931, 17, 1000.00, '2018-02-01 00:00:00', 1),
(932, 18, 2000.00, '2018-02-01 00:00:00', 1),
(933, 19, 2000.00, '2018-02-01 00:00:00', 1),
(934, 20, 0.00, '2018-02-01 00:00:00', 1),
(935, 21, 0.00, '2018-02-01 00:00:00', 1),
(939, 25, 8500.00, '2018-02-01 00:00:00', 1),
(940, 26, 500.00, '2018-02-01 00:00:00', 1),
(941, 27, 1200.00, '2018-02-01 00:00:00', 1),
(942, 28, 3000.00, '2018-02-01 00:00:00', 1),
(943, 29, 3000.00, '2018-02-01 00:00:00', 1),
(944, 30, 2500.00, '2018-02-01 00:00:00', 1),
(945, 31, 3100.00, '2018-02-01 00:00:00', 1),
(946, 32, 0.00, '2018-02-01 00:00:00', 1),
(947, 33, 24154.00, '2018-02-01 00:00:00', 1),
(948, 34, 6471.00, '2018-02-01 00:00:00', 1),
(949, 35, 0.00, '2018-02-01 00:00:00', 1),
(951, 37, 0.00, '2018-02-01 00:00:00', 1),
(952, 38, 0.00, '2018-02-01 00:00:00', 1),
(954, 40, 4000.00, '2018-02-01 00:00:00', 1),
(959, 45, 3000.00, '2018-02-01 00:00:00', 1),
(960, 46, 0.00, '2018-02-01 00:00:00', 1),
(962, 48, 0.00, '2018-02-01 00:00:00', 1),
(965, 51, 916.67, '2018-02-01 00:00:00', 1),
(966, 52, 2500.00, '2018-02-01 00:00:00', 1),
(967, 53, 7500.00, '2018-02-01 00:00:00', 1),
(968, 54, 833.33, '2018-02-01 00:00:00', 1),
(969, 55, 700.00, '2018-02-01 00:00:00', 1),
(970, 56, 750.00, '2018-02-01 00:00:00', 1),
(971, 57, 916.67, '2018-02-01 00:00:00', 1),
(972, 58, 4000.00, '2018-02-01 00:00:00', 1),
(973, 59, 233.33, '2018-02-01 00:00:00', 1),
(975, 61, 0.00, '2018-02-01 00:00:00', 1),
(980, 68, 12000.00, '2018-02-01 00:00:00', 1),
(981, 69, 1.00, '2018-02-01 00:00:00', 1),
(982, 70, 1.00, '2018-02-01 00:00:00', 1),
(983, 71, 1.00, '2018-02-01 00:00:00', 1),
(984, 72, 1.00, '2018-02-01 00:00:00', 1),
(985, 1, 1150.00, '2018-03-01 00:00:00', 1),
(986, 2, 600.00, '2018-03-01 00:00:00', 1),
(987, 3, 600.00, '2018-03-01 00:00:00', 1),
(988, 4, 1400.00, '2018-03-01 00:00:00', 1),
(989, 5, 500.00, '2018-03-01 00:00:00', 1),
(990, 6, 1400.00, '2018-03-01 00:00:00', 1),
(991, 7, 100.00, '2018-03-01 00:00:00', 1),
(992, 8, 250.00, '2018-03-01 00:00:00', 1),
(993, 9, 1000.00, '2018-03-01 00:00:00', 1),
(997, 13, 2000.00, '2018-03-01 00:00:00', 1),
(998, 14, 500.00, '2018-03-01 00:00:00', 1),
(999, 15, 1000.00, '2018-03-01 00:00:00', 1),
(1000, 16, 1000.00, '2018-03-01 00:00:00', 1),
(1001, 17, 1000.00, '2018-03-01 00:00:00', 1),
(1002, 18, 2000.00, '2018-03-01 00:00:00', 1),
(1003, 19, 2000.00, '2018-03-01 00:00:00', 1),
(1004, 20, 0.00, '2018-03-01 00:00:00', 1),
(1005, 21, 0.00, '2018-03-01 00:00:00', 1),
(1009, 25, 8500.00, '2018-03-01 00:00:00', 1),
(1010, 26, 500.00, '2018-03-01 00:00:00', 1),
(1011, 27, 1200.00, '2018-03-01 00:00:00', 1),
(1012, 28, 3000.00, '2018-03-01 00:00:00', 1),
(1013, 29, 3000.00, '2018-03-01 00:00:00', 1),
(1014, 30, 2500.00, '2018-03-01 00:00:00', 1),
(1015, 31, 3100.00, '2018-03-01 00:00:00', 1),
(1016, 32, 0.00, '2018-03-01 00:00:00', 1),
(1017, 33, 24154.00, '2018-03-01 00:00:00', 1),
(1018, 34, 6471.00, '2018-03-01 00:00:00', 1),
(1019, 35, 3000.00, '2018-03-01 00:00:00', 1),
(1021, 37, 0.00, '2018-03-01 00:00:00', 1),
(1022, 38, 0.00, '2018-03-01 00:00:00', 1),
(1024, 40, 4000.00, '2018-03-01 00:00:00', 1),
(1029, 45, 4000.00, '2018-03-01 00:00:00', 1),
(1030, 46, 0.00, '2018-03-01 00:00:00', 1),
(1032, 48, 0.00, '2018-03-01 00:00:00', 1),
(1035, 51, 916.67, '2018-03-01 00:00:00', 1),
(1036, 52, 2500.00, '2018-03-01 00:00:00', 1),
(1037, 53, 7500.00, '2018-03-01 00:00:00', 1),
(1038, 54, 833.33, '2018-03-01 00:00:00', 1),
(1039, 55, 700.00, '2018-03-01 00:00:00', 1),
(1040, 56, 750.00, '2018-03-01 00:00:00', 1),
(1041, 57, 916.67, '2018-03-01 00:00:00', 1),
(1042, 58, 4000.00, '2018-03-01 00:00:00', 1),
(1043, 59, 233.33, '2018-03-01 00:00:00', 1),
(1045, 61, 0.00, '2018-03-01 00:00:00', 1),
(1050, 68, 1.00, '2018-03-01 00:00:00', 1),
(1051, 69, 1.00, '2018-03-01 00:00:00', 1),
(1052, 70, 1.00, '2018-03-01 00:00:00', 1),
(1053, 71, 42000.00, '2018-03-01 00:00:00', 1),
(1054, 72, 1.00, '2018-03-01 00:00:00', 1),
(1055, 1, 1150.00, '2018-04-01 00:00:00', 1),
(1056, 2, 600.00, '2018-04-01 00:00:00', 1),
(1057, 3, 600.00, '2018-04-01 00:00:00', 1),
(1058, 4, 1400.00, '2018-04-01 00:00:00', 1),
(1059, 5, 500.00, '2018-04-01 00:00:00', 1),
(1060, 6, 1400.00, '2018-04-01 00:00:00', 1),
(1061, 7, 100.00, '2018-04-01 00:00:00', 1),
(1062, 8, 250.00, '2018-04-01 00:00:00', 1),
(1063, 9, 1000.00, '2018-04-01 00:00:00', 1),
(1067, 13, 2000.00, '2018-04-01 00:00:00', 1),
(1068, 14, 500.00, '2018-04-01 00:00:00', 1),
(1069, 15, 1000.00, '2018-04-01 00:00:00', 1),
(1070, 16, 1000.00, '2018-04-01 00:00:00', 1),
(1071, 17, 1000.00, '2018-04-01 00:00:00', 1),
(1072, 18, 2000.00, '2018-04-01 00:00:00', 1),
(1073, 19, 2000.00, '2018-04-01 00:00:00', 1),
(1074, 20, 3000.00, '2018-04-01 00:00:00', 1),
(1075, 21, 0.00, '2018-04-01 00:00:00', 1),
(1079, 25, 8500.00, '2018-04-01 00:00:00', 1),
(1080, 26, 500.00, '2018-04-01 00:00:00', 1),
(1081, 27, 1200.00, '2018-04-01 00:00:00', 1),
(1082, 28, 3000.00, '2018-04-01 00:00:00', 1),
(1083, 29, 3000.00, '2018-04-01 00:00:00', 1),
(1084, 30, 2500.00, '2018-04-01 00:00:00', 1),
(1085, 31, 0.00, '2018-04-01 00:00:00', 1),
(1086, 32, 0.00, '2018-04-01 00:00:00', 1),
(1087, 33, 24154.00, '2018-04-01 00:00:00', 1),
(1088, 34, 6471.00, '2018-04-01 00:00:00', 1),
(1089, 35, 3000.00, '2018-04-01 00:00:00', 1),
(1091, 37, 0.00, '2018-04-01 00:00:00', 1),
(1092, 38, 0.00, '2018-04-01 00:00:00', 1),
(1094, 40, 4000.00, '2018-04-01 00:00:00', 1),
(1099, 45, 4000.00, '2018-04-01 00:00:00', 1),
(1100, 46, 0.00, '2018-04-01 00:00:00', 1),
(1102, 48, 0.00, '2018-04-01 00:00:00', 1),
(1105, 51, 916.67, '2018-04-01 00:00:00', 1),
(1106, 52, 2500.00, '2018-04-01 00:00:00', 1),
(1107, 53, 7500.00, '2018-04-01 00:00:00', 1),
(1108, 54, 833.33, '2018-04-01 00:00:00', 1),
(1109, 55, 700.00, '2018-04-01 00:00:00', 1),
(1110, 56, 750.00, '2018-04-01 00:00:00', 1),
(1111, 57, 916.67, '2018-04-01 00:00:00', 1),
(1112, 58, 4000.00, '2018-04-01 00:00:00', 1),
(1113, 59, 650.00, '2018-04-01 00:00:00', 1),
(1115, 61, 0.00, '2018-04-01 00:00:00', 1),
(1120, 68, 20000.00, '2018-04-01 00:00:00', 1),
(1121, 69, 1.00, '2018-04-01 00:00:00', 1),
(1122, 70, 1.00, '2018-04-01 00:00:00', 1),
(1123, 71, 1.00, '2018-04-01 00:00:00', 1),
(1124, 72, 1.00, '2018-04-01 00:00:00', 1),
(1125, 1, 1150.00, '2018-05-01 00:00:00', 1),
(1126, 2, 600.00, '2018-05-01 00:00:00', 1),
(1127, 3, 600.00, '2018-05-01 00:00:00', 1),
(1128, 4, 1400.00, '2018-05-01 00:00:00', 1),
(1129, 5, 500.00, '2018-05-01 00:00:00', 1),
(1130, 6, 1400.00, '2018-05-01 00:00:00', 1),
(1131, 7, 100.00, '2018-05-01 00:00:00', 1),
(1132, 8, 250.00, '2018-05-01 00:00:00', 1),
(1133, 9, 1000.00, '2018-05-01 00:00:00', 1),
(1137, 13, 2000.00, '2018-05-01 00:00:00', 1),
(1138, 14, 500.00, '2018-05-01 00:00:00', 1),
(1139, 15, 1000.00, '2018-05-01 00:00:00', 1),
(1140, 16, 1000.00, '2018-05-01 00:00:00', 1),
(1141, 17, 1000.00, '2018-05-01 00:00:00', 1),
(1142, 18, 2000.00, '2018-05-01 00:00:00', 1),
(1143, 19, 2000.00, '2018-05-01 00:00:00', 1),
(1144, 20, 3000.00, '2018-05-01 00:00:00', 1),
(1145, 21, 0.00, '2018-05-01 00:00:00', 1),
(1149, 25, 8500.00, '2018-05-01 00:00:00', 1),
(1150, 26, 500.00, '2018-05-01 00:00:00', 1),
(1151, 27, 1200.00, '2018-05-01 00:00:00', 1),
(1152, 28, 3000.00, '2018-05-01 00:00:00', 1),
(1153, 29, 3000.00, '2018-05-01 00:00:00', 1),
(1154, 30, 2500.00, '2018-05-01 00:00:00', 1),
(1155, 31, 0.00, '2018-05-01 00:00:00', 1),
(1156, 32, 0.00, '2018-05-01 00:00:00', 1),
(1157, 33, 24154.00, '2018-05-01 00:00:00', 1),
(1158, 34, 6471.00, '2018-05-01 00:00:00', 1),
(1159, 35, 3000.00, '2018-05-01 00:00:00', 1),
(1161, 37, 0.00, '2018-05-01 00:00:00', 1),
(1162, 38, 0.00, '2018-05-01 00:00:00', 1),
(1164, 40, 4000.00, '2018-05-01 00:00:00', 1),
(1169, 45, 4000.00, '2018-05-01 00:00:00', 1),
(1170, 46, 3000.00, '2018-05-01 00:00:00', 1),
(1172, 48, 0.00, '2018-05-01 00:00:00', 1),
(1175, 51, 916.67, '2018-05-01 00:00:00', 1),
(1176, 52, 2500.00, '2018-05-01 00:00:00', 1),
(1177, 53, 7500.00, '2018-05-01 00:00:00', 1),
(1178, 54, 833.33, '2018-05-01 00:00:00', 1),
(1179, 55, 700.00, '2018-05-01 00:00:00', 1),
(1180, 56, 750.00, '2018-05-01 00:00:00', 1),
(1181, 57, 916.67, '2018-05-01 00:00:00', 1),
(1182, 58, 4000.00, '2018-05-01 00:00:00', 1),
(1183, 59, 233.33, '2018-05-01 00:00:00', 1),
(1185, 61, 0.00, '2018-05-01 00:00:00', 1),
(1190, 68, 20500.00, '2018-05-01 00:00:00', 1),
(1191, 69, 1.00, '2018-05-01 00:00:00', 1),
(1192, 70, 1.00, '2018-05-01 00:00:00', 1),
(1193, 71, 1.00, '2018-05-01 00:00:00', 1),
(1194, 72, 1.00, '2018-05-01 00:00:00', 1),
(1195, 1, 1150.00, '2018-06-01 00:00:00', 1),
(1196, 2, 600.00, '2018-06-01 00:00:00', 1),
(1197, 3, 600.00, '2018-06-01 00:00:00', 1),
(1198, 4, 1400.00, '2018-06-01 00:00:00', 1),
(1199, 5, 500.00, '2018-06-01 00:00:00', 1),
(1200, 6, 1400.00, '2018-06-01 00:00:00', 1),
(1201, 7, 100.00, '2018-06-01 00:00:00', 1),
(1202, 8, 250.00, '2018-06-01 00:00:00', 1),
(1203, 9, 1000.00, '2018-06-01 00:00:00', 1),
(1207, 13, 2000.00, '2018-06-01 00:00:00', 1),
(1208, 14, 500.00, '2018-06-01 00:00:00', 1),
(1209, 15, 1000.00, '2018-06-01 00:00:00', 1),
(1210, 16, 1000.00, '2018-06-01 00:00:00', 1),
(1211, 17, 1000.00, '2018-06-01 00:00:00', 1),
(1212, 18, 2000.00, '2018-06-01 00:00:00', 1),
(1213, 19, 2000.00, '2018-06-01 00:00:00', 1),
(1214, 20, 3000.00, '2018-06-01 00:00:00', 1),
(1215, 21, 0.00, '2018-06-01 00:00:00', 1),
(1219, 25, 8500.00, '2018-06-01 00:00:00', 1),
(1220, 26, 500.00, '2018-06-01 00:00:00', 1),
(1221, 27, 1200.00, '2018-06-01 00:00:00', 1),
(1222, 28, 3000.00, '2018-06-01 00:00:00', 1),
(1223, 29, 3000.00, '2018-06-01 00:00:00', 1),
(1224, 30, 2500.00, '2018-06-01 00:00:00', 1),
(1225, 31, 0.00, '2018-06-01 00:00:00', 1),
(1226, 32, 0.00, '2018-06-01 00:00:00', 1),
(1227, 33, 24154.00, '2018-06-01 00:00:00', 1),
(1228, 34, 6471.00, '2018-06-01 00:00:00', 1),
(1229, 35, 3000.00, '2018-06-01 00:00:00', 1),
(1231, 37, 0.00, '2018-06-01 00:00:00', 1),
(1232, 38, 0.00, '2018-06-01 00:00:00', 1),
(1234, 40, 4000.00, '2018-06-01 00:00:00', 1),
(1239, 45, 4000.00, '2018-06-01 00:00:00', 1),
(1240, 46, 3000.00, '2018-06-01 00:00:00', 1),
(1242, 48, 0.00, '2018-06-01 00:00:00', 1),
(1245, 51, 916.67, '2018-06-01 00:00:00', 1),
(1246, 52, 2500.00, '2018-06-01 00:00:00', 1),
(1247, 53, 7500.00, '2018-06-01 00:00:00', 1),
(1248, 54, 833.33, '2018-06-01 00:00:00', 1),
(1249, 55, 700.00, '2018-06-01 00:00:00', 1),
(1250, 56, 750.00, '2018-06-01 00:00:00', 1),
(1251, 57, 916.67, '2018-06-01 00:00:00', 1),
(1252, 58, 4000.00, '2018-06-01 00:00:00', 1),
(1253, 59, 233.33, '2018-06-01 00:00:00', 1),
(1255, 61, 0.00, '2018-06-01 00:00:00', 1),
(1260, 68, 20000.00, '2018-06-01 00:00:00', 1),
(1261, 69, 1.00, '2018-06-01 00:00:00', 1),
(1262, 70, 1.00, '2018-06-01 00:00:00', 1),
(1263, 71, 1.00, '2018-06-01 00:00:00', 1),
(1264, 72, 1.00, '2018-06-01 00:00:00', 1),
(1265, 1, 1150.00, '2018-07-01 00:00:00', 1),
(1266, 2, 600.00, '2018-07-01 00:00:00', 1),
(1267, 3, 600.00, '2018-07-01 00:00:00', 1),
(1268, 4, 1400.00, '2018-07-01 00:00:00', 1),
(1269, 5, 500.00, '2018-07-01 00:00:00', 1),
(1270, 6, 1400.00, '2018-07-01 00:00:00', 1),
(1271, 7, 100.00, '2018-07-01 00:00:00', 1),
(1272, 8, 250.00, '2018-07-01 00:00:00', 1),
(1273, 9, 1000.00, '2018-07-01 00:00:00', 1),
(1277, 13, 2000.00, '2018-07-01 00:00:00', 1),
(1278, 14, 500.00, '2018-07-01 00:00:00', 1),
(1279, 15, 1000.00, '2018-07-01 00:00:00', 1),
(1280, 16, 1000.00, '2018-07-01 00:00:00', 1),
(1281, 17, 1000.00, '2018-07-01 00:00:00', 1),
(1282, 18, 2000.00, '2018-07-01 00:00:00', 1),
(1283, 19, 2000.00, '2018-07-01 00:00:00', 1),
(1284, 20, 3000.00, '2018-07-01 00:00:00', 1),
(1285, 21, 0.00, '2018-07-01 00:00:00', 1),
(1289, 25, 8500.00, '2018-07-01 00:00:00', 1),
(1290, 26, 500.00, '2018-07-01 00:00:00', 1),
(1291, 27, 1200.00, '2018-07-01 00:00:00', 1),
(1292, 28, 3000.00, '2018-07-01 00:00:00', 1),
(1293, 29, 3000.00, '2018-07-01 00:00:00', 1),
(1294, 30, 2500.00, '2018-07-01 00:00:00', 1),
(1295, 31, 0.00, '2018-07-01 00:00:00', 1),
(1296, 32, 3000.00, '2018-07-01 00:00:00', 1),
(1297, 33, 24154.00, '2018-07-01 00:00:00', 1),
(1298, 34, 6471.00, '2018-07-01 00:00:00', 1),
(1299, 35, 3000.00, '2018-07-01 00:00:00', 1),
(1301, 37, 0.00, '2018-07-01 00:00:00', 1),
(1302, 38, 0.00, '2018-07-01 00:00:00', 1),
(1304, 40, 4000.00, '2018-07-01 00:00:00', 1),
(1309, 45, 4000.00, '2018-07-01 00:00:00', 1),
(1310, 46, 3000.00, '2018-07-01 00:00:00', 1),
(1312, 48, 0.00, '2018-07-01 00:00:00', 1),
(1315, 51, 916.67, '2018-07-01 00:00:00', 1),
(1316, 52, 2500.00, '2018-07-01 00:00:00', 1),
(1317, 53, 7500.00, '2018-07-01 00:00:00', 1),
(1318, 54, 833.33, '2018-07-01 00:00:00', 1),
(1319, 55, 700.00, '2018-07-01 00:00:00', 1),
(1320, 56, 750.00, '2018-07-01 00:00:00', 1),
(1321, 57, 916.67, '2018-07-01 00:00:00', 1),
(1322, 58, 4000.00, '2018-07-01 00:00:00', 1),
(1323, 59, 233.33, '2018-07-01 00:00:00', 1),
(1325, 61, 0.00, '2018-07-01 00:00:00', 1),
(1330, 68, 1.00, '2018-07-01 00:00:00', 1),
(1331, 69, 10000.00, '2018-07-01 00:00:00', 1),
(1332, 70, 1.00, '2018-07-01 00:00:00', 1),
(1333, 71, 1.00, '2018-07-01 00:00:00', 1),
(1334, 72, 1.00, '2018-07-01 00:00:00', 1),
(1335, 73, 2000.00, '2018-07-01 00:00:00', 1),
(1336, 74, 4500.00, '2018-07-01 00:00:00', 1),
(1337, 75, 2000.00, '2018-07-01 00:00:00', 1),
(1338, 76, 2000.00, '2018-07-01 00:00:00', 1),
(1339, 77, 2000.00, '2018-07-01 00:00:00', 1),
(1340, 1, 1150.00, '2018-08-01 00:00:00', 1),
(1341, 2, 600.00, '2018-08-01 00:00:00', 1),
(1342, 3, 600.00, '2018-08-01 00:00:00', 1),
(1343, 4, 1400.00, '2018-08-01 00:00:00', 1),
(1344, 5, 1000.00, '2018-08-01 00:00:00', 1),
(1345, 6, 1400.00, '2018-08-01 00:00:00', 1),
(1346, 7, 200.00, '2018-08-01 00:00:00', 1),
(1347, 8, 250.00, '2018-08-01 00:00:00', 1),
(1348, 9, 1000.00, '2018-08-01 00:00:00', 1),
(1352, 13, 2000.00, '2018-08-01 00:00:00', 1),
(1353, 14, 500.00, '2018-08-01 00:00:00', 1),
(1354, 15, 1000.00, '2018-08-01 00:00:00', 1),
(1355, 16, 1000.00, '2018-08-01 00:00:00', 1),
(1356, 17, 1000.00, '2018-08-01 00:00:00', 1),
(1357, 18, 1000.00, '2018-08-01 00:00:00', 1),
(1358, 19, 1000.00, '2018-08-01 00:00:00', 1),
(1359, 20, 3000.00, '2018-08-01 00:00:00', 1),
(1360, 21, 3000.00, '2018-08-01 00:00:00', 1),
(1364, 25, 8500.00, '2018-08-01 00:00:00', 1),
(1365, 26, 500.00, '2018-08-01 00:00:00', 1),
(1366, 27, 1200.00, '2018-08-01 00:00:00', 1),
(1367, 28, 3000.00, '2018-08-01 00:00:00', 1),
(1368, 29, 3000.00, '2018-08-01 00:00:00', 1),
(1369, 30, 2500.00, '2018-08-01 00:00:00', 1),
(1370, 31, 0.00, '2018-08-01 00:00:00', 1),
(1371, 32, 3000.00, '2018-08-01 00:00:00', 1),
(1372, 33, 24154.00, '2018-08-01 00:00:00', 1),
(1373, 34, 6471.00, '2018-08-01 00:00:00', 1),
(1374, 35, 3000.00, '2018-08-01 00:00:00', 1),
(1376, 37, 5000.00, '2018-08-01 00:00:00', 1),
(1377, 38, 0.00, '2018-08-01 00:00:00', 1),
(1379, 40, 4000.00, '2018-08-01 00:00:00', 1),
(1384, 45, 4000.00, '2018-08-01 00:00:00', 1),
(1385, 46, 3000.00, '2018-08-01 00:00:00', 1),
(1387, 48, 2000.00, '2018-08-01 00:00:00', 1),
(1390, 51, 1000.00, '2018-08-01 00:00:00', 1),
(1391, 52, 2500.00, '2018-08-01 00:00:00', 1),
(1392, 53, 7500.00, '2018-08-01 00:00:00', 1),
(1393, 54, 800.00, '2018-08-01 00:00:00', 1),
(1394, 55, 700.00, '2018-08-01 00:00:00', 1),
(1395, 56, 750.00, '2018-08-01 00:00:00', 1),
(1396, 57, 900.00, '2018-08-01 00:00:00', 1),
(1397, 58, 4000.00, '2018-08-01 00:00:00', 1),
(1398, 59, 300.00, '2018-08-01 00:00:00', 1),
(1400, 61, 0.00, '2018-08-01 00:00:00', 1),
(1405, 68, 1.00, '2018-08-01 00:00:00', 1),
(1406, 69, 1.00, '2018-08-01 00:00:00', 1),
(1407, 70, 1.00, '2018-08-01 00:00:00', 1),
(1408, 71, 1.00, '2018-08-01 00:00:00', 1),
(1409, 72, 1.00, '2018-08-01 00:00:00', 1),
(1410, 73, 500.00, '2018-08-01 00:00:00', 1),
(1411, 74, 3000.00, '2018-08-01 00:00:00', 1),
(1412, 75, 1000.00, '2018-08-01 00:00:00', 1),
(1413, 76, 1000.00, '2018-08-01 00:00:00', 1),
(1414, 77, 1000.00, '2018-08-01 00:00:00', 1),
(1415, 66, 4000.00, '2018-08-01 00:00:00', 2),
(1416, 67, 3000.00, '2018-08-01 00:00:00', 2),
(1417, 1, 1150.00, '2018-09-01 00:00:00', 1),
(1418, 2, 600.00, '2018-09-01 00:00:00', 1),
(1419, 3, 600.00, '2018-09-01 00:00:00', 1),
(1420, 4, 1400.00, '2018-09-01 00:00:00', 1),
(1421, 5, 1000.00, '2018-09-01 00:00:00', 1),
(1422, 6, 1400.00, '2018-09-01 00:00:00', 1),
(1423, 7, 200.00, '2018-09-01 00:00:00', 1),
(1424, 8, 250.00, '2018-09-01 00:00:00', 1),
(1425, 9, 1000.00, '2018-09-01 00:00:00', 1),
(1429, 13, 2000.00, '2018-09-01 00:00:00', 1),
(1430, 14, 500.00, '2018-09-01 00:00:00', 1),
(1431, 15, 1300.00, '2018-09-01 00:00:00', 1),
(1432, 16, 1000.00, '2018-09-01 00:00:00', 1),
(1433, 17, 1000.00, '2018-09-01 00:00:00', 1),
(1434, 18, 1000.00, '2018-09-01 00:00:00', 1),
(1435, 19, 1000.00, '2018-09-01 00:00:00', 1),
(1436, 20, 3000.00, '2018-09-01 00:00:00', 1),
(1437, 21, 3000.00, '2018-09-01 00:00:00', 1),
(1441, 25, 8500.00, '2018-09-01 00:00:00', 1),
(1442, 26, 500.00, '2018-09-01 00:00:00', 1),
(1443, 27, 1200.00, '2018-09-01 00:00:00', 1),
(1444, 28, 3000.00, '2018-09-01 00:00:00', 1),
(1445, 29, 3000.00, '2018-09-01 00:00:00', 1),
(1446, 30, 2500.00, '2018-09-01 00:00:00', 1),
(1447, 31, 0.00, '2018-09-01 00:00:00', 1),
(1448, 32, 3000.00, '2018-09-01 00:00:00', 1),
(1449, 33, 24154.00, '2018-09-01 00:00:00', 1),
(1450, 34, 6471.00, '2018-09-01 00:00:00', 1),
(1451, 35, 3000.00, '2018-09-01 00:00:00', 1),
(1453, 37, 5000.00, '2018-09-01 00:00:00', 1),
(1454, 38, 2000.00, '2018-09-01 00:00:00', 1),
(1456, 40, 4000.00, '2018-09-01 00:00:00', 1),
(1461, 45, 4000.00, '2018-09-01 00:00:00', 1),
(1462, 46, 3000.00, '2018-09-01 00:00:00', 1),
(1464, 48, 2000.00, '2018-09-01 00:00:00', 1),
(1467, 51, 1000.00, '2018-09-01 00:00:00', 1),
(1468, 52, 2500.00, '2018-09-01 00:00:00', 1),
(1469, 53, 7500.00, '2018-09-01 00:00:00', 1),
(1470, 54, 800.00, '2018-09-01 00:00:00', 1),
(1471, 55, 700.00, '2018-09-01 00:00:00', 1),
(1472, 56, 750.00, '2018-09-01 00:00:00', 1),
(1473, 57, 900.00, '2018-09-01 00:00:00', 1),
(1474, 58, 4000.00, '2018-09-01 00:00:00', 1),
(1475, 59, 300.00, '2018-09-01 00:00:00', 1),
(1477, 61, 0.00, '2018-09-01 00:00:00', 1),
(1482, 68, 1.00, '2018-09-01 00:00:00', 1),
(1483, 69, 1.00, '2018-09-01 00:00:00', 1),
(1484, 70, 1.00, '2018-09-01 00:00:00', 1),
(1485, 71, 1.00, '2018-09-01 00:00:00', 1),
(1486, 72, 1.00, '2018-09-01 00:00:00', 1),
(1487, 73, 0.00, '2018-09-01 00:00:00', 1),
(1488, 74, 3500.00, '2018-09-01 00:00:00', 1),
(1489, 75, 0.00, '2018-09-01 00:00:00', 1),
(1490, 76, 1000.00, '2018-09-01 00:00:00', 1),
(1491, 77, 0.00, '2018-09-01 00:00:00', 1),
(1492, 66, 4000.00, '2018-09-01 00:00:00', 2),
(1493, 67, 3000.00, '2018-09-01 00:00:00', 2),
(1494, 1, 1150.00, '2018-10-01 00:00:00', 1),
(1495, 2, 600.00, '2018-10-01 00:00:00', 1),
(1496, 3, 600.00, '2018-10-01 00:00:00', 1),
(1497, 4, 1400.00, '2018-10-01 00:00:00', 1),
(1498, 5, 1000.00, '2018-10-01 00:00:00', 1),
(1499, 6, 1400.00, '2018-10-01 00:00:00', 1),
(1500, 7, 200.00, '2018-10-01 00:00:00', 1),
(1501, 8, 250.00, '2018-10-01 00:00:00', 1),
(1502, 9, 1000.00, '2018-10-01 00:00:00', 1),
(1506, 13, 2000.00, '2018-10-01 00:00:00', 1),
(1507, 14, 500.00, '2018-10-01 00:00:00', 1),
(1508, 15, 1000.00, '2018-10-01 00:00:00', 1),
(1509, 16, 1000.00, '2018-10-01 00:00:00', 1),
(1510, 17, 1000.00, '2018-10-01 00:00:00', 1),
(1511, 18, 1000.00, '2018-10-01 00:00:00', 1),
(1512, 19, 1000.00, '2018-10-01 00:00:00', 1),
(1513, 20, 3000.00, '2018-10-01 00:00:00', 1),
(1514, 21, 3000.00, '2018-10-01 00:00:00', 1),
(1518, 25, 8500.00, '2018-10-01 00:00:00', 1),
(1519, 26, 500.00, '2018-10-01 00:00:00', 1),
(1520, 27, 1200.00, '2018-10-01 00:00:00', 1),
(1521, 28, 3000.00, '2018-10-01 00:00:00', 1),
(1522, 29, 3000.00, '2018-10-01 00:00:00', 1),
(1523, 30, 2500.00, '2018-10-01 00:00:00', 1),
(1524, 31, 0.00, '2018-10-01 00:00:00', 1),
(1525, 32, 3000.00, '2018-10-01 00:00:00', 1),
(1526, 33, 24154.00, '2018-10-01 00:00:00', 1),
(1527, 34, 6471.00, '2018-10-01 00:00:00', 1),
(1528, 35, 3000.00, '2018-10-01 00:00:00', 1),
(1530, 37, 5000.00, '2018-10-01 00:00:00', 1),
(1531, 38, 2000.00, '2018-10-01 00:00:00', 1),
(1533, 40, 4000.00, '2018-10-01 00:00:00', 1),
(1538, 45, 4000.00, '2018-10-01 00:00:00', 1),
(1539, 46, 3000.00, '2018-10-01 00:00:00', 1),
(1541, 48, 2000.00, '2018-10-01 00:00:00', 1),
(1544, 51, 1000.00, '2018-10-01 00:00:00', 1),
(1545, 52, 2500.00, '2018-10-01 00:00:00', 1),
(1546, 53, 7500.00, '2018-10-01 00:00:00', 1),
(1547, 54, 800.00, '2018-10-01 00:00:00', 1),
(1548, 55, 700.00, '2018-10-01 00:00:00', 1),
(1549, 56, 750.00, '2018-10-01 00:00:00', 1),
(1550, 57, 900.00, '2018-10-01 00:00:00', 1),
(1551, 58, 4000.00, '2018-10-01 00:00:00', 1),
(1552, 59, 300.00, '2018-10-01 00:00:00', 1),
(1554, 61, 0.00, '2018-10-01 00:00:00', 1),
(1559, 68, 1.00, '2018-10-01 00:00:00', 1),
(1560, 69, 1.00, '2018-10-01 00:00:00', 1),
(1561, 70, 1.00, '2018-10-01 00:00:00', 1),
(1562, 71, 1.00, '2018-10-01 00:00:00', 1),
(1563, 72, 1.00, '2018-10-01 00:00:00', 1),
(1564, 73, 0.00, '2018-10-01 00:00:00', 1),
(1565, 74, 3500.00, '2018-10-01 00:00:00', 1),
(1566, 75, 0.00, '2018-10-01 00:00:00', 1),
(1567, 76, 1000.00, '2018-10-01 00:00:00', 1),
(1568, 77, 0.00, '2018-10-01 00:00:00', 1),
(1569, 1, 1150.00, '2018-11-01 00:00:00', 1),
(1570, 2, 600.00, '2018-11-01 00:00:00', 1),
(1571, 3, 600.00, '2018-11-01 00:00:00', 1),
(1572, 4, 1400.00, '2018-11-01 00:00:00', 1),
(1573, 5, 1000.00, '2018-11-01 00:00:00', 1),
(1574, 6, 1400.00, '2018-11-01 00:00:00', 1),
(1575, 7, 200.00, '2018-11-01 00:00:00', 1),
(1576, 8, 250.00, '2018-11-01 00:00:00', 1),
(1577, 9, 1000.00, '2018-11-01 00:00:00', 1),
(1581, 13, 2000.00, '2018-11-01 00:00:00', 1),
(1582, 14, 500.00, '2018-11-01 00:00:00', 1),
(1583, 15, 1000.00, '2018-11-01 00:00:00', 1),
(1584, 16, 1000.00, '2018-11-01 00:00:00', 1),
(1585, 17, 1000.00, '2018-11-01 00:00:00', 1),
(1586, 18, 1000.00, '2018-11-01 00:00:00', 1),
(1587, 19, 1000.00, '2018-11-01 00:00:00', 1),
(1588, 20, 3000.00, '2018-11-01 00:00:00', 1),
(1589, 21, 3000.00, '2018-11-01 00:00:00', 1),
(1773, 93, 0.00, '2019-01-01 00:00:00', 1),
(1593, 25, 8500.00, '2018-11-01 00:00:00', 1),
(1594, 26, 500.00, '2018-11-01 00:00:00', 1),
(1595, 27, 1200.00, '2018-11-01 00:00:00', 1),
(1596, 28, 3000.00, '2018-11-01 00:00:00', 1),
(1597, 29, 3000.00, '2018-11-01 00:00:00', 1),
(1598, 30, 2500.00, '2018-11-01 00:00:00', 1),
(1599, 31, 0.00, '2018-11-01 00:00:00', 1),
(1600, 32, 3000.00, '2018-11-01 00:00:00', 1),
(1601, 33, 24154.00, '2018-11-01 00:00:00', 1),
(1602, 34, 6471.00, '2018-11-01 00:00:00', 1),
(1603, 35, 3000.00, '2018-11-01 00:00:00', 1);
INSERT INTO `ec_deposit` (`ID`, `DEPO_ITEM_ID`, `DEPO_AMT`, `DEPO_DATE`, `USER_ID`) VALUES
(1771, 92, 100.00, '2019-01-01 00:00:00', 6),
(1605, 37, 5000.00, '2018-11-01 00:00:00', 1),
(1606, 38, 2000.00, '2018-11-01 00:00:00', 1),
(1770, 91, 100.00, '2019-01-01 00:00:00', 5),
(1608, 40, 4000.00, '2018-11-01 00:00:00', 1),
(1769, 90, 100.00, '2019-01-01 00:00:00', 4),
(1768, 89, 400.00, '2019-01-01 00:00:00', 2),
(1767, 88, 400.00, '2019-01-01 00:00:00', 2),
(1766, 67, 3000.00, '2019-01-01 00:00:00', 2),
(1613, 45, 4000.00, '2018-11-01 00:00:00', 1),
(1614, 46, 3000.00, '2018-11-01 00:00:00', 1),
(1765, 66, 4000.00, '2019-01-01 00:00:00', 2),
(1616, 48, 2000.00, '2018-11-01 00:00:00', 1),
(1764, 87, 2000.00, '2019-01-01 00:00:00', 1),
(1763, 86, 400.00, '2019-01-01 00:00:00', 3),
(1619, 51, 1000.00, '2018-11-01 00:00:00', 1),
(1620, 52, 2500.00, '2018-11-01 00:00:00', 1),
(1621, 53, 7500.00, '2018-11-01 00:00:00', 1),
(1622, 54, 800.00, '2018-11-01 00:00:00', 1),
(1623, 55, 700.00, '2018-11-01 00:00:00', 1),
(1624, 56, 750.00, '2018-11-01 00:00:00', 1),
(1625, 57, 900.00, '2018-11-01 00:00:00', 1),
(1626, 58, 4000.00, '2018-11-01 00:00:00', 1),
(1627, 59, 300.00, '2018-11-01 00:00:00', 1),
(1762, 85, 400.00, '2019-01-01 00:00:00', 3),
(1629, 61, 3000.00, '2018-11-01 00:00:00', 1),
(1761, 84, 400.00, '2019-01-01 00:00:00', 3),
(1760, 83, 100.00, '2019-01-01 00:00:00', 3),
(1759, 82, 4500.00, '2019-01-01 00:00:00', 1),
(1758, 81, 2019.00, '2019-01-01 00:00:00', 1),
(1634, 68, 1.00, '2018-11-01 00:00:00', 1),
(1635, 69, 1.00, '2018-11-01 00:00:00', 1),
(1636, 70, 1.00, '2018-11-01 00:00:00', 1),
(1637, 71, 1.00, '2018-11-01 00:00:00', 1),
(1638, 72, 1.00, '2018-11-01 00:00:00', 1),
(1639, 73, 0.00, '2018-11-01 00:00:00', 1),
(1640, 74, 3500.00, '2018-11-01 00:00:00', 1),
(1641, 75, 0.00, '2018-11-01 00:00:00', 1),
(1642, 76, 1000.00, '2018-11-01 00:00:00', 1),
(1643, 77, 0.00, '2018-11-01 00:00:00', 1),
(1644, 1, 1150.00, '2018-12-01 00:00:00', 1),
(1645, 2, 600.00, '2018-12-01 00:00:00', 1),
(1646, 3, 600.00, '2018-12-01 00:00:00', 1),
(1647, 4, 1400.00, '2018-12-01 00:00:00', 1),
(1648, 5, 1000.00, '2018-12-01 00:00:00', 1),
(1649, 6, 1400.00, '2018-12-01 00:00:00', 1),
(1650, 7, 200.00, '2018-12-01 00:00:00', 1),
(1651, 8, 250.00, '2018-12-01 00:00:00', 1),
(1652, 9, 1000.00, '2018-12-01 00:00:00', 1),
(1653, 13, 2000.00, '2018-12-01 00:00:00', 1),
(1654, 14, 500.00, '2018-12-01 00:00:00', 1),
(1655, 15, 1000.00, '2018-12-01 00:00:00', 1),
(1656, 16, 1000.00, '2018-12-01 00:00:00', 1),
(1657, 17, 1000.00, '2018-12-01 00:00:00', 1),
(1658, 18, 1000.00, '2018-12-01 00:00:00', 1),
(1659, 19, 1000.00, '2018-12-01 00:00:00', 1),
(1660, 20, 3000.00, '2018-12-01 00:00:00', 1),
(1661, 21, 3000.00, '2018-12-01 00:00:00', 1),
(1662, 25, 8500.00, '2018-12-01 00:00:00', 1),
(1663, 26, 500.00, '2018-12-01 00:00:00', 1),
(1664, 27, 1200.00, '2018-12-01 00:00:00', 1),
(1665, 28, 3000.00, '2018-12-01 00:00:00', 1),
(1666, 29, 3000.00, '2018-12-01 00:00:00', 1),
(1667, 32, 3000.00, '2018-12-01 00:00:00', 1),
(1668, 33, 24154.00, '2018-12-01 00:00:00', 1),
(1669, 34, 6471.00, '2018-12-01 00:00:00', 1),
(1670, 35, 3000.00, '2018-12-01 00:00:00', 1),
(1671, 37, 5000.00, '2018-12-01 00:00:00', 1),
(1672, 38, 2000.00, '2018-12-01 00:00:00', 1),
(1673, 40, 4000.00, '2018-12-01 00:00:00', 1),
(1674, 45, 4000.00, '2018-12-01 00:00:00', 1),
(1675, 46, 3000.00, '2018-12-01 00:00:00', 1),
(1676, 48, 2000.00, '2018-12-01 00:00:00', 1),
(1677, 51, 1000.00, '2018-12-01 00:00:00', 1),
(1678, 52, 2500.00, '2018-12-01 00:00:00', 1),
(1679, 53, 7500.00, '2018-12-01 00:00:00', 1),
(1680, 54, 800.00, '2018-12-01 00:00:00', 1),
(1681, 55, 700.00, '2018-12-01 00:00:00', 1),
(1682, 56, 750.00, '2018-12-01 00:00:00', 1),
(1683, 57, 900.00, '2018-12-01 00:00:00', 1),
(1684, 58, 4000.00, '2018-12-01 00:00:00', 1),
(1685, 59, 300.00, '2018-12-01 00:00:00', 1),
(1686, 61, 3000.00, '2018-12-01 00:00:00', 1),
(1687, 68, 1.00, '2018-12-01 00:00:00', 1),
(1688, 69, 1.00, '2018-12-01 00:00:00', 1),
(1689, 70, 1.00, '2018-12-01 00:00:00', 1),
(1690, 71, 1.00, '2018-12-01 00:00:00', 1),
(1691, 72, 1.00, '2018-12-01 00:00:00', 1),
(1692, 73, 0.00, '2018-12-01 00:00:00', 1),
(1693, 74, 3500.00, '2018-12-01 00:00:00', 1),
(1694, 75, 0.00, '2018-12-01 00:00:00', 1),
(1695, 76, 1000.00, '2018-12-01 00:00:00', 1),
(1696, 77, 0.00, '2018-12-01 00:00:00', 1),
(1697, 78, 5000.00, '2018-12-01 00:00:00', 1),
(1698, 1, 1500.00, '2019-01-01 00:00:00', 1),
(1699, 2, 600.00, '2019-01-01 00:00:00', 1),
(1700, 3, 600.00, '2019-01-01 00:00:00', 1),
(1701, 4, 1400.00, '2019-01-01 00:00:00', 1),
(1702, 5, 1000.00, '2019-01-01 00:00:00', 1),
(1703, 6, 1400.00, '2019-01-01 00:00:00', 1),
(1704, 7, 200.00, '2019-01-01 00:00:00', 1),
(1705, 8, 250.00, '2019-01-01 00:00:00', 1),
(1706, 9, 1000.00, '2019-01-01 00:00:00', 1),
(1707, 13, 3000.00, '2019-01-01 00:00:00', 1),
(1708, 14, 500.00, '2019-01-01 00:00:00', 1),
(1709, 15, 4000.00, '2019-01-01 00:00:00', 1),
(1710, 16, 1000.00, '2019-01-01 00:00:00', 1),
(1711, 17, 1000.00, '2019-01-01 00:00:00', 1),
(1712, 18, 15000.00, '2019-01-01 00:00:00', 1),
(1713, 19, 3500.00, '2019-01-01 00:00:00', 1),
(1714, 20, 3000.00, '2019-01-01 00:00:00', 1),
(1715, 21, 3000.00, '2019-01-01 00:00:00', 1),
(1716, 26, 500.00, '2019-01-01 00:00:00', 1),
(1717, 27, 1200.00, '2019-01-01 00:00:00', 1),
(1718, 29, 3000.00, '2019-01-01 00:00:00', 1),
(1719, 32, 3000.00, '2019-01-01 00:00:00', 1),
(1720, 33, 24154.00, '2019-01-01 00:00:00', 1),
(1721, 34, 6471.00, '2019-01-01 00:00:00', 1),
(1722, 35, 3000.00, '2019-01-01 00:00:00', 1),
(1723, 37, 5000.00, '2019-01-01 00:00:00', 1),
(1724, 38, 2000.00, '2019-01-01 00:00:00', 1),
(1725, 40, 4000.00, '2019-01-01 00:00:00', 1),
(1726, 45, 4000.00, '2019-01-01 00:00:00', 1),
(1727, 46, 3000.00, '2019-01-01 00:00:00', 1),
(1728, 48, 2000.00, '2019-01-01 00:00:00', 1),
(1729, 51, 1000.00, '2019-01-01 00:00:00', 1),
(1730, 52, 3000.00, '2019-01-01 00:00:00', 1),
(1731, 53, 10000.00, '2019-01-01 00:00:00', 1),
(1732, 54, 1000.00, '2019-01-01 00:00:00', 1),
(1733, 55, 700.00, '2019-01-01 00:00:00', 1),
(1734, 56, 750.00, '2019-01-01 00:00:00', 1),
(1735, 57, 900.00, '2019-01-01 00:00:00', 1),
(1736, 58, 5000.00, '2019-01-01 00:00:00', 1),
(1737, 59, 500.00, '2019-01-01 00:00:00', 1),
(1738, 61, 3000.00, '2019-01-01 00:00:00', 1),
(1739, 68, 1.00, '2019-01-01 00:00:00', 1),
(1740, 69, 1.00, '2019-01-01 00:00:00', 1),
(1741, 70, 1.00, '2019-01-01 00:00:00', 1),
(1742, 71, 1.00, '2019-01-01 00:00:00', 1),
(1743, 72, 1.00, '2019-01-01 00:00:00', 1),
(1744, 73, 0.00, '2019-01-01 00:00:00', 1),
(1745, 74, 4000.00, '2019-01-01 00:00:00', 1),
(1746, 75, 0.00, '2019-01-01 00:00:00', 1),
(1747, 76, 1000.00, '2019-01-01 00:00:00', 1),
(1748, 77, 0.00, '2019-01-01 00:00:00', 1),
(1749, 78, 5000.00, '2019-01-01 00:00:00', 1),
(1750, 79, 3500.00, '2019-01-01 00:00:00', 1),
(1751, 80, 6000.00, '2018-08-01 00:00:00', 1),
(1752, 80, 6000.00, '2018-09-01 00:00:00', 1),
(1753, 80, 6000.00, '2018-10-01 00:00:00', 1),
(1754, 80, 6000.00, '2018-11-01 00:00:00', 1),
(1755, 80, 6000.00, '2019-01-01 00:00:00', 1),
(1756, 80, 6000.00, '2018-12-01 00:00:00', 1),
(1774, 1, 1500.00, '2019-02-01 00:00:00', 1),
(1775, 2, 600.00, '2019-02-01 00:00:00', 1),
(1776, 3, 600.00, '2019-02-01 00:00:00', 1),
(1777, 4, 1400.00, '2019-02-01 00:00:00', 1),
(1778, 5, 1000.00, '2019-02-01 00:00:00', 1),
(1779, 6, 1400.00, '2019-02-01 00:00:00', 1),
(1780, 7, 200.00, '2019-02-01 00:00:00', 1),
(1781, 8, 250.00, '2019-02-01 00:00:00', 1),
(1783, 13, 3000.00, '2019-02-01 00:00:00', 1),
(1784, 14, 500.00, '2019-02-01 00:00:00', 1),
(1785, 15, 3000.00, '2019-02-01 00:00:00', 1),
(1786, 16, 1000.00, '2019-02-01 00:00:00', 1),
(1787, 17, 1000.00, '2019-02-01 00:00:00', 1),
(1788, 18, 2000.00, '2019-02-01 00:00:00', 1),
(1789, 19, 3500.00, '2019-02-01 00:00:00', 1),
(1790, 20, 3000.00, '2019-02-01 00:00:00', 1),
(1791, 21, 3000.00, '2019-02-01 00:00:00', 1),
(1792, 93, 4500.00, '2019-02-01 00:00:00', 1),
(1793, 26, 500.00, '2019-02-01 00:00:00', 1),
(1794, 27, 1000.00, '2019-02-01 00:00:00', 1),
(1795, 29, 0.00, '2019-02-01 00:00:00', 1),
(1796, 32, 3000.00, '2019-02-01 00:00:00', 1),
(1797, 33, 24154.00, '2019-02-01 00:00:00', 1),
(1798, 34, 6471.00, '2019-02-01 00:00:00', 1),
(1799, 35, 3000.00, '2019-02-01 00:00:00', 1),
(1800, 37, 5000.00, '2019-02-01 00:00:00', 1),
(1801, 38, 2000.00, '2019-02-01 00:00:00', 1),
(1802, 40, 4000.00, '2019-02-01 00:00:00', 1),
(1803, 87, 1000.00, '2019-02-01 00:00:00', 1),
(1804, 45, 4000.00, '2019-02-01 00:00:00', 1),
(1805, 46, 3000.00, '2019-02-01 00:00:00', 1),
(1806, 48, 2000.00, '2019-02-01 00:00:00', 1),
(1807, 51, 1000.00, '2019-02-01 00:00:00', 1),
(1808, 52, 3000.00, '2019-02-01 00:00:00', 1),
(1809, 53, 10000.00, '2019-02-01 00:00:00', 1),
(1810, 54, 1000.00, '2019-02-01 00:00:00', 1),
(1811, 55, 600.00, '2019-02-01 00:00:00', 1),
(1812, 56, 700.00, '2019-02-01 00:00:00', 1),
(1813, 57, 900.00, '2019-02-01 00:00:00', 1),
(1814, 58, 5000.00, '2019-02-01 00:00:00', 1),
(1815, 59, 500.00, '2019-02-01 00:00:00', 1),
(1816, 61, 3000.00, '2019-02-01 00:00:00', 1),
(1817, 82, 4500.00, '2019-02-01 00:00:00', 1),
(1818, 81, 2019.00, '2019-02-01 00:00:00', 1),
(1819, 68, 1.00, '2019-02-01 00:00:00', 1),
(1820, 69, 1.00, '2019-02-01 00:00:00', 1),
(1821, 70, 1.00, '2019-02-01 00:00:00', 1),
(1822, 71, 1.00, '2019-02-01 00:00:00', 1),
(1823, 72, 1.00, '2019-02-01 00:00:00', 1),
(1824, 73, 0.00, '2019-02-01 00:00:00', 1),
(1825, 74, 4000.00, '2019-02-01 00:00:00', 1),
(1826, 75, 0.00, '2019-02-01 00:00:00', 1),
(1827, 76, 1000.00, '2019-02-01 00:00:00', 1),
(1828, 77, 0.00, '2019-02-01 00:00:00', 1),
(1829, 78, 5000.00, '2019-02-01 00:00:00', 1),
(1830, 79, 3500.00, '2019-02-01 00:00:00', 1),
(1831, 80, 6000.00, '2019-02-01 00:00:00', 1),
(1832, 94, 110.00, '2019-02-01 00:00:00', 7),
(1833, 95, 40.00, '2019-02-01 00:00:00', 7),
(1834, 96, 50.00, '2019-02-01 00:00:00', 7),
(1835, 90, 100.00, '2019-02-01 00:00:00', 4),
(1836, 97, 400.00, '2019-02-01 00:00:00', 4),
(1837, 98, 500.00, '2019-02-01 00:00:00', 4),
(1838, 99, 5000.00, '2019-02-01 00:00:00', 1),
(1839, 100, 6000.00, '2019-02-01 00:00:00', 1),
(1840, 101, 20.00, '2019-02-01 00:00:00', 7),
(1841, 102, 20.00, '2019-02-01 00:00:00', 7),
(1842, 1, 1500.00, '2019-03-01 00:00:00', 1),
(1843, 2, 600.00, '2019-03-01 00:00:00', 1),
(1844, 3, 600.00, '2019-03-01 00:00:00', 1),
(1845, 4, 1400.00, '2019-03-01 00:00:00', 1),
(1846, 5, 1000.00, '2019-03-01 00:00:00', 1),
(1847, 6, 1400.00, '2019-03-01 00:00:00', 1),
(1848, 7, 200.00, '2019-03-01 00:00:00', 1),
(1849, 8, 250.00, '2019-03-01 00:00:00', 1),
(1850, 13, 3000.00, '2019-03-01 00:00:00', 1),
(1851, 14, 500.00, '2019-03-01 00:00:00', 1),
(1852, 15, 3000.00, '2019-03-01 00:00:00', 1),
(1853, 16, 1000.00, '2019-03-01 00:00:00', 1),
(1854, 17, 1000.00, '2019-03-01 00:00:00', 1),
(1855, 18, 2000.00, '2019-03-01 00:00:00', 1),
(1856, 19, 3500.00, '2019-03-01 00:00:00', 1),
(1857, 20, 3000.00, '2019-03-01 00:00:00', 1),
(1858, 21, 3000.00, '2019-03-01 00:00:00', 1),
(1859, 93, 4500.00, '2019-03-01 00:00:00', 1),
(1860, 26, 500.00, '2019-03-01 00:00:00', 1),
(1861, 27, 1000.00, '2019-03-01 00:00:00', 1),
(1862, 32, 3000.00, '2019-03-01 00:00:00', 1),
(1863, 33, 24154.00, '2019-03-01 00:00:00', 1),
(1864, 34, 6471.00, '2019-03-01 00:00:00', 1),
(1865, 37, 5000.00, '2019-03-01 00:00:00', 1),
(1866, 38, 2000.00, '2019-03-01 00:00:00', 1),
(1867, 40, 4000.00, '2019-03-01 00:00:00', 1),
(1868, 87, 1000.00, '2019-03-01 00:00:00', 1),
(1869, 45, 4000.00, '2019-03-01 00:00:00', 1),
(1870, 46, 3000.00, '2019-03-01 00:00:00', 1),
(1871, 48, 2000.00, '2019-03-01 00:00:00', 1),
(1872, 51, 1000.00, '2019-03-01 00:00:00', 1),
(1873, 52, 3000.00, '2019-03-01 00:00:00', 1),
(1874, 53, 10000.00, '2019-03-01 00:00:00', 1),
(1875, 54, 1000.00, '2019-03-01 00:00:00', 1),
(1876, 55, 600.00, '2019-03-01 00:00:00', 1),
(1877, 56, 700.00, '2019-03-01 00:00:00', 1),
(1878, 57, 900.00, '2019-03-01 00:00:00', 1),
(1879, 58, 5000.00, '2019-03-01 00:00:00', 1),
(1880, 59, 500.00, '2019-03-01 00:00:00', 1),
(1881, 61, 3000.00, '2019-03-01 00:00:00', 1),
(1882, 82, 4500.00, '2019-03-01 00:00:00', 1),
(1883, 81, 2019.00, '2019-03-01 00:00:00', 1),
(1884, 68, 1.00, '2019-03-01 00:00:00', 1),
(1885, 69, 1.00, '2019-03-01 00:00:00', 1),
(1886, 70, 1.00, '2019-03-01 00:00:00', 1),
(1887, 71, 1.00, '2019-03-01 00:00:00', 1),
(1888, 72, 1.00, '2019-03-01 00:00:00', 1),
(1889, 73, 0.00, '2019-03-01 00:00:00', 1),
(1890, 74, 4000.00, '2019-03-01 00:00:00', 1),
(1891, 75, 0.00, '2019-03-01 00:00:00', 1),
(1892, 76, 1000.00, '2019-03-01 00:00:00', 1),
(1893, 77, 0.00, '2019-03-01 00:00:00', 1),
(1894, 78, 5000.00, '2019-03-01 00:00:00', 1),
(1895, 79, 3500.00, '2019-03-01 00:00:00', 1),
(1896, 80, 6000.00, '2019-03-01 00:00:00', 1),
(1897, 99, 5000.00, '2019-03-01 00:00:00', 1),
(1898, 100, 6000.00, '2019-03-01 00:00:00', 1),
(1899, 103, 4500.00, '2019-03-01 00:00:00', 1);

-- --------------------------------------------------------

--
-- Table structure for table `ec_expenditure`
--

DROP TABLE IF EXISTS `ec_expenditure`;
CREATE TABLE IF NOT EXISTS `ec_expenditure` (
  `ID` int(11) NOT NULL AUTO_INCREMENT,
  `EXP_ITEM_ID` int(11) NOT NULL,
  `EXP_AMT` float(10,2) NOT NULL,
  `EXP_DATE` datetime DEFAULT NULL,
  `EXP_SLOT` tinyint(4) NOT NULL DEFAULT '1',
  `USER_ID` int(11) NOT NULL,
  PRIMARY KEY (`ID`)
) ENGINE=MyISAM  DEFAULT CHARSET=latin1 AUTO_INCREMENT=2126 ;

--
-- Dumping data for table `ec_expenditure`
--

INSERT INTO `ec_expenditure` (`ID`, `EXP_ITEM_ID`, `EXP_AMT`, `EXP_DATE`, `EXP_SLOT`, `USER_ID`) VALUES
(1, 1, 1150.00, '2017-01-10 00:00:00', 3, 1),
(2, 2, 500.00, '2017-01-10 00:00:00', 2, 1),
(3, 3, 600.00, '2017-01-10 00:00:00', 3, 1),
(4, 4, 1200.00, '2017-01-10 00:00:00', 3, 1),
(5, 5, 500.00, '2017-01-10 00:00:00', 3, 1),
(6, 6, 1200.00, '2017-01-10 00:00:00', 1, 1),
(7, 7, 100.00, '2017-01-10 00:00:00', 3, 1),
(8, 8, 200.00, '2017-01-10 00:00:00', 2, 1),
(9, 8, 50.00, '2017-01-10 00:00:00', 3, 1),
(10, 9, 1000.00, '2017-01-10 00:00:00', 1, 1),
(11, 13, 1000.00, '2017-01-10 00:00:00', 2, 1),
(12, 13, 500.00, '2017-01-10 00:00:00', 3, 1),
(13, 13, 400.00, '2017-01-10 00:00:00', 4, 1),
(14, 13, 100.00, '2017-01-10 00:00:00', 5, 1),
(15, 14, 500.00, '2017-01-10 00:00:00', 2, 1),
(16, 15, 500.00, '2017-01-10 00:00:00', 3, 1),
(17, 15, 500.00, '2017-01-10 00:00:00', 4, 1),
(18, 16, 500.00, '2017-01-10 00:00:00', 2, 1),
(19, 16, 500.00, '2017-01-10 00:00:00', 4, 1),
(20, 17, 500.00, '2017-01-10 00:00:00', 3, 1),
(21, 17, 500.00, '2017-01-10 00:00:00', 4, 1),
(22, 18, 1000.00, '2017-01-10 00:00:00', 3, 1),
(23, 18, 500.00, '2017-01-10 00:00:00', 4, 1),
(24, 18, 500.00, '2017-01-10 00:00:00', 5, 1),
(25, 19, 500.00, '2017-01-10 00:00:00', 2, 1),
(26, 19, 500.00, '2017-01-10 00:00:00', 3, 1),
(27, 19, 500.00, '2017-01-10 00:00:00', 4, 1),
(28, 19, 500.00, '2017-01-10 00:00:00', 5, 1),
(29, 20, 0.00, '2017-01-10 00:00:00', 1, 1),
(30, 21, 0.00, '2017-01-10 00:00:00', 1, 1),
(31, 25, 8500.00, '2017-01-10 00:00:00', 1, 1),
(32, 26, 500.00, '2017-01-10 00:00:00', 2, 1),
(33, 27, 800.00, '2017-01-10 00:00:00', 1, 1),
(34, 28, 0.00, '2017-01-10 00:00:00', 1, 1),
(35, 29, 0.00, '2017-01-10 00:00:00', 1, 1),
(36, 33, 24154.00, '2017-01-10 00:00:00', 3, 1),
(37, 34, 6471.00, '2017-01-10 00:00:00', 3, 1),
(38, 35, 0.00, '2017-01-10 00:00:00', 1, 1),
(40, 40, 4000.00, '2017-01-10 00:00:00', 2, 1),
(41, 45, 3000.00, '2017-01-10 00:00:00', 2, 1),
(42, 46, 0.00, '2017-01-10 00:00:00', 3, 1),
(44, 52, 5977.00, '2017-01-10 00:00:00', 2, 1),
(45, 59, 600.00, '2017-01-10 00:00:00', 2, 1),
(46, 61, 0.00, '2017-01-10 00:00:00', 1, 1),
(48, 1, 0.00, '2017-02-01 01:12:13', 1, 1),
(49, 1, 1150.00, '2017-02-01 01:12:13', 2, 1),
(50, 2, 500.00, '2017-02-10 00:00:00', 2, 1),
(51, 3, 600.00, '2017-02-10 00:00:00', 2, 1),
(52, 4, 1200.00, '2017-02-10 00:00:00', 2, 1),
(53, 5, 500.00, '2017-02-10 00:00:00', 2, 1),
(54, 6, 1200.00, '2017-02-10 00:00:00', 2, 1),
(55, 7, 100.00, '2017-02-10 00:00:00', 2, 1),
(56, 8, 50.00, '2017-02-10 00:00:00', 2, 1),
(57, 8, 200.00, '2017-02-10 00:00:00', 4, 1),
(58, 9, 1000.00, '2017-02-10 00:00:00', 1, 1),
(59, 13, 1500.00, '2017-02-10 00:00:00', 2, 1),
(60, 13, 500.00, '2017-02-10 00:00:00', 5, 1),
(61, 14, 500.00, '2017-02-10 00:00:00', 5, 1),
(62, 15, 1000.00, '2017-02-10 00:00:00', 2, 1),
(63, 16, 500.00, '2017-02-10 00:00:00', 2, 1),
(64, 16, 500.00, '2017-02-10 00:00:00', 5, 1),
(65, 17, 500.00, '2017-02-10 00:00:00', 2, 1),
(66, 17, 500.00, '2017-02-10 00:00:00', 5, 1),
(67, 18, 500.00, '2017-02-10 00:00:00', 2, 1),
(68, 18, 500.00, '2017-02-10 00:00:00', 3, 1),
(69, 18, 500.00, '2017-02-10 00:00:00', 4, 1),
(70, 18, 500.00, '2017-02-10 00:00:00', 5, 1),
(71, 19, 1000.00, '2017-02-01 08:55:24', 2, 1),
(72, 19, 500.00, '2017-02-01 08:55:24', 4, 1),
(73, 19, 500.00, '2017-02-01 08:55:24', 5, 1),
(74, 20, 0.00, '2017-02-10 00:00:00', 2, 1),
(75, 21, 0.00, '2017-02-10 00:00:00', 1, 1),
(76, 25, 8500.00, '2017-02-10 00:00:00', 1, 1),
(77, 26, 500.00, '2017-02-10 00:00:00', 2, 1),
(78, 27, 800.00, '2017-02-10 00:00:00', 2, 1),
(79, 28, 0.00, '2017-02-10 00:00:00', 2, 1),
(80, 29, 0.00, '2017-02-10 00:00:00', 1, 1),
(81, 33, 24154.00, '2017-02-01 08:29:07', 2, 1),
(82, 34, 6471.00, '2017-02-10 00:00:00', 2, 1),
(83, 35, 0.00, '2017-02-10 00:00:00', 2, 1),
(85, 40, 4000.00, '2017-02-01 11:24:52', 1, 1),
(86, 45, 3000.00, '2017-02-10 00:00:00', 1, 1),
(87, 46, 0.00, '2017-02-10 00:00:00', 1, 1),
(89, 58, 3750.00, '2017-02-10 00:00:00', 2, 1),
(90, 61, 0.00, '2017-02-10 00:00:00', 2, 1),
(92, 1, 1150.00, '2017-03-10 00:00:00', 3, 1),
(93, 2, 500.00, '2017-03-10 00:00:00', 2, 1),
(94, 3, 600.00, '2017-03-10 00:00:00', 2, 1),
(95, 4, 1200.00, '2017-03-10 00:00:00', 3, 1),
(96, 5, 500.00, '2017-03-10 00:00:00', 2, 1),
(97, 6, 1200.00, '2017-03-10 00:00:00', 2, 1),
(98, 7, 100.00, '2017-03-10 00:00:00', 2, 1),
(99, 8, 250.00, '2017-03-10 00:00:00', 2, 1),
(100, 9, 1000.00, '2017-03-10 00:00:00', 1, 1),
(101, 13, 500.00, '2017-03-10 00:00:00', 1, 1),
(102, 13, 500.00, '2017-03-10 00:00:00', 2, 1),
(103, 13, 500.00, '2017-03-10 00:00:00', 3, 1),
(104, 13, 500.00, '2017-03-10 00:00:00', 4, 1),
(105, 14, 500.00, '2017-03-10 00:00:00', 3, 1),
(106, 15, 1000.00, '2017-03-10 00:00:00', 3, 1),
(107, 16, 200.00, '2017-03-10 00:00:00', 1, 1),
(108, 16, 200.00, '2017-03-10 00:00:00', 2, 1),
(109, 16, 200.00, '2017-03-10 00:00:00', 3, 1),
(110, 16, 400.00, '2017-03-10 00:00:00', 4, 1),
(111, 17, 200.00, '2017-03-10 00:00:00', 1, 1),
(112, 17, 200.00, '2017-03-10 00:00:00', 2, 1),
(113, 17, 200.00, '2017-03-10 00:00:00', 3, 1),
(114, 17, 400.00, '2017-03-10 00:00:00', 4, 1),
(115, 18, 500.00, '2017-03-10 00:00:00', 1, 1),
(116, 18, 500.00, '2017-03-10 00:00:00', 2, 1),
(117, 18, 500.00, '2017-03-10 00:00:00', 3, 1),
(118, 18, 500.00, '2017-03-10 00:00:00', 4, 1),
(119, 19, 500.00, '2017-03-10 00:00:00', 2, 1),
(120, 19, 500.00, '2017-03-10 00:00:00', 3, 1),
(121, 19, 500.00, '2017-03-10 00:00:00', 4, 1),
(122, 19, 500.00, '2017-03-10 00:00:00', 5, 1),
(123, 20, 0.00, '2017-03-10 00:00:00', 1, 1),
(124, 25, 8500.00, '2017-03-10 00:00:00', 1, 1),
(125, 26, 500.00, '2017-03-10 00:00:00', 2, 1),
(126, 27, 800.00, '2017-03-10 00:00:00', 2, 1),
(127, 28, 0.00, '2017-03-10 00:00:00', 2, 1),
(128, 33, 24154.00, '2017-03-10 00:00:00', 2, 1),
(129, 34, 6471.00, '2017-03-10 00:00:00', 2, 1),
(130, 35, 0.00, '2017-03-10 00:00:00', 2, 1),
(131, 37, 0.00, '2017-03-10 00:00:00', 1, 1),
(132, 40, 4000.00, '2017-03-10 00:00:00', 2, 1),
(133, 45, 3000.00, '2017-03-10 00:00:00', 2, 1),
(134, 46, 0.00, '2017-03-10 00:00:00', 2, 1),
(135, 58, 0.00, '2017-03-01 12:32:45', 2, 1),
(136, 61, 0.00, '2017-03-10 00:00:00', 1, 1),
(137, 1, 1150.00, '2017-04-10 00:00:00', 2, 1),
(138, 2, 500.00, '2017-04-10 00:00:00', 2, 1),
(139, 3, 600.00, '2017-04-10 00:00:00', 2, 1),
(140, 4, 1200.00, '2017-04-10 00:00:00', 2, 1),
(141, 6, 1200.00, '2017-04-10 00:00:00', 2, 1),
(142, 7, 100.00, '2017-04-10 00:00:00', 1, 1),
(143, 8, 100.00, '2017-04-10 00:00:00', 2, 1),
(144, 9, 1000.00, '2017-04-10 00:00:00', 2, 1),
(145, 13, 1000.00, '2017-04-01 11:22:06', 1, 1),
(146, 14, 500.00, '2017-04-10 00:00:00', 1, 1),
(147, 15, 500.00, '2017-04-10 00:00:00', 1, 1),
(148, 16, 500.00, '2017-04-10 00:00:00', 1, 1),
(149, 17, 500.00, '2017-04-10 00:00:00', 1, 1),
(150, 18, 1000.00, '2017-04-10 00:00:00', 1, 1),
(151, 19, 1000.00, '2017-04-10 00:00:00', 1, 1),
(152, 20, 0.00, '2017-04-10 00:00:00', 1, 1),
(153, 25, 8500.00, '2017-04-10 00:00:00', 2, 1),
(154, 26, 500.00, '2017-04-10 00:00:00', 1, 1),
(155, 28, 0.00, '2017-04-10 00:00:00', 1, 1),
(156, 33, 24154.00, '2017-04-10 00:00:00', 2, 1),
(157, 34, 6471.00, '2017-04-10 00:00:00', 2, 1),
(158, 37, 0.00, '2017-04-10 00:00:00', 2, 1),
(159, 40, 4000.00, '2017-04-10 00:00:00', 2, 1),
(160, 45, 3000.00, '2017-04-10 00:00:00', 2, 1),
(161, 46, 0.00, '2017-04-10 00:00:00', 2, 1),
(162, 52, 7200.00, '2017-04-10 00:00:00', 2, 1),
(166, 13, 0.00, '2017-04-01 11:22:06', 3, 1),
(165, 40, 0.00, '2017-02-01 11:24:52', 3, 1),
(167, 13, 0.00, '2017-04-01 11:22:06', 5, 1),
(169, 5, 0.00, '2017-04-01 00:00:00', 1, 1),
(173, 21, 0.00, '2017-04-01 00:00:00', 1, 1),
(177, 27, 0.00, '2017-04-01 00:00:00', 1, 1),
(178, 29, 0.00, '2017-04-01 00:00:00', 1, 1),
(179, 30, 0.00, '2017-04-01 00:00:00', 1, 1),
(180, 31, 0.00, '2017-04-01 00:00:00', 1, 1),
(181, 32, 0.00, '2017-04-01 00:00:00', 1, 1),
(182, 35, 0.00, '2017-04-01 00:00:00', 1, 1),
(184, 38, 0.00, '2017-04-01 00:00:00', 1, 1),
(191, 48, 0.00, '2017-04-01 00:00:00', 1, 1),
(194, 51, 5500.00, '2017-04-01 03:41:25', 1, 1),
(195, 53, 0.00, '2017-04-01 00:00:00', 1, 1),
(196, 54, 0.00, '2017-04-01 00:00:00', 1, 1),
(197, 55, 0.00, '2017-04-01 00:00:00', 1, 1),
(198, 56, 0.00, '2017-04-01 00:00:00', 1, 1),
(199, 57, 0.00, '2017-04-01 00:00:00', 1, 1),
(200, 58, 0.00, '2017-04-01 00:00:00', 1, 1),
(201, 59, 0.00, '2017-04-01 00:00:00', 1, 1),
(203, 61, 0.00, '2017-04-01 00:00:00', 1, 1),
(211, 21, 0.00, '2017-03-01 00:00:00', 1, 1),
(215, 29, 0.00, '2017-03-01 00:00:00', 1, 1),
(216, 30, 0.00, '2017-03-01 00:00:00', 1, 1),
(217, 31, 0.00, '2017-03-01 00:00:00', 1, 1),
(218, 32, 0.00, '2017-03-01 00:00:00', 1, 1),
(220, 38, 0.00, '2017-03-01 00:00:00', 1, 1),
(227, 48, 0.00, '2017-03-01 00:00:00', 1, 1),
(230, 51, 0.00, '2017-03-01 00:00:00', 1, 1),
(231, 52, 0.00, '2017-03-01 00:00:00', 1, 1),
(232, 53, 0.00, '2017-03-01 00:00:00', 1, 1),
(233, 54, 0.00, '2017-03-01 00:00:00', 1, 1),
(234, 55, 0.00, '2017-03-01 00:00:00', 1, 1),
(235, 56, 0.00, '2017-03-01 00:00:00', 1, 1),
(236, 57, 0.00, '2017-03-01 00:00:00', 1, 1),
(237, 59, 0.00, '2017-03-01 00:00:00', 1, 1),
(249, 30, 0.00, '2017-02-01 00:00:00', 1, 1),
(250, 31, 0.00, '2017-02-01 00:00:00', 1, 1),
(251, 32, 0.00, '2017-02-01 00:00:00', 1, 1),
(252, 37, 0.00, '2017-02-01 00:00:00', 1, 1),
(253, 38, 0.00, '2017-02-01 00:00:00', 1, 1),
(259, 48, 0.00, '2017-02-01 00:00:00', 1, 1),
(262, 51, 0.00, '2017-02-01 00:00:00', 1, 1),
(263, 52, 0.00, '2017-02-01 00:00:00', 1, 1),
(264, 53, 0.00, '2017-02-01 00:00:00', 1, 1),
(265, 54, 0.00, '2017-02-01 00:00:00', 1, 1),
(266, 55, 0.00, '2017-02-01 00:00:00', 1, 1),
(267, 56, 0.00, '2017-02-01 00:00:00', 1, 1),
(268, 57, 0.00, '2017-02-01 00:00:00', 1, 1),
(269, 59, 0.00, '2017-02-01 00:00:00', 1, 1),
(280, 30, 0.00, '2017-01-01 00:00:00', 1, 1),
(281, 31, 0.00, '2017-01-01 00:00:00', 1, 1),
(282, 32, 0.00, '2017-01-01 00:00:00', 1, 1),
(283, 37, 0.00, '2017-01-01 00:00:00', 1, 1),
(284, 38, 0.00, '2017-01-01 00:00:00', 1, 1),
(290, 48, 0.00, '2017-01-01 00:00:00', 1, 1),
(293, 51, 0.00, '2017-01-01 00:00:00', 1, 1),
(294, 53, 0.00, '2017-01-01 00:00:00', 1, 1),
(295, 54, 0.00, '2017-01-01 00:00:00', 1, 1),
(296, 55, 0.00, '2017-01-01 00:00:00', 1, 1),
(297, 56, 0.00, '2017-01-01 00:00:00', 1, 1),
(298, 57, 0.00, '2017-01-01 00:00:00', 1, 1),
(299, 58, 0.00, '2017-01-01 00:00:00', 1, 1),
(305, 6, 0.00, '2017-04-01 11:33:45', 1, 1),
(306, 5, 500.00, '2017-04-10 00:00:00', 3, 1),
(307, 8, 150.00, '2017-04-10 00:00:00', 3, 1),
(308, 13, 1000.00, '2017-04-01 11:22:06', 2, 1),
(309, 15, 500.00, '2017-04-10 00:00:00', 2, 1),
(310, 16, 500.00, '2017-04-10 00:00:00', 2, 1),
(311, 17, 500.00, '2017-04-10 00:00:00', 2, 1),
(312, 18, 1000.00, '2017-04-10 00:00:00', 2, 1),
(313, 19, 1000.00, '2017-04-10 00:00:00', 2, 1),
(314, 27, 800.00, '2017-04-10 00:00:00', 2, 1),
(315, 35, 0.00, '2017-04-10 00:00:00', 2, 1),
(317, 61, 0.00, '2017-04-10 00:00:00', 2, 1),
(318, 1, 1150.00, '2017-05-01 10:39:21', 1, 1),
(319, 2, 500.00, '2017-05-01 07:55:35', 1, 1),
(320, 3, 600.00, '2017-05-01 10:39:45', 1, 1),
(321, 4, 400.00, '2017-05-01 12:16:36', 1, 1),
(322, 5, 500.00, '2017-05-01 08:36:48', 1, 1),
(323, 6, 1200.00, '2017-05-01 08:36:29', 1, 1),
(324, 7, 100.00, '2017-05-01 10:39:32', 1, 1),
(325, 8, 100.00, '2017-05-01 10:38:52', 1, 1),
(326, 9, 1000.00, '2017-05-01 08:37:12', 1, 1),
(330, 13, 1000.00, '2017-05-01 10:40:28', 1, 1),
(331, 14, 500.00, '2017-05-01 10:03:45', 1, 1),
(332, 15, 1000.00, '2017-05-01 08:39:36', 1, 1),
(333, 16, 500.00, '2017-05-01 10:40:07', 1, 1),
(334, 17, 500.00, '2017-05-01 10:40:15', 1, 1),
(335, 18, 1000.00, '2017-05-01 12:54:06', 1, 1),
(336, 19, 1300.00, '2017-05-01 10:39:55', 1, 1),
(337, 20, 0.00, '2017-05-01 03:59:21', 1, 1),
(338, 21, 0.00, '2017-05-01 00:00:00', 1, 1),
(342, 25, 8500.00, '2017-05-01 08:32:57', 1, 1),
(343, 26, 460.00, '2017-05-01 10:17:21', 1, 1),
(344, 27, 1410.00, '2017-05-01 01:40:39', 1, 1),
(345, 28, 0.00, '2017-05-01 03:59:36', 1, 1),
(346, 29, 0.00, '2017-05-01 00:00:00', 1, 1),
(347, 30, 0.00, '2017-05-01 00:00:00', 1, 1),
(348, 31, 0.00, '2017-05-01 00:00:00', 1, 1),
(349, 32, 0.00, '2017-05-01 00:00:00', 1, 1),
(350, 33, 24154.00, '2017-05-01 07:53:46', 1, 1),
(351, 34, 6471.00, '2017-05-01 07:54:15', 1, 1),
(352, 35, 0.00, '2017-05-01 12:53:40', 1, 1),
(354, 37, 0.00, '2017-05-01 07:54:27', 1, 1),
(355, 38, 0.00, '2017-05-01 00:00:00', 1, 1),
(357, 40, 4000.00, '2017-05-01 10:04:19', 1, 1),
(362, 45, 3000.00, '2017-05-01 12:43:11', 1, 1),
(363, 46, 0.00, '2017-05-01 10:04:44', 1, 1),
(365, 48, 0.00, '2017-05-01 00:00:00', 1, 1),
(368, 51, 0.00, '2017-05-01 00:00:00', 1, 1),
(369, 52, 0.00, '2017-05-01 00:00:00', 1, 1),
(370, 53, 30000.00, '2017-05-01 08:12:33', 1, 1),
(371, 54, 0.00, '2017-05-01 00:00:00', 1, 1),
(372, 55, 6850.00, '2017-05-01 09:59:21', 1, 1),
(373, 56, 8160.00, '2017-05-01 12:42:10', 1, 1),
(374, 57, 4830.00, '2017-05-01 12:42:39', 1, 1),
(375, 58, 0.00, '2017-05-01 00:00:00', 1, 1),
(376, 59, 0.00, '2017-05-01 00:00:00', 1, 1),
(378, 61, 0.00, '2017-05-01 07:55:21', 1, 1),
(383, 18, 1000.00, '2017-05-01 12:54:06', 2, 1),
(384, 66, 200.00, '2017-05-01 12:19:42', 1, 2),
(385, 67, 100.00, '2017-05-01 12:19:52', 1, 2),
(386, 66, 500.00, '2017-05-01 12:19:42', 2, 2),
(387, 67, 400.00, '2017-05-01 12:19:52', 2, 2),
(388, 13, 500.00, '2017-05-01 10:40:28', 2, 1),
(389, 8, 150.00, '2017-05-01 10:38:52', 2, 1),
(390, 4, 1475.00, '2017-05-01 12:16:36', 2, 1),
(391, 19, 700.00, '2017-05-01 10:39:55', 2, 1),
(392, 16, 500.00, '2017-05-01 10:40:07', 2, 1),
(393, 17, 500.00, '2017-05-01 10:40:15', 2, 1),
(394, 13, 500.00, '2017-05-01 10:40:28', 3, 1),
(395, 1, 3450.00, '2017-06-01 09:23:47', 1, 1),
(396, 2, 500.00, '2017-06-01 10:26:50', 1, 1),
(397, 3, 600.00, '2017-06-01 07:09:23', 1, 1),
(398, 4, 1200.00, '2017-06-01 07:08:24', 1, 1),
(399, 5, 500.00, '2017-06-01 07:08:47', 1, 1),
(400, 6, 1200.00, '2017-06-01 07:07:55', 1, 1),
(401, 7, 100.00, '2017-06-01 12:23:17', 1, 1),
(402, 8, 200.00, '2017-06-01 12:20:48', 1, 1),
(403, 9, 1000.00, '2017-06-01 07:08:11', 1, 1),
(407, 13, 1000.00, '2017-06-01 08:41:39', 1, 1),
(408, 14, 500.00, '2017-06-01 08:48:30', 1, 1),
(409, 15, 1000.00, '2017-06-01 08:49:23', 1, 1),
(410, 16, 700.00, '2017-06-01 08:41:26', 1, 1),
(411, 17, 1000.00, '2017-06-01 06:53:57', 1, 1),
(412, 18, 0.00, '2017-06-01 10:27:20', 1, 1),
(413, 19, 1000.00, '2017-06-01 10:27:08', 1, 1),
(414, 20, 0.00, '2017-06-01 09:04:21', 1, 1),
(415, 21, 0.00, '2017-06-01 00:00:00', 1, 1),
(419, 25, 8500.00, '2017-06-01 07:07:40', 1, 1),
(420, 26, 460.00, '2017-06-01 12:50:02', 1, 1),
(421, 27, 370.00, '2017-06-01 12:49:17', 1, 1),
(422, 28, 0.00, '2017-06-01 09:04:00', 1, 1),
(423, 29, 0.00, '2017-06-01 00:00:00', 1, 1),
(424, 30, 0.00, '2017-06-01 00:00:00', 1, 1),
(425, 31, 0.00, '2017-06-01 00:00:00', 1, 1),
(426, 32, 0.00, '2017-06-01 00:00:00', 1, 1),
(427, 33, 24154.00, '2017-06-01 10:17:32', 1, 1),
(428, 34, 6471.00, '2017-06-01 10:18:13', 1, 1),
(429, 35, 0.00, '2017-06-01 08:51:06', 1, 1),
(431, 37, 0.00, '2017-06-01 10:18:27', 1, 1),
(432, 38, 0.00, '2017-06-01 00:00:00', 1, 1),
(434, 40, 4000.00, '2017-06-01 10:19:16', 1, 1),
(439, 45, 3000.00, '2017-06-01 12:49:43', 1, 1),
(440, 46, 0.00, '2017-06-01 10:19:28', 1, 1),
(442, 48, 0.00, '2017-06-01 00:00:00', 1, 1),
(445, 51, 0.00, '2017-06-01 00:00:00', 1, 1),
(446, 52, 0.00, '2017-06-01 00:00:00', 1, 1),
(447, 53, 6375.00, '2017-06-01 06:13:27', 1, 1),
(448, 54, 0.00, '2017-06-01 00:00:00', 1, 1),
(449, 55, 0.00, '2017-06-01 00:00:00', 1, 1),
(450, 56, 0.00, '2017-06-01 00:00:00', 1, 1),
(451, 57, 0.00, '2017-06-01 00:00:00', 1, 1),
(452, 58, 10000.00, '2017-06-01 12:09:20', 1, 1),
(453, 59, 0.00, '2017-06-01 00:00:00', 1, 1),
(455, 61, 0.00, '2017-06-01 08:47:22', 1, 1),
(460, 66, 0.00, '2017-06-01 00:00:00', 1, 2),
(461, 67, 0.00, '2017-06-01 00:00:00', 1, 2),
(462, 2, 0.00, '2017-06-01 10:26:50', 2, 1),
(463, 13, 500.00, '2017-06-01 08:41:39', 2, 1),
(464, 19, 500.00, '2017-06-01 10:27:08', 2, 1),
(465, 1, 0.00, '2017-07-01 08:59:45', 1, 1),
(466, 2, 1000.00, '2017-07-01 12:32:09', 1, 1),
(467, 3, 600.00, '2017-07-01 09:00:09', 1, 1),
(468, 4, 1200.00, '2017-07-01 08:43:13', 1, 1),
(469, 5, 500.00, '2017-07-01 10:38:49', 1, 1),
(470, 6, 1200.00, '2017-07-01 08:43:03', 1, 1),
(471, 7, 100.00, '2017-07-01 06:15:39', 1, 1),
(472, 8, 200.00, '2017-07-01 12:20:31', 1, 1),
(473, 9, 1000.00, '2017-07-01 12:24:02', 1, 1),
(477, 13, 550.00, '2017-07-01 12:12:36', 1, 1),
(478, 14, 550.00, '2017-07-01 09:01:26', 1, 1),
(479, 15, 800.00, '2017-07-01 10:39:16', 1, 1),
(480, 16, 200.00, '2017-07-01 09:01:13', 1, 1),
(481, 17, 500.00, '2017-07-01 08:57:25', 1, 1),
(482, 18, 500.00, '2017-07-01 10:30:31', 1, 1),
(483, 19, 1000.00, '2017-07-01 10:29:11', 1, 1),
(484, 20, 0.00, '2017-07-01 07:37:32', 1, 1),
(485, 21, 0.00, '2017-07-01 00:00:00', 1, 1),
(489, 25, 8500.00, '2017-07-01 08:43:41', 1, 1),
(490, 26, 466.00, '2017-07-01 08:38:25', 1, 1),
(491, 27, 1320.00, '2017-07-01 07:36:06', 1, 1),
(492, 28, 0.00, '2017-07-01 07:37:51', 1, 1),
(493, 29, 0.00, '2017-07-01 00:00:00', 1, 1),
(494, 30, 0.00, '2017-07-01 00:00:00', 1, 1),
(495, 31, 0.00, '2017-07-01 00:00:00', 1, 1),
(496, 32, 0.00, '2017-07-01 00:00:00', 1, 1),
(497, 33, 24154.00, '2017-07-01 09:01:30', 1, 1),
(498, 34, 6471.00, '2017-07-01 09:01:49', 1, 1),
(499, 35, 0.00, '2017-07-01 09:03:02', 1, 1),
(501, 37, 0.00, '2017-07-01 09:01:59', 1, 1),
(502, 38, 0.00, '2017-07-01 00:00:00', 1, 1),
(504, 40, 4000.00, '2017-07-01 09:02:30', 1, 1),
(509, 45, 3000.00, '2017-07-01 08:46:35', 1, 1),
(510, 46, 0.00, '2017-07-01 08:46:48', 1, 1),
(512, 48, 0.00, '2017-07-01 00:00:00', 1, 1),
(515, 51, 0.00, '2017-07-01 00:00:00', 1, 1),
(516, 52, 6750.00, '2017-07-01 09:02:45', 1, 1),
(517, 53, 0.00, '2017-07-01 01:57:38', 1, 1),
(518, 54, 1600.00, '2017-07-01 09:03:46', 1, 1),
(519, 55, 0.00, '2017-07-01 00:00:00', 1, 1),
(520, 56, 0.00, '2017-07-01 00:00:00', 1, 1),
(521, 57, 0.00, '2017-07-01 00:00:00', 1, 1),
(522, 58, 0.00, '2017-07-01 00:00:00', 1, 1),
(523, 59, 580.00, '2017-07-01 07:39:03', 1, 1),
(525, 61, 0.00, '2017-07-01 09:10:06', 1, 1),
(530, 19, 500.00, '2017-06-01 10:27:08', 3, 1),
(531, 16, 300.00, '2017-06-01 08:41:26', 2, 1),
(532, 13, 500.00, '2017-06-01 08:41:39', 3, 1),
(533, 18, 2000.00, '2017-06-01 10:27:20', 2, 1),
(534, 19, 0.00, '2017-06-01 10:27:08', 4, 1),
(535, 19, 500.00, '2017-07-01 10:29:11', 2, 1),
(536, 19, 500.00, '2017-07-01 10:29:11', 3, 1),
(537, 19, 0.00, '2017-07-01 10:29:11', 4, 1),
(538, 5, 0.00, '2017-07-01 10:38:49', 2, 1),
(539, 19, 0.00, '2017-07-01 10:29:11', 5, 1),
(540, 17, 500.00, '2017-07-01 08:57:25', 2, 1),
(541, 15, 0.00, '2017-07-01 10:39:16', 2, 1),
(542, 18, 1000.00, '2017-07-01 10:30:31', 2, 1),
(543, 13, 780.00, '2017-07-01 12:12:36', 2, 1),
(544, 18, 500.00, '2017-07-01 10:30:31', 3, 1),
(545, 2, 0.00, '2017-07-01 12:32:09', 2, 1),
(546, 16, 400.00, '2017-07-01 09:01:13', 2, 1),
(547, 68, 10000.00, '2017-07-01 06:16:09', 1, 1),
(548, 69, 5000.00, '2017-07-01 10:39:54', 1, 1),
(549, 70, 0.00, '2017-07-01 06:13:41', 1, 1),
(550, 71, 1.00, '2017-07-01 10:16:26', 1, 1),
(551, 72, 25000.00, '2017-07-01 06:55:05', 1, 1),
(552, 68, 1.00, '2017-01-01 10:13:46', 1, 1),
(553, 68, 1.00, '2017-02-01 10:14:29', 1, 1),
(554, 68, 1.00, '2017-03-01 10:14:44', 1, 1),
(555, 68, 1.00, '2017-04-01 10:14:54', 1, 1),
(556, 68, 1.00, '2017-05-01 10:15:06', 1, 1),
(557, 68, 1.00, '2017-06-01 10:15:15', 1, 1),
(558, 71, 1.00, '2017-01-01 10:18:51', 1, 1),
(559, 72, 1.00, '2017-01-01 10:18:58', 1, 1),
(560, 69, 1.00, '2017-01-01 10:19:04', 1, 1),
(561, 70, 1.00, '2017-01-01 10:19:10', 1, 1),
(562, 70, 1.00, '2017-02-01 10:19:23', 1, 1),
(563, 69, 1.00, '2017-02-01 10:19:28', 1, 1),
(564, 71, 1.00, '2017-02-01 10:19:35', 1, 1),
(565, 72, 1.00, '2017-02-01 10:19:43', 1, 1),
(566, 71, 1.00, '2017-03-01 10:19:54', 1, 1),
(567, 72, 1.00, '2017-03-01 10:20:00', 1, 1),
(568, 69, 1.00, '2017-03-01 10:20:09', 1, 1),
(569, 70, 1.00, '2017-03-01 10:20:15', 1, 1),
(570, 71, 1.00, '2017-04-01 10:20:39', 1, 1),
(571, 72, 1.00, '2017-04-01 10:20:45', 1, 1),
(572, 69, 1.00, '2017-04-01 10:20:50', 1, 1),
(573, 70, 1.00, '2017-04-01 10:20:55', 1, 1),
(574, 71, 1.00, '2017-05-01 10:21:04', 1, 1),
(575, 72, 10000.00, '2017-05-01 12:26:10', 1, 1),
(576, 69, 24500.00, '2017-05-01 06:33:38', 1, 1),
(577, 70, 1.00, '2017-05-01 10:21:23', 1, 1),
(578, 71, 1.00, '2017-06-01 10:21:32', 1, 1),
(579, 72, 31000.00, '2017-06-01 06:59:29', 1, 1),
(580, 69, 1.00, '2017-06-01 10:21:43', 1, 1),
(581, 70, 0.00, '2017-06-01 06:12:50', 1, 1),
(582, 1, 0.00, '2017-08-01 00:00:00', 1, 1),
(583, 2, 500.00, '2017-08-01 11:05:21', 1, 1),
(584, 3, 600.00, '2017-08-01 12:31:33', 1, 1),
(585, 4, 1200.00, '2017-08-01 12:31:08', 1, 1),
(586, 5, 500.00, '2017-08-01 12:19:39', 1, 1),
(587, 6, 1200.00, '2017-08-01 12:30:50', 1, 1),
(588, 7, 100.00, '2017-08-01 12:19:34', 1, 1),
(589, 8, 250.00, '2017-08-01 12:19:30', 1, 1),
(590, 9, 1000.00, '2017-08-01 12:35:47', 1, 1),
(594, 13, 600.00, '2017-08-01 06:22:09', 1, 1),
(595, 14, 500.00, '2017-08-01 06:22:19', 1, 1),
(596, 15, 1000.00, '2017-08-01 11:05:35', 1, 1),
(597, 16, 500.00, '2017-08-01 06:19:24', 1, 1),
(598, 17, 500.00, '2017-08-01 01:02:05', 1, 1),
(599, 18, 1000.00, '2017-08-01 06:21:47', 1, 1),
(600, 19, 1000.00, '2017-08-01 06:19:12', 1, 1),
(601, 20, 0.00, '2017-08-01 00:00:00', 1, 1),
(602, 21, 0.00, '2017-08-01 06:19:59', 1, 1),
(606, 25, 8500.00, '2017-08-01 12:30:25', 1, 1),
(607, 26, 500.00, '2017-08-01 06:21:19', 1, 1),
(608, 27, 1120.00, '2017-08-01 11:06:51', 1, 1),
(609, 28, 0.00, '2017-08-01 00:00:00', 1, 1),
(610, 29, 0.00, '2017-08-01 00:00:00', 1, 1),
(611, 30, 0.00, '2017-08-01 00:00:00', 1, 1),
(612, 31, 0.00, '2017-08-01 00:00:00', 1, 1),
(613, 32, 0.00, '2017-08-01 00:00:00', 1, 1),
(614, 33, 24154.00, '2017-08-01 02:22:55', 1, 1),
(615, 34, 6471.00, '2017-08-01 02:23:14', 1, 1),
(616, 35, 0.00, '2017-08-01 06:20:57', 1, 1),
(618, 37, 0.00, '2017-08-01 00:00:00', 1, 1),
(619, 38, 0.00, '2017-08-01 00:00:00', 1, 1),
(621, 40, 4000.00, '2017-08-01 06:22:31', 1, 1),
(626, 45, 3000.00, '2017-08-01 02:28:54', 1, 1),
(627, 46, 0.00, '2017-08-01 02:23:31', 1, 1),
(629, 48, 0.00, '2017-08-01 00:00:00', 1, 1),
(632, 51, 0.00, '2017-08-01 00:00:00', 1, 1),
(633, 52, 0.00, '2017-08-01 00:00:00', 1, 1),
(634, 53, 0.00, '2017-08-01 00:00:00', 1, 1),
(635, 54, 0.00, '2017-08-01 00:00:00', 1, 1),
(636, 55, 0.00, '2017-08-01 00:00:00', 1, 1),
(637, 56, 0.00, '2017-08-01 00:00:00', 1, 1),
(638, 57, 0.00, '2017-08-01 00:00:00', 1, 1),
(639, 58, 2000.00, '2017-08-01 06:23:01', 1, 1),
(640, 59, 0.00, '2017-08-01 00:00:00', 1, 1),
(642, 61, 0.00, '2017-08-01 06:28:23', 1, 1),
(647, 68, 16000.00, '2017-08-01 06:23:45', 1, 1),
(648, 69, 0.00, '2017-08-01 00:00:00', 1, 1),
(649, 70, 0.00, '2017-08-01 00:00:00', 1, 1),
(650, 71, 0.00, '2017-08-01 00:00:00', 1, 1),
(651, 72, 0.00, '2017-08-01 00:00:00', 1, 1),
(652, 68, 4000.00, '2017-08-01 06:23:45', 2, 1),
(653, 1, 3450.00, '2017-09-01 09:52:47', 1, 1),
(654, 2, 500.00, '2017-09-01 09:52:59', 1, 1),
(655, 3, 600.00, '2017-09-01 06:29:55', 1, 1),
(656, 4, 1200.00, '2017-09-01 06:29:41', 1, 1),
(657, 5, 500.00, '2017-09-01 09:52:16', 1, 1),
(658, 6, 1200.00, '2017-09-01 06:29:29', 1, 1),
(659, 7, 100.00, '2017-09-01 12:22:34', 1, 1),
(660, 8, 250.00, '2017-09-01 09:52:07', 1, 1),
(661, 9, 1000.00, '2017-09-01 10:48:08', 1, 1),
(665, 13, 2000.00, '2017-09-01 09:54:53', 1, 1),
(666, 14, 500.00, '2017-09-01 09:54:40', 1, 1),
(667, 15, 1000.00, '2017-09-01 09:53:26', 1, 1),
(668, 16, 400.00, '2017-09-01 09:53:42', 1, 1),
(669, 17, 1000.00, '2017-09-01 09:54:13', 1, 1),
(670, 18, 1000.00, '2017-09-01 09:53:59', 1, 1),
(671, 19, 2000.00, '2017-09-01 09:53:18', 1, 1),
(672, 20, 0.00, '2017-09-01 00:00:00', 1, 1),
(673, 21, 0.00, '2017-09-01 00:00:00', 1, 1),
(677, 25, 8500.00, '2017-09-01 06:29:18', 1, 1),
(678, 26, 395.00, '2017-09-01 01:02:44', 1, 1),
(679, 27, 1200.00, '2017-09-01 03:50:43', 1, 1),
(680, 28, 0.00, '2017-09-01 00:00:00', 1, 1),
(681, 29, 0.00, '2017-09-01 00:00:00', 1, 1),
(682, 30, 0.00, '2017-09-01 00:00:00', 1, 1),
(683, 31, 0.00, '2017-09-01 00:00:00', 1, 1),
(684, 32, 0.00, '2017-09-01 00:00:00', 1, 1),
(685, 33, 24154.00, '2017-09-01 09:55:30', 1, 1),
(686, 34, 6471.00, '2017-09-01 09:55:49', 1, 1),
(687, 35, 0.00, '2017-09-01 00:00:00', 1, 1),
(689, 37, 0.00, '2017-09-01 00:00:00', 1, 1),
(690, 38, 0.00, '2017-09-01 00:00:00', 1, 1),
(692, 40, 4000.00, '2017-09-01 09:56:25', 1, 1),
(697, 45, 3000.00, '2017-09-01 09:56:35', 1, 1),
(698, 46, 0.00, '2017-09-01 09:56:56', 1, 1),
(700, 48, 0.00, '2017-09-01 00:00:00', 1, 1),
(703, 51, 0.00, '2017-09-01 00:00:00', 1, 1),
(704, 52, 0.00, '2017-09-01 00:00:00', 1, 1),
(705, 53, 1700.00, '2017-09-01 03:31:55', 1, 1),
(706, 54, 0.00, '2017-09-01 00:00:00', 1, 1),
(707, 55, 0.00, '2017-09-01 00:00:00', 1, 1),
(708, 56, 0.00, '2017-09-01 00:00:00', 1, 1),
(709, 57, 0.00, '2017-09-01 00:00:00', 1, 1),
(710, 58, 3000.00, '2017-09-01 09:59:20', 1, 1),
(711, 59, 0.00, '2017-09-01 00:00:00', 1, 1),
(713, 61, 0.00, '2017-09-01 00:00:00', 1, 1),
(718, 68, 20000.00, '2017-09-01 12:21:40', 1, 1),
(719, 69, 0.00, '2017-09-01 00:00:00', 1, 1),
(720, 70, 0.00, '2017-09-01 00:00:00', 1, 1),
(721, 71, 0.00, '2017-09-01 00:00:00', 1, 1),
(722, 72, 0.00, '2017-09-01 00:00:00', 1, 1),
(723, 19, 1000.00, '2017-08-01 06:19:12', 2, 1),
(724, 16, 500.00, '2017-08-01 06:19:24', 2, 1),
(725, 17, 0.00, '2017-08-01 01:02:05', 2, 1),
(726, 18, 1000.00, '2017-08-01 06:21:47', 2, 1),
(727, 13, 900.00, '2017-08-01 06:22:09', 2, 1),
(728, 13, 600.00, '2017-08-01 06:22:09', 3, 1),
(729, 58, 1000.00, '2017-08-01 06:23:01', 2, 1),
(730, 68, 10000.00, '2017-08-01 06:23:45', 3, 1),
(731, 53, 30000.00, '2017-09-01 03:31:55', 2, 1),
(732, 68, 0.00, '2017-09-01 12:21:40', 2, 1),
(733, 13, 670.00, '2017-07-01 12:12:36', 3, 1),
(734, 16, 600.00, '2017-09-01 09:53:42', 2, 1),
(735, 18, 1000.00, '2017-09-01 09:53:59', 2, 1),
(736, 1, 0.00, '2017-10-01 03:21:46', 1, 1),
(737, 2, 500.00, '2017-10-01 02:06:05', 1, 1),
(738, 3, 600.00, '2017-10-01 03:11:21', 1, 1),
(739, 4, 1200.00, '2017-10-01 02:05:43', 1, 1),
(740, 5, 500.00, '2017-10-01 02:37:10', 1, 1),
(741, 6, 1200.00, '2017-10-01 02:05:23', 1, 1),
(742, 7, 100.00, '2017-10-01 11:12:35', 1, 1),
(743, 8, 250.00, '2017-10-01 05:36:48', 1, 1),
(744, 9, 1000.00, '2017-10-01 02:05:35', 1, 1),
(748, 13, 800.00, '2017-10-01 05:34:33', 1, 1),
(749, 14, 500.00, '2017-10-01 05:33:49', 1, 1),
(750, 15, 1000.00, '2017-10-01 05:33:42', 1, 1),
(751, 16, 400.00, '2017-10-01 05:35:53', 1, 1),
(752, 17, 500.00, '2017-10-01 05:36:27', 1, 1),
(753, 18, 500.00, '2017-10-01 05:35:39', 1, 1),
(754, 19, 1000.00, '2017-10-01 05:05:34', 1, 1),
(755, 20, 0.00, '2017-10-01 00:00:00', 1, 1),
(756, 21, 0.00, '2017-10-01 00:00:00', 1, 1),
(760, 25, 8500.00, '2017-10-01 02:06:42', 1, 1),
(761, 26, 500.00, '2017-10-01 05:34:16', 1, 1),
(762, 27, 2000.00, '2017-10-01 03:51:03', 1, 1),
(763, 28, 0.00, '2017-10-01 00:00:00', 1, 1),
(764, 29, 0.00, '2017-10-01 00:00:00', 1, 1),
(765, 30, 0.00, '2017-10-01 00:00:00', 1, 1),
(766, 31, 0.00, '2017-10-01 00:00:00', 1, 1),
(767, 32, 0.00, '2017-10-01 00:00:00', 1, 1),
(768, 33, 24154.00, '2017-10-01 02:34:54', 1, 1),
(769, 34, 6471.00, '2017-10-01 02:35:15', 1, 1),
(770, 35, 0.00, '2017-10-01 00:00:00', 1, 1),
(772, 37, 0.00, '2017-10-01 00:00:00', 1, 1),
(773, 38, 0.00, '2017-10-01 00:00:00', 1, 1),
(775, 40, 4000.00, '2017-10-01 05:33:32', 1, 1),
(780, 45, 3000.00, '2017-10-01 05:53:31', 1, 1),
(781, 46, 0.00, '2017-10-01 02:42:10', 1, 1),
(783, 48, 0.00, '2017-10-01 00:00:00', 1, 1),
(786, 51, 5500.00, '2017-10-01 11:39:26', 1, 1),
(787, 52, 6550.00, '2017-10-01 03:06:49', 1, 1),
(788, 53, 0.00, '2017-10-01 00:00:00', 1, 1),
(789, 54, 0.00, '2017-10-01 00:00:00', 1, 1),
(790, 55, 0.00, '2017-10-01 00:00:00', 1, 1),
(791, 56, 0.00, '2017-10-01 00:00:00', 1, 1),
(792, 57, 4956.00, '2017-10-01 03:46:20', 1, 1),
(793, 58, 1000.00, '2017-10-01 11:13:01', 1, 1),
(794, 59, 570.00, '2017-10-01 02:38:46', 1, 1),
(796, 61, 0.00, '2017-10-01 00:00:00', 1, 1),
(801, 68, 0.00, '2017-10-01 00:00:00', 1, 1),
(802, 69, 0.00, '2017-10-01 00:00:00', 1, 1),
(803, 70, 0.00, '2017-10-01 00:00:00', 1, 1),
(804, 71, 22000.00, '2017-10-01 02:43:32', 1, 1),
(805, 72, 0.00, '2017-10-01 00:00:00', 1, 1),
(806, 13, 500.00, '2017-10-01 05:34:33', 2, 1),
(807, 19, 500.00, '2017-10-01 05:05:34', 2, 1),
(808, 58, 1000.00, '2017-10-01 11:13:01', 2, 1),
(809, 3, 0.00, '2017-10-01 03:11:21', 2, 1),
(810, 3, 0.00, '2017-10-01 03:11:21', 3, 1),
(811, 3, 0.00, '2017-10-01 03:11:21', 4, 1),
(812, 3, 0.00, '2017-10-01 03:11:21', 5, 1),
(813, 1, 0.00, '2017-11-01 00:00:00', 1, 1),
(814, 2, 500.00, '2017-11-01 05:27:08', 1, 1),
(815, 3, 600.00, '2017-11-01 10:54:18', 1, 1),
(816, 4, 1200.00, '2017-11-01 05:26:58', 1, 1),
(817, 5, 500.00, '2017-11-01 02:08:14', 1, 1),
(818, 6, 1200.00, '2017-11-01 05:26:44', 1, 1),
(819, 7, 100.00, '2017-11-01 10:55:28', 1, 1),
(820, 8, 250.00, '2017-11-01 10:54:56', 1, 1),
(821, 9, 1000.00, '2017-11-01 10:55:12', 1, 1),
(825, 13, 1000.00, '2017-11-01 10:53:48', 1, 1),
(826, 14, 500.00, '2017-11-01 02:18:36', 1, 1),
(827, 15, 1000.00, '2017-11-01 05:28:17', 1, 1),
(828, 16, 500.00, '2017-11-01 10:54:07', 1, 1),
(829, 17, 500.00, '2017-11-01 10:53:58', 1, 1),
(830, 18, 2000.00, '2017-11-01 02:09:53', 1, 1),
(831, 19, 1000.00, '2017-11-01 10:54:28', 1, 1),
(832, 20, 0.00, '2017-11-01 00:00:00', 1, 1),
(833, 21, 0.00, '2017-11-01 00:00:00', 1, 1),
(837, 25, 8500.00, '2017-11-01 05:27:20', 1, 1),
(838, 26, 500.00, '2017-11-01 02:19:39', 1, 1),
(839, 27, 980.00, '2017-11-01 03:51:45', 1, 1),
(840, 28, 0.00, '2017-11-01 00:00:00', 1, 1),
(841, 29, 0.00, '2017-11-01 00:00:00', 1, 1),
(842, 30, 0.00, '2017-11-01 00:00:00', 1, 1),
(843, 31, 0.00, '2017-11-01 00:00:00', 1, 1),
(844, 32, 0.00, '2017-11-01 00:00:00', 1, 1),
(845, 33, 24154.00, '2017-11-01 02:19:15', 1, 1),
(846, 34, 6471.00, '2017-11-01 02:19:21', 1, 1),
(847, 35, 0.00, '2017-11-01 00:00:00', 1, 1),
(849, 37, 0.00, '2017-11-01 00:00:00', 1, 1),
(850, 38, 0.00, '2017-11-01 00:00:00', 1, 1),
(852, 40, 4000.00, '2017-11-01 06:53:41', 1, 1),
(857, 45, 3000.00, '2017-11-01 05:27:42', 1, 1),
(858, 46, 0.00, '2017-11-01 02:21:01', 1, 1),
(860, 48, 0.00, '2017-11-01 00:00:00', 1, 1),
(863, 51, 0.00, '2017-11-01 00:00:00', 1, 1),
(864, 52, 0.00, '2017-11-01 00:00:00', 1, 1),
(865, 53, 0.00, '2017-11-01 00:00:00', 1, 1),
(866, 54, 0.00, '2017-11-01 00:00:00', 1, 1),
(867, 55, 0.00, '2017-11-01 00:00:00', 1, 1),
(868, 56, 0.00, '2017-11-01 00:00:00', 1, 1),
(869, 57, 0.00, '2017-11-01 00:00:00', 1, 1),
(870, 58, 2800.00, '2017-11-01 02:19:58', 1, 1),
(871, 59, 0.00, '2017-11-01 00:00:00', 1, 1),
(873, 61, 0.00, '2017-11-01 00:00:00', 1, 1),
(878, 68, 25000.00, '2017-11-01 05:26:32', 1, 1),
(879, 69, 0.00, '2017-11-01 00:00:00', 1, 1),
(880, 70, 0.00, '2017-11-01 00:00:00', 1, 1),
(881, 71, 0.00, '2017-11-01 00:00:00', 1, 1),
(882, 72, 0.00, '2017-11-01 00:00:00', 1, 1),
(883, 18, 1000.00, '2017-10-01 05:35:39', 2, 1),
(884, 13, 700.00, '2017-10-01 05:34:33', 3, 1),
(885, 18, 500.00, '2017-10-01 05:35:39', 3, 1),
(886, 16, 600.00, '2017-10-01 05:35:53', 2, 1),
(887, 17, 0.00, '2017-10-01 05:36:27', 2, 1),
(888, 17, 500.00, '2017-10-01 05:36:08', 2, 1),
(889, 19, 500.00, '2017-10-01 05:05:34', 3, 1),
(890, 13, 500.00, '2017-11-01 10:53:48', 2, 1),
(891, 19, 500.00, '2017-11-01 10:54:28', 2, 1),
(892, 1, 1150.00, '2017-12-01 11:33:05', 1, 1),
(893, 2, 500.00, '2017-12-01 10:58:25', 1, 1),
(894, 3, 600.00, '2017-12-01 10:58:29', 1, 1),
(895, 4, 1200.00, '2017-12-01 10:58:20', 1, 1),
(896, 5, 500.00, '2017-12-01 10:58:42', 1, 1),
(897, 6, 1200.00, '2017-12-01 10:58:13', 1, 1),
(898, 7, 100.00, '2017-12-01 10:58:47', 1, 1),
(899, 8, 250.00, '2017-12-01 10:35:04', 1, 1),
(900, 9, 1000.00, '2017-12-01 11:32:50', 1, 1),
(904, 13, 2000.00, '2017-12-01 11:33:55', 1, 1),
(905, 14, 500.00, '2017-12-01 11:33:48', 1, 1),
(906, 15, 1000.00, '2017-12-01 11:33:27', 1, 1),
(907, 16, 1000.00, '2017-12-01 11:33:20', 1, 1),
(908, 17, 1719.00, '2017-12-01 03:41:57', 1, 1),
(909, 18, 2000.00, '2017-12-01 11:33:32', 1, 1),
(910, 19, 2000.00, '2017-12-01 11:33:11', 1, 1),
(911, 20, 0.00, '2017-12-01 00:00:00', 1, 1),
(912, 21, 0.00, '2017-12-01 00:00:00', 1, 1),
(916, 25, 8500.00, '2017-12-01 10:58:01', 1, 1),
(917, 26, 500.00, '2017-12-01 11:34:13', 1, 1),
(918, 27, 800.00, '2017-12-01 11:34:01', 1, 1),
(919, 28, 0.00, '2017-12-01 00:00:00', 1, 1),
(920, 29, 0.00, '2017-12-01 00:00:00', 1, 1),
(921, 30, 0.00, '2017-12-01 00:00:00', 1, 1),
(922, 31, 0.00, '2017-12-01 00:00:00', 1, 1),
(923, 32, 0.00, '2017-12-01 00:00:00', 1, 1),
(924, 33, 24154.00, '2017-12-01 11:34:21', 1, 1),
(925, 34, 6471.00, '2017-12-01 11:34:26', 1, 1),
(926, 35, 0.00, '2017-12-01 00:00:00', 1, 1),
(928, 37, 0.00, '2017-12-01 00:00:00', 1, 1),
(929, 38, 0.00, '2017-12-01 00:00:00', 1, 1),
(931, 40, 4000.00, '2017-12-01 11:34:29', 1, 1),
(936, 45, 3000.00, '2017-12-01 11:34:46', 1, 1),
(937, 46, 0.00, '2017-12-01 11:34:35', 1, 1),
(939, 48, 0.00, '2017-12-01 00:00:00', 1, 1),
(942, 51, 0.00, '2017-12-01 00:00:00', 1, 1),
(943, 52, 0.00, '2017-12-01 00:00:00', 1, 1),
(944, 53, 25000.00, '2017-12-01 01:00:02', 1, 1),
(945, 54, 0.00, '2017-12-01 00:00:00', 1, 1),
(946, 55, 0.00, '2017-12-01 00:00:00', 1, 1),
(947, 56, 0.00, '2017-12-01 00:00:00', 1, 1),
(948, 57, 0.00, '2017-12-01 00:00:00', 1, 1),
(949, 58, 614.22, '2017-12-01 10:38:58', 1, 1),
(950, 59, 0.00, '2017-12-01 00:00:00', 1, 1),
(952, 61, 0.00, '2017-12-01 00:00:00', 1, 1),
(957, 68, 55000.00, '2017-12-01 10:57:25', 1, 1),
(958, 69, 0.00, '2017-12-01 00:00:00', 1, 1),
(959, 70, 0.00, '2017-12-01 00:00:00', 1, 1),
(960, 71, 15.00, '2017-12-01 10:47:51', 1, 1),
(961, 72, 0.00, '2017-12-01 00:00:00', 1, 1),
(962, 13, 500.00, '2017-11-01 10:53:48', 3, 1),
(963, 17, 500.00, '2017-11-01 10:53:58', 2, 1),
(964, 16, 500.00, '2017-11-01 10:54:07', 2, 1),
(965, 19, 500.00, '2017-11-01 10:54:28', 3, 1),
(966, 8, 0.00, '2017-11-01 10:54:56', 2, 1),
(967, 58, 2000.00, '2017-10-01 11:13:01', 3, 1),
(968, 1, 3450.00, '2018-01-01 11:33:59', 1, 1),
(969, 2, 500.00, '2018-01-01 11:34:06', 1, 1),
(970, 3, 600.00, '2018-01-01 11:34:08', 1, 1),
(971, 4, 1200.00, '2018-01-01 11:33:39', 1, 1),
(972, 5, 500.00, '2018-01-01 11:33:46', 1, 1),
(973, 6, 1400.00, '2018-01-01 11:33:13', 1, 1),
(974, 7, 100.00, '2018-01-01 12:18:39', 1, 1),
(975, 8, 250.00, '2018-01-01 12:18:34', 1, 1),
(976, 9, 1000.00, '2018-01-01 11:33:35', 1, 1),
(980, 13, 1500.00, '2018-01-01 10:42:26', 1, 1),
(981, 14, 500.00, '2018-01-01 09:23:26', 1, 1),
(982, 15, 1000.00, '2018-01-01 09:22:28', 1, 1),
(983, 16, 1000.00, '2018-01-01 09:22:38', 1, 1),
(984, 17, 1000.00, '2018-01-01 09:23:18', 1, 1),
(985, 18, 2000.00, '2018-01-01 09:22:47', 1, 1),
(986, 19, 2000.00, '2018-01-01 10:41:48', 1, 1),
(987, 20, 0.00, '2018-01-01 00:00:00', 1, 1),
(988, 21, 0.00, '2018-01-01 00:00:00', 1, 1),
(992, 25, 8500.00, '2018-01-01 12:57:24', 1, 1),
(993, 26, 500.00, '2018-01-01 09:37:35', 1, 1),
(994, 27, 920.00, '2018-01-01 01:18:21', 1, 1),
(995, 28, 3000.00, '2018-01-01 01:15:44', 1, 1),
(996, 29, 0.00, '2018-01-01 00:00:00', 1, 1),
(997, 30, 0.00, '2018-01-01 00:00:00', 1, 1),
(998, 31, 3100.00, '2018-01-01 09:36:21', 1, 1),
(999, 32, 0.00, '2018-01-01 00:00:00', 1, 1),
(1000, 33, 24154.00, '2018-01-01 09:23:42', 1, 1),
(1001, 34, 6471.00, '2018-01-01 09:23:56', 1, 1),
(1002, 35, 0.00, '2018-01-01 00:00:00', 1, 1),
(1004, 37, 0.00, '2018-01-01 00:00:00', 1, 1),
(1005, 38, 0.00, '2018-01-01 00:00:00', 1, 1),
(1007, 40, 4000.00, '2018-01-01 09:23:52', 1, 1),
(1012, 45, 3000.00, '2018-01-01 09:24:03', 1, 1),
(1013, 46, 0.00, '2018-01-01 00:00:00', 1, 1),
(1015, 48, 0.00, '2018-01-01 00:00:00', 1, 1),
(1018, 51, 0.00, '2018-01-01 00:00:00', 1, 1),
(1019, 52, 6526.00, '2018-01-01 03:08:12', 1, 1),
(1020, 53, 0.00, '2018-01-01 00:00:00', 1, 1),
(1021, 54, 0.00, '2018-01-01 00:00:00', 1, 1),
(1022, 55, 0.00, '2018-01-01 00:00:00', 1, 1),
(1023, 56, 0.00, '2018-01-01 00:00:00', 1, 1),
(1024, 57, 0.00, '2018-01-01 00:00:00', 1, 1),
(1025, 58, 3750.00, '2018-01-01 10:44:05', 1, 1),
(1026, 59, 0.00, '2018-01-01 00:00:00', 1, 1),
(1028, 61, 0.00, '2018-01-01 00:00:00', 1, 1),
(1033, 68, 33000.00, '2018-01-01 01:02:30', 1, 1),
(1034, 69, 0.00, '2018-01-01 00:00:00', 1, 1),
(1035, 70, 0.00, '2018-01-01 00:00:00', 1, 1),
(1036, 71, 0.00, '2018-01-01 00:00:00', 1, 1),
(1037, 72, 0.00, '2018-01-01 00:00:00', 1, 1),
(1038, 19, 0.00, '2018-01-01 10:41:48', 2, 1),
(1045, 2, 600.00, '2018-02-01 02:28:54', 1, 1),
(1043, 13, 500.00, '2018-01-01 10:42:26', 2, 1),
(1044, 1, 0.00, '2018-02-01 00:00:00', 1, 1),
(1046, 3, 600.00, '2018-02-01 02:28:59', 1, 1),
(1047, 4, 1200.00, '2018-02-01 02:27:52', 1, 1),
(1048, 5, 500.00, '2018-02-01 02:45:56', 1, 1),
(1049, 6, 1400.00, '2018-02-01 02:27:32', 1, 1),
(1050, 7, 100.00, '2018-02-01 11:28:47', 1, 1),
(1051, 8, 250.00, '2018-02-01 11:28:53', 1, 1),
(1052, 9, 1000.00, '2018-02-01 02:27:40', 1, 1),
(1056, 13, 2000.00, '2018-02-01 11:29:57', 1, 1),
(1057, 14, 500.00, '2018-02-01 11:29:47', 1, 1),
(1058, 15, 1000.00, '2018-02-01 11:29:26', 1, 1),
(1059, 16, 1000.00, '2018-02-01 11:29:31', 1, 1),
(1060, 17, 1000.00, '2018-02-01 11:29:41', 1, 1),
(1061, 18, 2000.00, '2018-02-01 11:29:37', 1, 1),
(1062, 19, 2000.00, '2018-02-01 11:29:01', 1, 1),
(1063, 20, 0.00, '2018-02-01 00:00:00', 1, 1),
(1064, 21, 0.00, '2018-02-01 00:00:00', 1, 1),
(1068, 25, 8500.00, '2018-02-01 02:29:18', 1, 1),
(1069, 26, 500.00, '2018-02-01 02:29:53', 1, 1),
(1070, 27, 550.00, '2018-02-01 03:52:29', 1, 1),
(1071, 28, 3000.00, '2018-02-01 02:50:03', 1, 1),
(1072, 29, 3000.00, '2018-02-01 02:50:20', 1, 1),
(1073, 30, 2500.00, '2018-02-01 02:30:05', 1, 1),
(1074, 31, 3100.00, '2018-02-01 02:29:33', 1, 1),
(1075, 32, 0.00, '2018-02-01 00:00:00', 1, 1),
(1076, 33, 24154.00, '2018-02-01 11:29:19', 1, 1),
(1077, 34, 6471.00, '2018-02-01 11:30:46', 1, 1),
(1078, 35, 0.00, '2018-02-01 00:00:00', 1, 1),
(1080, 37, 0.00, '2018-02-01 00:00:00', 1, 1),
(1081, 38, 0.00, '2018-02-01 00:00:00', 1, 1),
(1083, 40, 4000.00, '2018-02-01 02:44:47', 1, 1),
(1088, 45, 3000.00, '2018-02-01 02:40:16', 1, 1),
(1089, 46, 0.00, '2018-02-01 00:00:00', 1, 1),
(1091, 48, 0.00, '2018-02-01 00:00:00', 1, 1),
(1094, 51, 0.00, '2018-02-01 00:00:00', 1, 1),
(1095, 52, 0.00, '2018-02-01 00:00:00', 1, 1),
(1096, 53, 1800.00, '2018-02-01 02:45:25', 1, 1),
(1097, 54, 0.00, '2018-02-01 00:00:00', 1, 1),
(1098, 55, 0.00, '2018-02-01 00:00:00', 1, 1),
(1099, 56, 0.00, '2018-02-01 00:00:00', 1, 1),
(1100, 57, 0.00, '2018-02-01 00:00:00', 1, 1),
(1101, 58, 12500.00, '2018-02-01 11:33:13', 1, 1),
(1102, 59, 0.00, '2018-02-01 00:00:00', 1, 1),
(1104, 61, 0.00, '2018-02-01 00:00:00', 1, 1),
(1109, 68, 12000.00, '2018-02-01 02:54:06', 1, 1),
(1110, 69, 0.00, '2018-02-01 00:00:00', 1, 1),
(1111, 70, 0.00, '2018-02-01 00:00:00', 1, 1),
(1112, 71, 0.00, '2018-02-01 00:00:00', 1, 1),
(1113, 72, 0.00, '2018-02-01 00:00:00', 1, 1),
(1114, 27, 910.00, '2018-02-01 03:52:29', 2, 1),
(1115, 1, 0.00, '2018-03-01 00:00:00', 1, 1),
(1116, 2, 600.00, '2018-03-01 12:24:22', 1, 1),
(1117, 3, 600.00, '2018-03-01 12:24:25', 1, 1),
(1118, 4, 1400.00, '2018-03-01 12:24:02', 1, 1),
(1119, 5, 500.00, '2018-03-01 12:24:10', 1, 1),
(1120, 6, 1400.00, '2018-03-01 12:23:36', 1, 1),
(1121, 7, 100.00, '2018-03-01 12:24:17', 1, 1),
(1122, 8, 250.00, '2018-03-01 12:15:55', 1, 1),
(1123, 9, 1000.00, '2018-03-01 12:23:46', 1, 1),
(1127, 13, 1000.00, '2018-03-01 11:22:38', 1, 1),
(1128, 14, 500.00, '2018-03-01 11:22:51', 1, 1),
(1129, 15, 1000.00, '2018-03-01 04:04:12', 1, 1),
(1130, 16, 1000.00, '2018-03-01 04:04:21', 1, 1),
(1131, 17, 500.00, '2018-03-01 11:22:16', 1, 1),
(1132, 18, 2000.00, '2018-03-01 04:04:45', 1, 1),
(1133, 19, 2000.00, '2018-03-01 04:16:31', 1, 1),
(1134, 20, 0.00, '2018-03-01 04:21:34', 1, 1),
(1135, 21, 0.00, '2018-03-01 00:00:00', 1, 1),
(1139, 25, 8500.00, '2018-03-01 12:09:30', 1, 1),
(1140, 26, 500.00, '2018-03-01 11:23:14', 1, 1),
(1141, 27, 800.00, '2018-03-01 11:23:03', 1, 1),
(1142, 28, 3000.00, '2018-03-01 04:06:42', 1, 1),
(1143, 29, 3000.00, '2018-03-01 04:07:18', 1, 1),
(1144, 30, 2500.00, '2018-03-01 04:07:09', 1, 1),
(1145, 31, 3100.00, '2018-03-01 12:09:48', 1, 1),
(1146, 32, 0.00, '2018-03-01 00:00:00', 1, 1),
(1147, 33, 24154.00, '2018-03-01 04:04:04', 1, 1),
(1148, 34, 6471.00, '2018-03-01 04:06:20', 1, 1),
(1149, 35, 3000.00, '2018-03-01 04:15:59', 1, 1),
(1151, 37, 0.00, '2018-03-01 00:00:00', 1, 1),
(1152, 38, 0.00, '2018-03-01 00:00:00', 1, 1),
(1154, 40, 4000.00, '2018-03-01 12:15:59', 1, 1),
(1159, 45, 4000.00, '2018-03-01 04:06:09', 1, 1),
(1160, 46, 0.00, '2018-03-01 00:00:00', 1, 1),
(1162, 48, 0.00, '2018-03-01 00:00:00', 1, 1),
(1165, 51, 0.00, '2018-03-01 00:00:00', 1, 1),
(1166, 52, 0.00, '2018-03-01 00:00:00', 1, 1),
(1167, 53, 0.00, '2018-03-01 00:00:00', 1, 1),
(1168, 54, 0.00, '2018-03-01 00:00:00', 1, 1),
(1169, 55, 0.00, '2018-03-01 00:00:00', 1, 1),
(1170, 56, 0.00, '2018-03-01 00:00:00', 1, 1),
(1171, 57, 0.00, '2018-03-01 00:00:00', 1, 1),
(1172, 58, 3750.00, '2018-03-01 12:11:22', 1, 1),
(1173, 59, 0.00, '2018-03-01 00:00:00', 1, 1),
(1175, 61, 0.00, '2018-03-01 00:00:00', 1, 1),
(1180, 68, 0.00, '2018-03-01 00:00:00', 1, 1),
(1181, 69, 0.00, '2018-03-01 00:00:00', 1, 1),
(1182, 70, 0.00, '2018-03-01 00:00:00', 1, 1),
(1183, 71, 42000.00, '2018-03-01 03:40:18', 1, 1),
(1184, 72, 0.00, '2018-03-01 00:00:00', 1, 1),
(1185, 19, 0.00, '2018-03-01 04:16:31', 2, 1),
(1186, 17, 500.00, '2018-03-01 11:22:16', 2, 1),
(1187, 13, 1000.00, '2018-03-01 11:22:38', 2, 1),
(1188, 1, 2300.00, '2018-04-01 03:11:54', 1, 1),
(1189, 2, 600.00, '2018-04-01 10:09:19', 1, 1),
(1190, 3, 600.00, '2018-04-01 10:09:22', 1, 1),
(1191, 4, 1400.00, '2018-04-01 10:09:07', 1, 1),
(1192, 5, 500.00, '2018-04-01 10:39:51', 1, 1),
(1193, 6, 1400.00, '2018-04-01 10:03:16', 1, 1),
(1194, 7, 100.00, '2018-04-01 10:39:57', 1, 1),
(1195, 8, 250.00, '2018-04-01 03:12:03', 1, 1),
(1196, 9, 1000.00, '2018-04-01 10:10:31', 1, 1),
(1200, 13, 500.00, '2018-04-01 03:10:50', 1, 1),
(1201, 14, 500.00, '2018-04-01 03:10:59', 1, 1),
(1202, 15, 1000.00, '2018-04-01 03:10:01', 1, 1),
(1203, 16, 1000.00, '2018-04-01 03:09:18', 1, 1),
(1204, 17, 1000.00, '2018-04-01 03:10:29', 1, 1),
(1205, 18, 2000.00, '2018-04-01 06:05:33', 1, 1),
(1206, 19, 1000.00, '2018-04-01 03:09:10', 1, 1),
(1207, 20, 3000.00, '2018-04-01 10:18:04', 1, 1),
(1208, 21, 0.00, '2018-04-01 00:00:00', 1, 1),
(1212, 25, 8500.00, '2018-04-01 10:09:43', 1, 1),
(1213, 26, 500.00, '2018-04-01 03:12:41', 1, 1),
(1214, 27, 970.00, '2018-04-01 03:12:20', 1, 1),
(1215, 28, 3000.00, '2018-04-01 05:59:01', 1, 1),
(1216, 29, 3000.00, '2018-04-01 05:59:15', 1, 1),
(1217, 30, 2500.00, '2018-04-01 03:12:27', 1, 1),
(1218, 31, 0.00, '2018-04-01 00:00:00', 1, 1),
(1219, 32, 0.00, '2018-04-01 00:00:00', 1, 1),
(1220, 33, 24154.00, '2018-04-01 03:12:57', 1, 1),
(1221, 34, 6471.00, '2018-04-01 03:13:07', 1, 1),
(1222, 35, 3000.00, '2018-04-01 06:00:14', 1, 1),
(1224, 37, 0.00, '2018-04-01 00:00:00', 1, 1),
(1225, 38, 0.00, '2018-04-01 00:00:00', 1, 1),
(1227, 40, 4000.00, '2018-04-01 03:13:22', 1, 1),
(1232, 45, 4000.00, '2018-04-01 05:59:32', 1, 1),
(1233, 46, 0.00, '2018-04-01 00:00:00', 1, 1),
(1235, 48, 0.00, '2018-04-01 00:00:00', 1, 1),
(1238, 51, 5439.00, '2018-04-01 03:20:21', 1, 1),
(1239, 52, 7200.00, '2018-04-01 03:15:28', 1, 1),
(1240, 53, 0.00, '2018-04-01 00:00:00', 1, 1),
(1241, 54, 7010.00, '2018-04-01 03:21:44', 1, 1),
(1242, 55, 7100.00, '2018-04-01 03:21:05', 1, 1),
(1243, 56, 0.00, '2018-04-01 00:00:00', 1, 1),
(1244, 57, 4996.00, '2018-04-01 03:15:51', 1, 1),
(1245, 58, 2200.00, '2018-04-01 05:58:46', 1, 1),
(1246, 59, 650.00, '2018-04-01 03:16:04', 1, 1),
(1248, 61, 0.00, '2018-04-01 00:00:00', 1, 1),
(1253, 68, 20000.00, '2018-04-01 03:40:58', 1, 1),
(1254, 69, 0.00, '2018-04-01 00:00:00', 1, 1),
(1255, 70, 0.00, '2018-04-01 00:00:00', 1, 1),
(1256, 71, 0.00, '2018-04-01 00:00:00', 1, 1),
(1257, 72, 0.00, '2018-04-01 00:00:00', 1, 1),
(1258, 13, 500.00, '2018-04-01 03:10:50', 2, 1),
(1259, 19, 1000.00, '2018-04-01 03:09:10', 2, 1),
(1260, 15, 0.00, '2018-04-01 03:10:01', 2, 1),
(1261, 17, 0.00, '2018-04-01 03:10:29', 2, 1),
(1262, 13, 1000.00, '2018-04-01 03:10:50', 3, 1),
(1263, 54, 0.00, '2018-04-01 03:21:44', 2, 1),
(1264, 1, 0.00, '2018-05-01 00:00:00', 1, 1),
(1265, 2, 600.00, '2018-05-01 03:00:08', 1, 1),
(1266, 3, 600.00, '2018-05-01 03:00:09', 1, 1),
(1267, 4, 1400.00, '2018-05-01 02:59:24', 1, 1),
(1268, 5, 500.00, '2018-05-01 02:59:34', 1, 1),
(1269, 6, 1400.00, '2018-05-01 02:59:10', 1, 1),
(1270, 7, 100.00, '2018-05-01 03:00:01', 1, 1),
(1271, 8, 0.00, '2018-05-01 05:02:55', 1, 1),
(1272, 9, 1000.00, '2018-05-01 02:59:18', 1, 1),
(1276, 13, 1000.00, '2018-05-01 01:16:29', 1, 1),
(1277, 14, 500.00, '2018-05-01 01:15:59', 1, 1),
(1278, 15, 1000.00, '2018-05-01 01:15:45', 1, 1),
(1279, 16, 1000.00, '2018-05-01 01:15:47', 1, 1),
(1280, 17, 1000.00, '2018-05-01 01:15:53', 1, 1),
(1281, 18, 2000.00, '2018-05-01 03:00:22', 1, 1),
(1282, 19, 2000.00, '2018-05-01 01:15:40', 1, 1),
(1283, 20, 3000.00, '2018-05-01 03:01:12', 1, 1),
(1284, 21, 0.00, '2018-05-01 00:00:00', 1, 1),
(1288, 25, 8500.00, '2018-05-01 03:02:15', 1, 1),
(1289, 26, 500.00, '2018-05-01 03:02:22', 1, 1),
(1290, 27, 800.00, '2018-05-01 03:02:28', 1, 1),
(1291, 28, 3000.00, '2018-05-01 03:01:41', 1, 1),
(1292, 29, 3000.00, '2018-05-01 03:01:55', 1, 1),
(1293, 30, 2500.00, '2018-05-01 03:02:01', 1, 1),
(1294, 31, 0.00, '2018-05-01 00:00:00', 1, 1),
(1295, 32, 0.00, '2018-05-01 00:00:00', 1, 1),
(1296, 33, 24154.00, '2018-05-01 01:16:39', 1, 1),
(1297, 34, 6471.00, '2018-05-01 01:16:51', 1, 1),
(1298, 35, 3000.00, '2018-05-01 03:02:45', 1, 1),
(1300, 37, 0.00, '2018-05-01 00:00:00', 1, 1),
(1301, 38, 0.00, '2018-05-01 00:00:00', 1, 1),
(1303, 40, 4000.00, '2018-05-01 03:12:41', 1, 1),
(1308, 45, 4000.00, '2018-05-01 03:12:31', 1, 1),
(1309, 46, 3000.00, '2018-05-01 03:12:25', 1, 1),
(1311, 48, 0.00, '2018-05-01 00:00:00', 1, 1),
(1314, 51, 0.00, '2018-05-01 00:00:00', 1, 1),
(1315, 52, 0.00, '2018-05-01 00:00:00', 1, 1),
(1316, 53, 0.00, '2018-05-01 00:00:00', 1, 1),
(1317, 54, 1830.00, '2018-05-01 01:19:17', 1, 1),
(1318, 55, 0.00, '2018-05-01 00:00:00', 1, 1),
(1319, 56, 8700.00, '2018-05-01 01:18:37', 1, 1),
(1320, 57, 0.00, '2018-05-01 00:00:00', 1, 1),
(1321, 58, 3000.00, '2018-05-01 03:13:23', 1, 1),
(1322, 59, 0.00, '2018-05-01 00:00:00', 1, 1),
(1324, 61, 0.00, '2018-05-01 00:00:00', 1, 1),
(1329, 68, 20500.00, '2018-05-01 03:12:06', 1, 1),
(1330, 69, 0.00, '2018-05-01 00:00:00', 1, 1),
(1331, 70, 0.00, '2018-05-01 00:00:00', 1, 1),
(1332, 71, 0.00, '2018-05-01 00:00:00', 1, 1),
(1333, 72, 0.00, '2018-05-01 00:00:00', 1, 1),
(1334, 58, 0.00, '2018-05-01 03:13:23', 2, 1),
(1335, 1, 2300.00, '2018-06-01 12:11:12', 1, 1),
(1336, 2, 600.00, '2018-06-01 04:59:20', 1, 1),
(1337, 3, 600.00, '2018-06-01 04:59:25', 1, 1),
(1338, 4, 1400.00, '2018-06-01 04:58:55', 1, 1),
(1339, 5, 500.00, '2018-06-01 04:59:02', 1, 1),
(1340, 6, 1400.00, '2018-06-01 01:20:16', 1, 1),
(1341, 7, 100.00, '2018-06-01 04:59:16', 1, 1),
(1342, 8, 250.00, '2018-06-01 04:59:09', 1, 1),
(1343, 9, 1000.00, '2018-06-01 01:20:29', 1, 1),
(1347, 13, 1850.00, '2018-06-01 12:11:47', 1, 1),
(1348, 14, 500.00, '2018-06-01 05:00:43', 1, 1),
(1349, 15, 1000.00, '2018-06-01 04:59:59', 1, 1),
(1350, 16, 1000.00, '2018-06-01 05:00:03', 1, 1),
(1351, 17, 1000.00, '2018-06-01 05:00:37', 1, 1),
(1352, 18, 2000.00, '2018-06-01 05:00:32', 1, 1),
(1353, 19, 1500.00, '2018-06-01 12:12:58', 1, 1),
(1354, 20, 3000.00, '2018-06-01 05:00:15', 1, 1),
(1355, 21, 0.00, '2018-06-01 00:00:00', 1, 1),
(1359, 25, 8500.00, '2018-06-01 01:23:18', 1, 1),
(1360, 26, 500.00, '2018-06-01 05:02:03', 1, 1),
(1361, 27, 1970.00, '2018-06-01 12:11:51', 1, 1),
(1362, 28, 3000.00, '2018-06-01 01:20:52', 1, 1),
(1363, 29, 3000.00, '2018-06-01 01:21:14', 1, 1),
(1364, 30, 2500.00, '2018-06-01 01:21:23', 1, 1),
(1365, 31, 0.00, '2018-06-01 00:00:00', 1, 1),
(1366, 32, 0.00, '2018-06-01 00:00:00', 1, 1),
(1367, 33, 24154.00, '2018-06-01 05:01:01', 1, 1),
(1368, 34, 6471.00, '2018-06-01 05:01:10', 1, 1),
(1369, 35, 3000.00, '2018-06-01 01:23:07', 1, 1),
(1371, 37, 0.00, '2018-06-01 00:00:00', 1, 1),
(1372, 38, 0.00, '2018-06-01 00:00:00', 1, 1),
(1374, 40, 4000.00, '2018-06-01 05:01:19', 1, 1),
(1379, 45, 4000.00, '2018-06-01 05:01:31', 1, 1),
(1380, 46, 3000.00, '2018-06-01 01:22:54', 1, 1),
(1382, 48, 0.00, '2018-06-01 00:00:00', 1, 1),
(1385, 51, 0.00, '2018-06-01 00:00:00', 1, 1),
(1386, 52, 0.00, '2018-06-01 00:00:00', 1, 1),
(1387, 53, 0.00, '2018-06-01 00:00:00', 1, 1),
(1388, 54, 0.00, '2018-06-01 00:00:00', 1, 1),
(1389, 55, 0.00, '2018-06-01 00:00:00', 1, 1),
(1390, 56, 0.00, '2018-06-01 00:00:00', 1, 1),
(1391, 57, 0.00, '2018-06-01 00:00:00', 1, 1),
(1392, 58, 4600.00, '2018-06-01 01:13:37', 1, 1),
(1393, 59, 750.00, '2018-06-01 01:20:13', 1, 1),
(1395, 61, 0.00, '2018-06-01 00:00:00', 1, 1),
(1400, 68, 20000.00, '2018-06-01 01:25:13', 1, 1),
(1401, 69, 0.00, '2018-06-01 00:00:00', 1, 1),
(1402, 70, 0.00, '2018-06-01 00:00:00', 1, 1),
(1403, 71, 0.00, '2018-06-01 00:00:00', 1, 1),
(1404, 72, 0.00, '2018-06-01 00:00:00', 1, 1),
(1405, 13, 1000.00, '2018-05-01 01:16:29', 2, 1),
(1406, 1, 2300.00, '2018-07-01 11:24:13', 1, 1),
(1407, 2, 1800.00, '2018-07-01 11:00:12', 1, 1),
(1408, 3, 600.00, '2018-07-01 11:24:28', 1, 1),
(1409, 4, 1400.00, '2018-07-01 11:23:51', 1, 1),
(1410, 5, 500.00, '2018-07-01 11:23:56', 1, 1),
(1411, 6, 1400.00, '2018-07-01 11:23:42', 1, 1),
(1412, 7, 100.00, '2018-07-01 11:24:20', 1, 1),
(1413, 8, 250.00, '2018-07-01 11:23:46', 1, 1),
(1414, 9, 1000.00, '2018-07-01 11:23:48', 1, 1),
(1418, 13, 2000.00, '2018-07-01 11:25:13', 1, 1),
(1419, 14, 500.00, '2018-07-01 11:25:09', 1, 1),
(1420, 15, 1000.00, '2018-07-01 11:24:37', 1, 1),
(1421, 16, 1000.00, '2018-07-01 11:24:40', 1, 1),
(1422, 17, 1000.00, '2018-07-01 11:25:01', 1, 1),
(1423, 18, 2000.00, '2018-07-01 11:24:53', 1, 1),
(1424, 19, 2000.00, '2018-07-01 02:24:34', 1, 1),
(1425, 20, 3000.00, '2018-07-01 11:24:43', 1, 1),
(1426, 21, 0.00, '2018-07-01 00:00:00', 1, 1),
(1430, 25, 8500.00, '2018-07-01 12:56:48', 1, 1),
(1431, 26, 500.00, '2018-07-01 11:26:25', 1, 1),
(1432, 27, 800.00, '2018-07-01 12:25:53', 1, 1),
(1433, 28, 3000.00, '2018-07-01 11:25:24', 1, 1),
(1434, 29, 3000.00, '2018-07-01 11:25:30', 1, 1),
(1435, 30, 2500.00, '2018-07-01 11:25:36', 1, 1),
(1436, 31, 0.00, '2018-07-01 00:00:00', 1, 1),
(1437, 32, 3000.00, '2018-07-01 11:33:16', 1, 1),
(1438, 33, 24154.00, '2018-07-01 11:25:43', 1, 1),
(1439, 34, 6471.00, '2018-07-01 11:26:17', 1, 1),
(1440, 35, 3000.00, '2018-07-01 11:25:58', 1, 1),
(1442, 37, 0.00, '2018-07-01 00:00:00', 1, 1),
(1443, 38, 0.00, '2018-07-01 00:00:00', 1, 1),
(1445, 40, 4000.00, '2018-07-01 11:26:04', 1, 1),
(1450, 45, 4000.00, '2018-07-01 11:26:13', 1, 1),
(1451, 46, 3000.00, '2018-07-01 11:26:08', 1, 1),
(1453, 48, 0.00, '2018-07-01 00:00:00', 1, 1),
(1456, 51, 0.00, '2018-07-01 00:00:00', 1, 1),
(1457, 52, 0.00, '2018-07-01 00:00:00', 1, 1),
(1458, 53, 60000.00, '2018-07-01 11:27:48', 1, 1),
(1459, 54, 0.00, '2018-07-01 00:00:00', 1, 1),
(1460, 55, 0.00, '2018-07-01 00:00:00', 1, 1),
(1461, 56, 0.00, '2018-07-01 00:00:00', 1, 1),
(1462, 57, 0.00, '2018-07-01 00:00:00', 1, 1),
(1463, 58, 2129.00, '2018-07-01 12:29:53', 1, 1),
(1464, 59, 0.00, '2018-07-01 00:00:00', 1, 1),
(1466, 61, 0.00, '2018-07-01 00:00:00', 1, 1),
(1471, 68, 0.00, '2018-07-01 11:54:49', 1, 1),
(1472, 69, 10000.00, '2018-07-01 11:58:16', 1, 1),
(1473, 70, 0.00, '2018-07-01 00:00:00', 1, 1),
(1474, 71, 0.00, '2018-07-01 00:00:00', 1, 1),
(1475, 72, 0.00, '2018-07-01 00:00:00', 1, 1),
(1476, 19, 500.00, '2018-06-01 12:12:58', 2, 1),
(1477, 58, 0.00, '2018-07-01 12:29:53', 2, 1),
(1478, 53, 0.00, '2018-07-01 11:27:48', 2, 1),
(1479, 73, 2000.00, '2018-07-01 11:58:22', 1, 1),
(1480, 74, 4500.00, '2018-07-01 11:58:46', 1, 1),
(1481, 75, 2000.00, '2018-07-01 12:21:38', 1, 1),
(1482, 76, 2000.00, '2018-07-01 12:18:40', 1, 1),
(1483, 77, 2000.00, '2018-07-01 11:58:33', 1, 1);
INSERT INTO `ec_expenditure` (`ID`, `EXP_ITEM_ID`, `EXP_AMT`, `EXP_DATE`, `EXP_SLOT`, `USER_ID`) VALUES
(1484, 1, 0.00, '2018-08-01 10:10:08', 1, 1),
(1485, 2, 0.00, '2018-08-01 10:07:48', 1, 1),
(1486, 3, 600.00, '2018-08-01 10:06:58', 1, 1),
(1487, 4, 975.00, '2018-08-01 10:09:30', 1, 1),
(1488, 5, 1000.00, '2018-08-01 10:08:34', 1, 1),
(1489, 6, 1400.00, '2018-08-01 01:37:31', 1, 1),
(1490, 7, 200.00, '2018-08-01 09:37:00', 1, 1),
(1491, 8, 250.00, '2018-08-01 01:18:56', 1, 1),
(1492, 9, 1000.00, '2018-08-01 10:02:59', 1, 1),
(1496, 13, 1000.00, '2018-08-01 09:46:34', 1, 1),
(1497, 14, 500.00, '2018-08-01 11:21:46', 1, 1),
(1498, 15, 1000.00, '2018-08-01 10:29:23', 1, 1),
(1499, 16, 500.00, '2018-08-01 12:24:26', 1, 1),
(1500, 17, 500.00, '2018-08-01 09:46:48', 1, 1),
(1501, 18, 1000.00, '2018-08-01 10:29:51', 1, 1),
(1502, 19, 500.00, '2018-08-01 11:22:32', 1, 1),
(1503, 20, 3000.00, '2018-08-01 10:57:53', 1, 1),
(1504, 21, 3000.00, '2018-08-01 10:53:10', 1, 1),
(1508, 25, 8500.00, '2018-08-01 10:46:35', 1, 1),
(1509, 26, 500.00, '2018-08-01 10:46:31', 1, 1),
(1510, 27, 2000.00, '2018-08-01 03:49:24', 1, 1),
(1511, 28, 3000.00, '2018-08-01 10:46:16', 1, 1),
(1512, 29, 3000.00, '2018-08-01 10:45:55', 1, 1),
(1513, 30, 2500.00, '2018-08-01 10:46:04', 1, 1),
(1514, 31, 0.00, '2018-08-01 00:00:00', 1, 1),
(1515, 32, 3000.00, '2018-08-01 10:46:22', 1, 1),
(1516, 33, 24154.00, '2018-08-01 09:32:36', 1, 1),
(1517, 34, 6471.00, '2018-08-01 09:32:46', 1, 1),
(1518, 35, 3000.00, '2018-08-01 10:47:24', 1, 1),
(1520, 37, 5000.00, '2018-08-01 10:47:32', 1, 1),
(1521, 38, 0.00, '2018-08-01 00:00:00', 1, 1),
(1523, 40, 4000.00, '2018-08-01 10:27:00', 1, 1),
(1528, 45, 4000.00, '2018-08-01 10:55:00', 1, 1),
(1529, 46, 3000.00, '2018-08-01 10:47:54', 1, 1),
(1531, 48, 2000.00, '2018-08-01 04:00:24', 1, 1),
(1534, 51, 0.00, '2018-08-01 00:00:00', 1, 1),
(1535, 52, 7890.00, '2018-08-01 11:01:32', 1, 1),
(1536, 53, 0.00, '2018-08-01 00:00:00', 1, 1),
(1537, 54, 0.00, '2018-08-01 00:00:00', 1, 1),
(1538, 55, 0.00, '2018-08-01 00:00:00', 1, 1),
(1539, 56, 0.00, '2018-08-01 00:00:00', 1, 1),
(1540, 57, 0.00, '2018-08-01 11:11:40', 1, 1),
(1541, 58, 0.00, '2018-08-01 00:00:00', 1, 1),
(1542, 59, 0.00, '2018-08-01 00:00:00', 1, 1),
(1544, 61, 0.00, '2018-08-01 00:00:00', 1, 1),
(1549, 68, 55.00, '2018-08-01 11:57:06', 1, 1),
(1550, 69, 0.00, '2018-08-01 00:00:00', 1, 1),
(1551, 70, 0.00, '2018-08-01 00:00:00', 1, 1),
(1552, 71, 0.00, '2018-08-01 00:00:00', 1, 1),
(1553, 72, 0.00, '2018-08-01 00:00:00', 1, 1),
(1554, 73, 500.00, '2018-08-01 01:13:14', 1, 1),
(1555, 74, 3000.00, '2018-08-01 01:13:56', 1, 1),
(1556, 75, 1000.00, '2018-08-01 09:48:05', 1, 1),
(1557, 76, 1000.00, '2018-08-01 01:13:01', 1, 1),
(1558, 77, 1000.00, '2018-08-01 09:48:25', 1, 1),
(1559, 13, 500.00, '2018-08-01 09:46:34', 2, 1),
(1562, 8, 50.00, '2017-07-01 12:20:31', 2, 1),
(1563, 8, 50.00, '2017-06-01 12:20:48', 2, 1),
(1564, 19, 500.00, '2018-08-01 11:22:32', 2, 1),
(1565, 66, 3000.00, '2018-08-01 11:56:09', 1, 2),
(1566, 67, 500.00, '2018-08-01 11:56:18', 1, 2),
(1567, 13, 500.00, '2018-08-01 09:46:34', 3, 1),
(1568, 17, 500.00, '2018-08-01 09:46:48', 2, 1),
(1569, 1, 0.00, '2018-09-01 00:00:00', 1, 1),
(1570, 2, 0.00, '2018-09-01 10:29:01', 1, 1),
(1571, 3, 600.00, '2018-09-01 10:25:54', 1, 1),
(1572, 4, 1400.00, '2018-09-01 11:48:07', 1, 1),
(1573, 5, 1000.00, '2018-09-01 11:48:07', 1, 1),
(1574, 6, 1400.00, '2018-09-01 11:48:07', 1, 1),
(1575, 7, 200.00, '2018-09-01 11:48:07', 1, 1),
(1576, 8, 100.00, '2018-09-01 11:59:23', 1, 1),
(1577, 9, 1000.00, '2018-09-01 11:48:07', 1, 1),
(1581, 13, 1000.00, '2018-09-01 12:14:08', 1, 1),
(1582, 14, 500.00, '2018-09-01 10:25:54', 1, 1),
(1583, 15, 1800.00, '2018-09-01 04:05:45', 1, 1),
(1584, 16, 500.00, '2018-09-01 11:59:54', 1, 1),
(1585, 17, 500.00, '2018-09-01 01:58:36', 1, 1),
(1586, 18, 1000.00, '2018-09-01 11:58:21', 1, 1),
(1587, 19, 500.00, '2018-09-01 01:58:02', 1, 1),
(1588, 20, 3000.00, '2018-09-01 10:03:54', 1, 1),
(1589, 21, 3000.00, '2018-09-01 10:03:54', 1, 1),
(1593, 25, 8500.00, '2018-09-01 11:48:07', 1, 1),
(1594, 26, 500.00, '2018-09-01 09:35:15', 1, 1),
(1595, 27, 1000.00, '2018-09-01 10:03:54', 1, 1),
(1596, 28, 3000.00, '2018-09-01 10:03:54', 1, 1),
(1597, 29, 3000.00, '2018-09-01 10:03:54', 1, 1),
(1598, 30, 2500.00, '2018-09-01 10:03:54', 1, 1),
(1599, 31, 0.00, '2018-09-01 00:00:00', 1, 1),
(1600, 32, 3000.00, '2018-09-01 10:03:54', 1, 1),
(1601, 33, 24154.00, '2018-09-01 03:18:15', 1, 1),
(1602, 34, 6471.00, '2018-09-01 03:18:15', 1, 1),
(1603, 35, 3000.00, '2018-09-01 11:45:40', 1, 1),
(1605, 37, 5000.00, '2018-09-01 11:45:40', 1, 1),
(1606, 38, 2000.00, '2018-09-01 03:18:15', 1, 1),
(1608, 40, 4000.00, '2018-09-01 11:45:40', 1, 1),
(1613, 45, 4000.00, '2018-09-01 11:45:40', 1, 1),
(1614, 46, 3000.00, '2018-09-01 11:45:40', 1, 1),
(1616, 48, 2000.00, '2018-09-01 10:25:54', 1, 1),
(1619, 51, 0.00, '2018-09-01 00:00:00', 1, 1),
(1620, 52, 0.00, '2018-09-01 00:00:00', 1, 1),
(1621, 53, 0.00, '2018-09-01 00:00:00', 1, 1),
(1622, 54, 0.00, '2018-09-01 00:00:00', 1, 1),
(1623, 55, 0.00, '2018-09-01 00:00:00', 1, 1),
(1624, 56, 0.00, '2018-09-01 00:00:00', 1, 1),
(1625, 57, 0.00, '2018-09-01 00:00:00', 1, 1),
(1626, 58, 3500.00, '2018-09-01 09:38:05', 1, 1),
(1627, 59, 870.00, '2018-09-01 01:19:10', 1, 1),
(1629, 61, 0.00, '2018-09-01 00:00:00', 1, 1),
(1634, 68, 0.00, '2018-09-01 00:00:00', 1, 1),
(1635, 69, 0.00, '2018-09-01 00:00:00', 1, 1),
(1636, 70, 0.00, '2018-09-01 00:00:00', 1, 1),
(1637, 71, 0.00, '2018-09-01 00:00:00', 1, 1),
(1638, 72, 0.00, '2018-09-01 00:00:00', 1, 1),
(1639, 73, 0.00, '2018-09-01 12:56:53', 1, 1),
(1640, 74, 3500.00, '2018-09-01 04:38:53', 1, 1),
(1641, 75, 0.00, '2018-09-01 00:00:00', 1, 1),
(1642, 76, 1000.00, '2018-09-01 04:22:00', 1, 1),
(1643, 77, 0.00, '2018-09-01 00:00:00', 1, 1),
(1644, 66, 4000.00, '2018-09-01 11:55:30', 1, 2),
(1645, 67, 0.00, '2018-09-01 00:00:00', 1, 2),
(1646, 16, 500.00, '2018-08-01 12:24:26', 2, 1),
(1647, 13, 1000.00, '2018-09-01 12:14:08', 2, 1),
(1648, 8, 150.00, '2018-09-01 11:59:23', 2, 1),
(1649, 19, 500.00, '2018-09-01 01:58:02', 2, 1),
(1650, 16, 500.00, '2018-09-01 11:59:54', 2, 1),
(1651, 17, 500.00, '2018-09-01 01:58:36', 2, 1),
(1652, 19, 500.00, '2018-06-01 12:12:58', 3, 1),
(1653, 13, 0.00, '2018-09-01 12:14:08', 3, 1),
(1654, 19, 0.00, '2018-09-01 01:58:02', 3, 1),
(1655, 17, 0.00, '2018-09-01 01:58:36', 3, 1),
(1656, 76, 6000.00, '2018-07-01 12:18:40', 2, 1),
(1657, 75, 4773.12, '2018-07-01 12:21:38', 2, 1),
(1658, 19, 789.00, '2018-07-01 02:24:34', 2, 1),
(1659, 1, 3450.00, '2018-10-01 11:10:28', 1, 1),
(1660, 2, 1800.00, '2018-10-01 11:10:50', 1, 1),
(1661, 3, 600.00, '2018-10-01 11:48:48', 1, 1),
(1662, 4, 1400.00, '2018-10-01 04:32:57', 1, 1),
(1663, 5, 1000.00, '2018-10-01 04:32:57', 1, 1),
(1664, 6, 1400.00, '2018-10-01 04:32:57', 1, 1),
(1665, 7, 200.00, '2018-10-01 04:32:57', 1, 1),
(1666, 8, 250.00, '2018-10-01 11:00:51', 1, 1),
(1667, 9, 1000.00, '2018-10-01 04:32:57', 1, 1),
(1671, 13, 700.00, '2018-10-01 11:06:03', 1, 1),
(1672, 14, 500.00, '2018-10-01 11:14:09', 1, 1),
(1673, 15, 10000.00, '2018-10-01 12:03:35', 1, 1),
(1674, 16, 500.00, '2018-10-01 11:06:27', 1, 1),
(1675, 17, 500.00, '2018-10-01 11:06:38', 1, 1),
(1676, 18, 1000.00, '2018-10-01 11:00:51', 1, 1),
(1677, 19, 500.00, '2018-10-01 10:46:56', 1, 1),
(1678, 20, 3000.00, '2018-10-01 10:47:26', 1, 1),
(1679, 21, 3000.00, '2018-10-01 10:47:26', 1, 1),
(1683, 25, 8500.00, '2018-10-01 04:32:57', 1, 1),
(1684, 26, 500.00, '2018-10-01 11:06:59', 1, 1),
(1685, 27, 730.00, '2018-10-01 12:43:10', 1, 1),
(1686, 28, 3000.00, '2018-10-01 10:47:26', 1, 1),
(1687, 29, 3000.00, '2018-10-01 10:47:26', 1, 1),
(1688, 30, 2500.00, '2018-10-01 10:47:26', 1, 1),
(1689, 31, 0.00, '2018-10-01 00:00:00', 1, 1),
(1690, 32, 3000.00, '2018-10-01 10:47:26', 1, 1),
(1691, 33, 24154.00, '2018-10-01 11:48:48', 1, 1),
(1692, 34, 6471.00, '2018-10-01 11:48:48', 1, 1),
(1693, 35, 3000.00, '2018-10-01 11:06:59', 1, 1),
(1695, 37, 5000.00, '2018-10-01 11:06:59', 1, 1),
(1696, 38, 2000.00, '2018-10-01 11:48:48', 1, 1),
(1698, 40, 4000.00, '2018-10-01 11:06:59', 1, 1),
(1703, 45, 4000.00, '2018-10-01 11:06:59', 1, 1),
(1704, 46, 3000.00, '2018-10-01 11:06:59', 1, 1),
(1972, 93, 0.00, '2019-01-01 00:00:00', 1, 1),
(1706, 48, 2000.00, '2018-10-01 11:14:09', 1, 1),
(1970, 92, 10.00, '2019-01-01 00:00:00', 1, 6),
(1709, 51, 5439.00, '2018-10-01 11:49:48', 1, 1),
(1710, 52, 7800.00, '2018-10-01 01:15:10', 1, 1),
(1711, 53, 0.00, '2018-10-01 00:00:00', 1, 1),
(1712, 54, 0.00, '2018-10-01 00:00:00', 1, 1),
(1713, 55, 0.00, '2018-10-01 00:00:00', 1, 1),
(1714, 56, 0.00, '2018-10-01 00:00:00', 1, 1),
(1715, 57, 4030.00, '2018-10-01 11:04:50', 1, 1),
(1716, 58, 1500.00, '2018-10-01 11:01:14', 1, 1),
(1717, 59, 0.00, '2018-10-01 00:00:00', 1, 1),
(1969, 91, 10.00, '2019-01-01 00:00:00', 1, 5),
(1719, 61, 0.00, '2018-10-01 00:00:00', 1, 1),
(1968, 90, 10.00, '2019-01-01 00:00:00', 1, 4),
(1967, 89, 0.00, '2019-01-01 00:00:00', 1, 2),
(1966, 88, 0.00, '2019-01-01 00:00:00', 1, 2),
(1965, 67, 0.00, '2019-01-01 00:00:00', 1, 2),
(1724, 68, 0.00, '2018-10-01 00:00:00', 1, 1),
(1725, 69, 0.00, '2018-10-01 00:00:00', 1, 1),
(1726, 70, 0.00, '2018-10-01 00:00:00', 1, 1),
(1727, 71, 0.00, '2018-10-01 00:00:00', 1, 1),
(1728, 72, 0.00, '2018-10-01 00:00:00', 1, 1),
(1729, 73, 0.00, '2018-10-01 00:00:00', 1, 1),
(1730, 74, 0.00, '2018-10-01 00:00:00', 1, 1),
(1731, 75, 0.00, '2018-10-01 00:00:00', 1, 1),
(1732, 76, 1200.00, '2018-10-01 10:47:45', 1, 1),
(1733, 77, 0.00, '2018-10-01 00:00:00', 1, 1),
(1734, 74, 2000.00, '2018-09-01 04:38:53', 2, 1),
(1735, 13, 500.00, '2018-10-01 11:06:03', 2, 1),
(1736, 27, 810.00, '2018-10-01 12:43:10', 2, 1),
(1737, 13, 500.00, '2018-10-01 11:06:03', 3, 1),
(1738, 16, 200.00, '2018-10-01 11:06:27', 2, 1),
(1739, 58, 2500.00, '2018-10-01 11:01:14', 2, 1),
(1740, 13, 300.00, '2018-10-01 11:06:03', 4, 1),
(1741, 16, 200.00, '2018-10-01 11:06:27', 3, 1),
(1742, 17, 500.00, '2018-10-01 11:06:38', 2, 1),
(1743, 1, 0.00, '2018-11-01 00:00:00', 1, 1),
(1744, 2, 0.00, '2018-11-01 00:00:00', 1, 1),
(1745, 3, 600.00, '2018-11-01 11:40:46', 1, 1),
(1746, 4, 1400.00, '2018-11-01 10:43:25', 1, 1),
(1747, 5, 1000.00, '2018-11-01 10:43:25', 1, 1),
(1748, 6, 1400.00, '2018-11-01 10:43:25', 1, 1),
(1749, 7, 200.00, '2018-11-01 10:43:25', 1, 1),
(1750, 8, 250.00, '2018-11-01 12:32:01', 1, 1),
(1751, 9, 1000.00, '2018-11-01 10:43:25', 1, 1),
(1964, 66, 4000.00, '2019-01-01 05:21:58', 1, 2),
(1963, 19, 200.00, '2017-10-01 05:05:34', 4, 1),
(1962, 58, 100.00, '2018-12-01 01:52:28', 2, 1),
(1755, 13, 500.00, '2018-11-01 12:31:39', 1, 1),
(1756, 14, 500.00, '2018-11-01 11:40:46', 1, 1),
(1757, 15, 1000.00, '2018-11-01 11:12:26', 1, 1),
(1758, 16, 1000.00, '2018-11-01 12:31:47', 1, 1),
(1759, 17, 500.00, '2018-11-01 12:31:29', 1, 1),
(1760, 18, 1000.00, '2018-11-01 12:32:46', 1, 1),
(1761, 19, 500.00, '2018-11-01 12:31:55', 1, 1),
(1762, 20, 3000.00, '2018-11-01 01:15:23', 1, 1),
(1763, 21, 3000.00, '2018-11-01 01:15:23', 1, 1),
(1961, 87, 2500.00, '2019-01-01 12:36:36', 1, 1),
(1960, 13, 500.00, '2019-01-01 12:30:22', 4, 1),
(1959, 17, 500.00, '2019-01-01 12:30:09', 2, 1),
(1767, 25, 8500.00, '2018-11-01 10:43:25', 1, 1),
(1768, 26, 500.00, '2018-11-01 01:15:23', 1, 1),
(1769, 27, 820.00, '2018-11-01 12:32:16', 1, 1),
(1770, 28, 3000.00, '2018-11-01 01:15:23', 1, 1),
(1771, 29, 3000.00, '2018-11-01 01:15:23', 1, 1),
(1772, 30, 2500.00, '2018-11-01 01:15:23', 1, 1),
(1773, 31, 0.00, '2018-11-01 00:00:00', 1, 1),
(1774, 32, 3000.00, '2018-11-01 01:15:23', 1, 1),
(1775, 33, 24154.00, '2018-11-01 10:19:22', 1, 1),
(1776, 34, 6471.00, '2018-11-01 10:19:22', 1, 1),
(1777, 35, 3000.00, '2018-11-01 01:15:23', 1, 1),
(1958, 19, 500.00, '2019-01-01 10:28:58', 3, 1),
(1779, 37, 5000.00, '2018-11-01 01:15:23', 1, 1),
(1780, 38, 2000.00, '2018-11-01 10:19:22', 1, 1),
(1957, 8, 150.00, '2019-01-01 11:51:43', 2, 1),
(1782, 40, 4000.00, '2018-11-01 01:15:23', 1, 1),
(1956, 13, 1000.00, '2019-01-01 12:30:22', 3, 1),
(1955, 86, 0.00, '2019-01-01 00:00:00', 1, 3),
(1954, 85, 0.00, '2019-01-01 00:00:00', 1, 3),
(1953, 84, 0.00, '2019-01-01 00:00:00', 1, 3),
(1787, 45, 4000.00, '2018-11-01 01:15:23', 1, 1),
(1788, 46, 3000.00, '2018-11-01 01:10:13', 1, 1),
(1952, 58, 2401.00, '2019-01-01 11:42:55', 2, 1),
(1790, 48, 2000.00, '2018-11-01 11:40:46', 1, 1),
(1951, 83, 10.00, '2019-01-01 00:00:00', 1, 3),
(1950, 19, 500.00, '2019-01-01 10:28:58', 2, 1),
(1793, 51, 0.00, '2018-11-01 00:00:00', 1, 1),
(1794, 52, 0.00, '2018-11-01 00:00:00', 1, 1),
(1795, 53, 0.00, '2018-11-01 00:00:00', 1, 1),
(1796, 54, 0.00, '2018-11-01 00:00:00', 1, 1),
(1797, 55, 0.00, '2018-11-01 00:00:00', 1, 1),
(1798, 56, 0.00, '2018-11-01 00:00:00', 1, 1),
(1799, 57, 0.00, '2018-11-01 00:00:00', 1, 1),
(1800, 58, 3500.00, '2018-11-01 01:37:47', 1, 1),
(1801, 59, 0.00, '2018-11-01 00:00:00', 1, 1),
(1949, 13, 500.00, '2019-01-01 12:30:22', 2, 1),
(1803, 61, 3000.00, '2018-11-01 01:46:50', 1, 1),
(1948, 8, 200.00, '2017-12-01 10:35:04', 2, 1),
(1947, 17, 0.00, '2017-12-01 03:41:57', 2, 1),
(1946, 82, 4500.00, '2019-01-01 06:25:56', 1, 1),
(1945, 81, 2019.00, '2019-01-01 01:24:34', 1, 1),
(1808, 68, 0.00, '2018-11-01 00:00:00', 1, 1),
(1809, 69, 0.00, '2018-11-01 00:00:00', 1, 1),
(1810, 70, 0.00, '2018-11-01 00:00:00', 1, 1),
(1811, 71, 0.00, '2018-11-01 00:00:00', 1, 1),
(1812, 72, 0.00, '2018-11-01 00:00:00', 1, 1),
(1813, 73, 0.00, '2018-11-01 00:00:00', 1, 1),
(1814, 74, 3500.00, '2018-11-01 12:32:54', 1, 1),
(1815, 75, 0.00, '2018-11-01 00:00:00', 1, 1),
(1816, 76, 1000.00, '2018-11-01 12:32:33', 1, 1),
(1817, 77, 0.00, '2018-11-01 00:00:00', 1, 1),
(1818, 19, 500.00, '2018-10-01 10:46:56', 2, 1),
(1819, 13, 500.00, '2018-11-01 12:31:39', 2, 1),
(1820, 15, 23000.00, '2018-11-01 11:12:26', 2, 1),
(1821, 1, 0.00, '2018-12-01 00:00:00', 1, 1),
(1822, 2, 600.00, '2018-12-01 12:59:44', 1, 1),
(1823, 3, 600.00, '2018-12-01 12:52:53', 1, 1),
(1824, 4, 1200.00, '2018-12-01 12:52:41', 1, 1),
(1825, 5, 1000.00, '2018-12-01 12:53:10', 1, 1),
(1826, 6, 1400.00, '2018-12-01 12:52:22', 1, 1),
(1827, 7, 200.00, '2018-12-01 09:20:52', 1, 1),
(1828, 8, 150.00, '2018-12-01 12:58:25', 1, 1),
(1829, 9, 1000.00, '2018-12-01 04:10:13', 1, 1),
(1830, 13, 600.00, '2018-12-01 12:59:02', 1, 1),
(1831, 14, 500.00, '2018-12-01 08:37:41', 1, 1),
(1832, 15, 1000.00, '2018-12-01 10:08:43', 1, 1),
(1833, 16, 500.00, '2018-12-01 01:00:09', 1, 1),
(1834, 17, 500.00, '2018-12-01 01:00:21', 1, 1),
(1835, 18, 1000.00, '2018-12-01 12:57:59', 1, 1),
(1836, 19, 500.00, '2018-12-01 12:59:56', 1, 1),
(1837, 20, 3000.00, '2018-12-01 04:10:13', 1, 1),
(1838, 21, 3000.00, '2018-12-01 04:10:13', 1, 1),
(1839, 25, 8500.00, '2018-12-01 04:10:13', 1, 1),
(1840, 26, 500.00, '2018-12-01 04:10:13', 1, 1),
(1841, 27, 1000.00, '2018-12-01 04:10:13', 1, 1),
(1842, 28, 3000.00, '2018-12-01 04:10:13', 1, 1),
(1843, 29, 3000.00, '2018-12-01 04:10:13', 1, 1),
(1844, 32, 3000.00, '2018-12-01 04:10:13', 1, 1),
(1845, 33, 24154.00, '2018-12-01 04:10:13', 1, 1),
(1846, 34, 6471.00, '2018-12-01 04:10:13', 1, 1),
(1847, 35, 3000.00, '2018-12-01 04:10:13', 1, 1),
(1848, 37, 5000.00, '2018-12-01 04:10:13', 1, 1),
(1849, 38, 2000.00, '2018-12-01 04:10:13', 1, 1),
(1850, 40, 4000.00, '2018-12-01 04:10:13', 1, 1),
(1851, 45, 4000.00, '2018-12-01 04:10:13', 1, 1),
(1852, 46, 3000.00, '2018-12-01 04:10:13', 1, 1),
(1853, 48, 2000.00, '2018-12-01 08:37:41', 1, 1),
(1854, 51, 0.00, '2018-12-01 00:00:00', 1, 1),
(1855, 52, 0.00, '2018-12-01 00:00:00', 1, 1),
(1856, 53, 25000.00, '2018-12-01 01:51:06', 1, 1),
(1857, 54, 0.00, '2018-12-01 00:00:00', 1, 1),
(1858, 55, 0.00, '2018-12-01 00:00:00', 1, 1),
(1859, 56, 0.00, '2018-12-01 00:00:00', 1, 1),
(1860, 57, 0.00, '2018-12-01 00:00:00', 1, 1),
(1861, 58, 3500.00, '2018-12-01 01:52:28', 1, 1),
(1862, 59, 0.00, '2018-12-01 00:00:00', 1, 1),
(1863, 61, 3000.00, '2018-12-01 04:10:13', 1, 1),
(1864, 68, 1.00, '2018-12-01 12:57:59', 1, 1),
(1865, 69, 1.00, '2018-12-01 12:57:59', 1, 1),
(1866, 70, 1.00, '2018-12-01 12:57:59', 1, 1),
(1867, 71, 1.00, '2018-12-01 12:57:59', 1, 1),
(1868, 72, 1.00, '2018-12-01 12:57:59', 1, 1),
(1869, 73, 0.00, '2018-12-01 00:00:00', 1, 1),
(1870, 74, 3500.00, '2018-12-01 08:41:16', 1, 1),
(1871, 75, 0.00, '2018-12-01 00:00:00', 1, 1),
(1872, 76, 1000.00, '2018-12-01 08:40:38', 1, 1),
(1873, 77, 0.00, '2018-12-01 00:00:00', 1, 1),
(1874, 17, 500.00, '2018-11-01 12:31:29', 2, 1),
(1875, 13, 1000.00, '2018-11-01 12:31:39', 3, 1),
(1876, 19, 500.00, '2018-11-01 12:31:55', 2, 1),
(1877, 27, 320.00, '2018-11-01 12:32:16', 2, 1),
(1878, 78, 5000.00, '2018-12-01 04:45:24', 1, 1),
(1879, 8, 100.00, '2018-12-01 12:58:25', 2, 1),
(1880, 13, 800.00, '2018-12-01 12:59:02', 2, 1),
(1881, 13, 600.00, '2018-12-01 12:59:02', 3, 1),
(1882, 19, 500.00, '2018-12-01 12:59:56', 2, 1),
(1883, 16, 500.00, '2018-12-01 01:00:09', 2, 1),
(1884, 17, 500.00, '2018-12-01 01:00:21', 2, 1),
(1885, 1, 3450.00, '2019-01-01 12:25:22', 1, 1),
(1886, 2, 1800.00, '2019-01-01 11:11:17', 1, 1),
(1887, 3, 600.00, '2019-01-01 10:58:56', 1, 1),
(1888, 4, 1400.00, '2019-01-01 12:59:07', 1, 1),
(1889, 5, 1000.00, '2019-01-01 12:59:07', 1, 1),
(1890, 6, 1400.00, '2019-01-01 12:59:07', 1, 1),
(1891, 7, 200.00, '2019-01-01 12:59:07', 1, 1),
(1892, 8, 100.00, '2019-01-01 11:51:43', 1, 1),
(1893, 9, 1000.00, '2019-01-01 12:59:07', 1, 1),
(1894, 13, 1000.00, '2019-01-01 12:30:22', 1, 1),
(1895, 14, 500.00, '2019-01-01 10:58:56', 1, 1),
(1896, 15, 4000.00, '2019-01-01 10:55:27', 1, 1),
(1897, 16, 1000.00, '2019-01-01 11:52:15', 1, 1),
(1898, 17, 500.00, '2019-01-01 12:30:09', 1, 1),
(1899, 18, 500.00, '2019-01-01 01:45:22', 1, 1),
(1900, 19, 2500.00, '2019-01-01 10:28:58', 1, 1),
(1901, 20, 3000.00, '2019-01-01 12:59:07', 1, 1),
(1902, 21, 3000.00, '2019-01-01 12:59:07', 1, 1),
(1903, 26, 500.00, '2019-01-01 09:13:56', 1, 1),
(1904, 27, 1000.00, '2019-01-01 12:59:07', 1, 1),
(1905, 29, 3000.00, '2019-01-01 12:59:07', 1, 1),
(1906, 32, 3000.00, '2019-01-01 12:59:07', 1, 1),
(1907, 33, 24154.00, '2019-01-01 10:45:11', 1, 1),
(1908, 34, 6471.00, '2019-01-01 10:45:11', 1, 1),
(1909, 35, 3000.00, '2019-01-01 09:13:56', 1, 1),
(1910, 37, 5000.00, '2019-01-01 09:13:56', 1, 1),
(1911, 38, 2000.00, '2019-01-01 10:45:11', 1, 1),
(1912, 40, 4000.00, '2019-01-01 09:13:56', 1, 1),
(1913, 45, 4000.00, '2019-01-01 09:13:56', 1, 1),
(1914, 46, 3000.00, '2019-01-01 12:24:34', 1, 1),
(1915, 48, 2000.00, '2019-01-01 10:58:56', 1, 1),
(1916, 51, 0.00, '2019-01-01 00:00:00', 1, 1),
(1917, 52, 7093.00, '2019-01-01 12:25:46', 1, 1),
(1918, 53, 0.00, '2019-01-01 01:50:44', 1, 1),
(1919, 54, 0.00, '2019-01-01 00:00:00', 1, 1),
(1920, 55, 0.00, '2019-01-01 00:00:00', 1, 1),
(1921, 56, 0.00, '2019-01-01 00:00:00', 1, 1),
(1922, 57, 0.00, '2019-01-01 00:00:00', 1, 1),
(1923, 58, 2000.00, '2019-01-01 11:42:55', 1, 1),
(1924, 59, 0.00, '2019-01-01 00:00:00', 1, 1),
(1925, 61, 3000.00, '2019-01-01 12:59:07', 1, 1),
(1926, 68, 1.00, '2019-01-01 11:13:17', 1, 1),
(1927, 69, 1.00, '2019-01-01 11:13:36', 1, 1),
(1928, 70, 1.00, '2019-01-01 11:13:41', 1, 1),
(1929, 71, 1.00, '2019-01-01 11:13:25', 1, 1),
(1930, 72, 1.00, '2019-01-01 11:13:31', 1, 1),
(1931, 73, 0.00, '2019-01-01 00:00:00', 1, 1),
(1932, 74, 7800.00, '2019-01-01 01:49:35', 1, 1),
(1933, 75, 0.00, '2019-01-01 00:00:00', 1, 1),
(1934, 76, 1000.00, '2019-01-01 12:33:38', 1, 1),
(1935, 77, 0.00, '2019-01-01 00:00:00', 1, 1),
(1936, 78, 5000.00, '2019-01-01 12:59:07', 1, 1),
(1937, 79, 3500.00, '2019-01-01 01:05:42', 1, 1),
(1938, 15, 0.00, '2018-12-01 10:08:43', 2, 1),
(1939, 80, 6000.00, '2018-08-05 00:00:00', 1, 1),
(1940, 80, 6000.00, '2018-09-05 00:00:00', 1, 1),
(1941, 80, 6000.00, '2018-10-05 00:00:00', 1, 1),
(1942, 80, 6000.00, '2018-11-05 00:00:00', 1, 1),
(1943, 80, 6000.00, '2018-12-05 00:00:00', 1, 1),
(1944, 80, 6000.00, '2019-01-05 00:00:00', 1, 1),
(1973, 1, 0.00, '2019-02-01 00:00:00', 1, 1),
(1974, 2, 600.00, '2019-02-01 08:21:25', 1, 1),
(1975, 3, 600.00, '2019-02-01 07:37:43', 1, 1),
(1976, 4, 1400.00, '2019-02-01 11:20:56', 1, 1),
(1977, 5, 1000.00, '2019-02-01 11:20:56', 1, 1),
(1978, 6, 1400.00, '2019-02-01 11:20:56', 1, 1),
(1979, 7, 200.00, '2019-02-01 11:20:56', 1, 1),
(1980, 8, 250.00, '2019-02-01 07:37:43', 1, 1),
(2108, 76, 250.00, '2019-03-01 01:36:45', 2, 1),
(1982, 13, 500.00, '2019-02-01 07:38:25', 1, 1),
(1983, 14, 500.00, '2019-02-01 07:37:43', 1, 1),
(1984, 15, 3000.00, '2019-02-01 07:39:36', 1, 1),
(1985, 16, 1000.00, '2019-02-01 07:39:59', 1, 1),
(1986, 17, 500.00, '2019-02-01 07:38:39', 1, 1),
(1987, 18, 2000.00, '2019-02-01 07:41:18', 1, 1),
(1988, 19, 1000.00, '2019-02-01 07:39:17', 1, 1),
(1989, 20, 3000.00, '2019-02-01 03:19:55', 1, 1),
(1990, 21, 3000.00, '2019-02-01 03:19:55', 1, 1),
(1991, 93, 4500.00, '2019-02-01 11:31:16', 1, 1),
(1992, 26, 500.00, '2019-02-01 07:38:52', 1, 1),
(1993, 27, 520.00, '2019-02-01 12:35:55', 1, 1),
(1994, 29, 0.00, '2019-02-01 00:00:00', 1, 1),
(1995, 32, 3000.00, '2019-02-01 03:19:55', 1, 1),
(1996, 33, 24154.00, '2019-02-01 12:52:46', 1, 1),
(1997, 34, 6471.00, '2019-02-01 12:52:46', 1, 1),
(1998, 35, 3000.00, '2019-02-01 12:37:04', 1, 1),
(1999, 37, 5000.00, '2019-02-01 12:37:04', 1, 1),
(2000, 38, 2000.00, '2019-02-01 12:52:46', 1, 1),
(2001, 40, 4000.00, '2019-02-01 12:37:04', 1, 1),
(2002, 87, 1000.00, '2019-02-01 08:22:35', 1, 1),
(2003, 45, 4000.00, '2019-02-01 12:14:41', 1, 1),
(2004, 46, 3000.00, '2019-02-01 10:09:56', 1, 1),
(2005, 48, 2000.00, '2019-02-01 07:37:43', 1, 1),
(2006, 51, 0.00, '2019-02-01 00:00:00', 1, 1),
(2007, 52, 0.00, '2019-02-01 00:00:00', 1, 1),
(2008, 53, 0.00, '2019-02-01 00:00:00', 1, 1),
(2009, 54, 0.00, '2019-02-01 00:00:00', 1, 1),
(2010, 55, 0.00, '2019-02-01 00:00:00', 1, 1),
(2011, 56, 0.00, '2019-02-01 00:00:00', 1, 1),
(2012, 57, 0.00, '2019-02-01 00:00:00', 1, 1),
(2013, 58, 5000.00, '2019-02-01 08:21:58', 1, 1),
(2014, 59, 650.00, '2019-02-01 03:23:38', 1, 1),
(2015, 61, 3000.00, '2019-02-01 03:19:55', 1, 1),
(2016, 82, 4500.00, '2019-02-01 12:52:46', 1, 1),
(2017, 81, 2019.00, '2019-02-01 01:23:39', 1, 1),
(2018, 68, 1.00, '2019-02-01 11:20:56', 1, 1),
(2019, 69, 1.00, '2019-02-01 11:20:56', 1, 1),
(2020, 70, 1.00, '2019-02-01 11:20:56', 1, 1),
(2021, 71, 1.00, '2019-02-01 11:20:56', 1, 1),
(2022, 72, 1.00, '2019-02-01 11:20:56', 1, 1),
(2023, 73, 0.00, '2019-02-01 00:00:00', 1, 1),
(2024, 74, 4000.00, '2019-02-01 08:22:22', 1, 1),
(2025, 75, 0.00, '2019-02-01 00:00:00', 1, 1),
(2026, 76, 1000.00, '2019-02-01 08:21:48', 1, 1),
(2027, 77, 0.00, '2019-02-01 00:00:00', 1, 1),
(2028, 78, 5000.00, '2019-02-01 08:52:12', 1, 1),
(2029, 79, 3500.00, '2019-02-01 03:19:55', 1, 1),
(2030, 80, 6000.00, '2019-02-01 08:52:12', 1, 1),
(2031, 94, 0.00, '2019-02-01 12:27:34', 1, 7),
(2032, 95, 0.00, '2019-02-01 12:27:39', 1, 7),
(2033, 96, 0.00, '2019-02-01 00:00:00', 1, 7),
(2034, 90, 0.00, '2019-02-01 00:00:00', 1, 4),
(2035, 97, 0.00, '2019-02-01 00:00:00', 1, 4),
(2036, 98, 0.00, '2019-02-01 00:00:00', 1, 4),
(2037, 27, 2000.00, '2017-09-01 03:50:43', 2, 1),
(2038, 99, 5000.00, '2019-02-01 01:29:50', 1, 1),
(2039, 18, 14500.00, '2019-01-01 01:45:22', 2, 1),
(2040, 13, 500.00, '2019-02-01 07:38:25', 2, 1),
(2041, 100, 6000.00, '2019-02-01 09:59:55', 1, 1),
(2042, 101, 0.00, '2019-02-01 00:00:00', 1, 7),
(2043, 102, 0.00, '2019-02-01 00:00:00', 1, 7),
(2044, 13, 1000.00, '2019-02-01 07:38:25', 3, 1),
(2045, 13, 500.00, '2019-02-01 07:38:25', 4, 1),
(2046, 13, 500.00, '2019-02-01 07:38:25', 5, 1),
(2047, 17, 500.00, '2019-02-01 07:38:39', 2, 1),
(2048, 19, 2500.00, '2019-02-01 07:39:17', 2, 1),
(2049, 16, 0.00, '2019-02-01 07:39:59', 2, 1),
(2050, 1, 0.00, '2019-03-01 00:00:00', 1, 1),
(2051, 2, 0.00, '2019-03-01 00:00:00', 1, 1),
(2052, 3, 0.00, '2019-03-01 00:00:00', 1, 1),
(2053, 4, 1400.00, '2019-03-01 12:05:04', 1, 1),
(2054, 5, 1000.00, '2019-03-01 12:05:08', 1, 1),
(2055, 6, 1400.00, '2019-03-01 12:04:51', 1, 1),
(2056, 7, 200.00, '2019-03-01 12:05:13', 1, 1),
(2057, 8, 200.00, '2019-03-01 01:38:18', 1, 1),
(2058, 13, 500.00, '2019-03-01 01:37:51', 1, 1),
(2059, 14, 500.00, '2019-03-01 01:36:06', 1, 1),
(2060, 15, 500.00, '2019-03-01 01:37:09', 1, 1),
(2061, 16, 500.00, '2019-03-01 01:37:20', 1, 1),
(2062, 17, 200.00, '2019-03-01 01:39:32', 1, 1),
(2063, 18, 1500.00, '2019-03-01 02:12:11', 1, 1),
(2064, 19, 1000.00, '2019-03-01 01:36:55', 1, 1),
(2065, 20, 3000.00, '2019-03-01 01:19:28', 1, 1),
(2066, 21, 3000.00, '2019-03-01 01:19:28', 1, 1),
(2067, 93, 4500.00, '2019-03-01 01:03:13', 1, 1),
(2068, 26, 117.00, '2019-03-01 02:08:26', 1, 1),
(2069, 27, 1000.00, '2019-03-01 01:03:13', 1, 1),
(2070, 32, 3000.00, '2019-03-01 01:19:28', 1, 1),
(2071, 33, 24154.00, '2019-03-01 02:02:13', 1, 1),
(2072, 34, 6471.00, '2019-03-01 02:02:13', 1, 1),
(2073, 37, 5000.00, '2019-03-01 02:49:42', 1, 1),
(2074, 38, 2000.00, '2019-03-01 02:02:13', 1, 1),
(2075, 40, 4000.00, '2019-03-01 11:17:22', 1, 1),
(2076, 87, 500.00, '2019-03-01 01:58:50', 1, 1),
(2077, 45, 4000.00, '2019-03-01 02:49:42', 1, 1),
(2078, 46, 3000.00, '2019-03-01 02:02:13', 1, 1),
(2079, 48, 2000.00, '2019-03-01 01:36:06', 1, 1),
(2080, 51, 0.00, '2019-03-01 00:00:00', 1, 1),
(2081, 52, 0.00, '2019-03-01 00:00:00', 1, 1),
(2082, 53, 0.00, '2019-03-01 00:00:00', 1, 1),
(2083, 54, 0.00, '2019-03-01 00:00:00', 1, 1),
(2084, 55, 0.00, '2019-03-01 00:00:00', 1, 1),
(2085, 56, 0.00, '2019-03-01 00:00:00', 1, 1),
(2086, 57, 0.00, '2019-03-01 00:00:00', 1, 1),
(2087, 58, 2500.00, '2019-03-01 01:40:44', 1, 1),
(2088, 59, 0.00, '2019-03-01 00:00:00', 1, 1),
(2089, 61, 3000.00, '2019-03-01 01:19:28', 1, 1),
(2090, 82, 4500.00, '2019-03-01 02:02:13', 1, 1),
(2091, 81, 2019.00, '2019-03-01 01:19:28', 1, 1),
(2092, 68, 1.00, '2019-03-01 12:00:07', 1, 1),
(2093, 69, 1.00, '2019-03-01 12:00:07', 1, 1),
(2094, 70, 1.00, '2019-03-01 12:00:07', 1, 1),
(2095, 71, 1.00, '2019-03-01 12:00:07', 1, 1),
(2096, 72, 1.00, '2019-03-01 12:00:07', 1, 1),
(2097, 73, 0.00, '2019-03-01 00:00:00', 1, 1),
(2098, 74, 2000.00, '2019-03-01 02:11:47', 1, 1),
(2099, 75, 0.00, '2019-03-01 00:00:00', 1, 1),
(2100, 76, 250.00, '2019-03-01 01:36:45', 1, 1),
(2101, 77, 0.00, '2019-03-01 00:00:00', 1, 1),
(2102, 78, 5000.00, '2019-03-01 10:49:07', 1, 1),
(2103, 79, 3500.00, '2019-03-01 01:19:28', 1, 1),
(2104, 80, 6000.00, '2019-03-01 10:49:07', 1, 1),
(2105, 99, 5000.00, '2019-03-01 01:03:13', 1, 1),
(2106, 100, 6000.00, '2019-03-01 12:04:58', 1, 1),
(2107, 103, 4500.00, '2019-03-01 01:03:13', 1, 1),
(2109, 15, 1500.00, '2019-03-01 01:37:09', 2, 1),
(2110, 17, 300.00, '2019-03-01 01:39:32', 2, 1),
(2111, 58, 2401.00, '2019-03-01 01:40:44', 2, 1),
(2112, 13, 500.00, '2019-03-01 01:37:51', 2, 1),
(2113, 13, 1000.00, '2019-03-01 01:37:51', 3, 1),
(2114, 19, 1000.00, '2019-03-01 01:36:55', 2, 1),
(2115, 15, 500.00, '2019-03-01 01:37:09', 3, 1),
(2116, 76, 500.00, '2019-03-01 01:36:45', 3, 1),
(2117, 19, 1500.00, '2019-03-01 01:36:55', 3, 1),
(2118, 15, 500.00, '2019-03-01 01:37:09', 4, 1),
(2119, 16, 500.00, '2019-03-01 01:37:20', 2, 1),
(2120, 13, 500.00, '2019-03-01 01:37:51', 4, 1),
(2121, 17, 300.00, '2019-03-01 01:39:32', 3, 1),
(2122, 74, 1000.00, '2019-03-01 02:11:47', 2, 1),
(2123, 58, 99.00, '2019-03-01 01:40:44', 3, 1),
(2124, 74, 1000.00, '2019-03-01 02:11:47', 3, 1),
(2125, 18, 500.00, '2019-03-01 02:12:11', 2, 1);

-- --------------------------------------------------------

--
-- Table structure for table `ec_items`
--

DROP TABLE IF EXISTS `ec_items`;
CREATE TABLE IF NOT EXISTS `ec_items` (
  `ID` int(11) NOT NULL AUTO_INCREMENT,
  `EXP_ITEM_NAME` varchar(255) CHARACTER SET utf8 COLLATE utf8_unicode_ci DEFAULT NULL,
  `EXP_ITEM_CAT_ID` int(11) NOT NULL,
  `EXP_ACCOUNT_ID` int(11) NOT NULL,
  `DEFAULT_DEPO_AMT` float(10,2) NOT NULL,
  `ACTIVE` varchar(1) NOT NULL DEFAULT 'Y',
  `EXPIRED` enum('N','Y') NOT NULL DEFAULT 'N',
  `FIXED_PAYEE` enum('N','Y') NOT NULL,
  `PAY_DAY` tinyint(2) NOT NULL,
  `USER_ID` int(11) NOT NULL,
  PRIMARY KEY (`ID`)
) ENGINE=MyISAM  DEFAULT CHARSET=latin1 AUTO_INCREMENT=104 ;

--
-- Dumping data for table `ec_items`
--

INSERT INTO `ec_items` (`ID`, `EXP_ITEM_NAME`, `EXP_ITEM_CAT_ID`, `EXP_ACCOUNT_ID`, `DEFAULT_DEPO_AMT`, `ACTIVE`, `EXPIRED`, `FIXED_PAYEE`, `PAY_DAY`, `USER_ID`) VALUES
(1, 'School Van', 1, 7, 1500.00, 'Y', 'N', 'N', 0, 1),
(2, 'Sonu Trainings', 1, 7, 600.00, 'Y', 'N', 'N', 0, 1),
(3, 'Sonu Tutions', 1, 1, 600.00, 'Y', 'N', 'N', 0, 1),
(4, 'Milk', 2, 1, 1400.00, 'Y', 'N', 'Y', 2, 1),
(5, 'Rinku', 2, 1, 1000.00, 'Y', 'N', 'Y', 2, 1),
(6, 'Byee', 2, 1, 1400.00, 'Y', 'N', 'Y', 2, 1),
(7, 'Sonu', 2, 1, 200.00, 'Y', 'N', 'Y', 2, 1),
(8, 'Dhobi', 2, 1, 250.00, 'Y', 'N', 'Y', 28, 1),
(9, 'HOME_CASH REC_Jan17_Feb19', 4, 1, 1000.00, 'Y', 'Y', 'N', 0, 1),
(13, 'Veg-Nonveg-Fruits', 2, 2, 3000.00, 'Y', 'N', 'Y', 28, 1),
(14, 'Phone - Rinku', 2, 2, 500.00, 'Y', 'N', 'Y', 20, 1),
(15, 'Bday/Ani/BC/Others', 2, 7, 3000.00, 'Y', 'N', 'N', 0, 1),
(16, 'Bike', 2, 7, 1000.00, 'Y', 'N', 'N', 0, 1),
(17, 'Office', 2, 3, 1000.00, 'Y', 'N', 'N', 0, 1),
(18, 'Miscelleneous', 2, 7, 2000.00, 'Y', 'N', 'N', 0, 1),
(19, 'Aakash', 2, 7, 3500.00, 'Y', 'N', 'N', 0, 1),
(20, 'ICICI_RIN REC_Apr18_Apr19', 4, 2, 3000.00, 'Y', 'N', 'Y', 3, 1),
(21, 'ICICI_RIN REC_Aug18_Aug19', 4, 2, 3000.00, 'Y', 'N', 'Y', 3, 1),
(93, 'HDFC REC_Feb19_Feb20', 4, 6, 4500.00, 'Y', 'N', 'Y', 2, 1),
(92, 'Def Item', 19, 19, 100.00, 'Y', 'N', 'N', 0, 6),
(25, 'SBI Loan', 5, 7, 8500.00, 'Y', 'Y', 'N', 0, 1),
(26, 'Phone - Aakash', 2, 3, 500.00, 'Y', 'N', 'N', 0, 1),
(27, 'Electricity Bill', 2, 6, 1000.00, 'Y', 'N', 'Y', 19, 1),
(28, 'ICICI REC_Jan18_Jan19', 4, 3, 3000.00, 'Y', 'Y', 'N', 0, 1),
(29, 'ICICI REC_Feb18_Feb19', 4, 3, 3000.00, 'Y', 'Y', 'N', 0, 1),
(30, 'ICICI Oppo_F5_Emi', 5, 3, 2500.00, 'Y', 'Y', 'N', 0, 1),
(31, 'ICICI Oppo_F3_Emi', 5, 3, 0.00, 'Y', 'Y', 'N', 0, 1),
(32, 'ICICI REC_Jul18_Jul19', 4, 3, 3000.00, 'Y', 'N', 'Y', 3, 1),
(33, 'SBI Home Loan', 5, 4, 24154.00, 'Y', 'N', 'Y', 15, 1),
(34, 'SBI TOPUP', 5, 4, 6471.00, 'Y', 'N', 'Y', 15, 1),
(35, 'SBI_OD REC_Mar18_Mar19', 4, 7, 3000.00, 'Y', 'Y', 'N', 0, 1),
(91, 'Def Item', 18, 18, 100.00, 'Y', 'N', 'N', 0, 5),
(37, 'SBI_OD REC_Aug18_Aug19', 4, 7, 5000.00, 'Y', 'N', 'Y', 9, 1),
(38, 'SBI REC_Sep18_Sep19', 4, 4, 2000.00, 'Y', 'N', 'Y', 15, 1),
(40, 'LIC_UBI', 6, 5, 4000.00, 'Y', 'N', 'Y', 7, 1),
(90, 'Beauty Parlour', 17, 17, 100.00, 'Y', 'N', 'N', 0, 4),
(89, 'Shuttle', 16, 16, 400.00, 'Y', 'N', 'N', 0, 2),
(88, 'Movie CD', 8, 9, 400.00, 'Y', 'N', 'N', 0, 2),
(87, 'Medicine', 15, 7, 1000.00, 'Y', 'N', 'N', 0, 1),
(45, 'Mummy', 2, 6, 4000.00, 'Y', 'N', 'Y', 8, 1),
(46, 'HDFC REC_May18_May19', 4, 6, 3000.00, 'Y', 'N', 'Y', 12, 1),
(86, 'TV Repair', 10, 15, 400.00, 'Y', 'N', 'N', 0, 3),
(48, 'HDFC REC_Aug18_Aug19', 4, 6, 2000.00, 'Y', 'N', 'Y', 19, 1),
(85, 'Movie CD', 13, 13, 400.00, 'Y', 'N', 'N', 0, 3),
(84, 'Shuttle', 12, 14, 4020.00, 'Y', 'N', 'N', 0, 3),
(51, 'LIC_SBI_OD', 6, 7, 1000.00, 'Y', 'N', 'N', 0, 1),
(52, 'Society Bill', 2, 7, 3000.00, 'Y', 'N', 'N', 0, 1),
(53, 'School Fee', 1, 7, 10000.00, 'Y', 'N', 'N', 0, 1),
(54, 'School Dress/Books', 1, 7, 1000.00, 'Y', 'N', 'N', 0, 1),
(55, 'Property Tax', 2, 7, 600.00, 'Y', 'N', 'N', 0, 1),
(56, 'D2H', 2, 7, 700.00, 'Y', 'N', 'N', 0, 1),
(57, 'Internet', 2, 7, 900.00, 'Y', 'N', 'N', 0, 1),
(58, 'Rasan', 2, 7, 5000.00, 'Y', 'N', 'N', 0, 1),
(59, 'Gas', 2, 7, 500.00, 'Y', 'N', 'N', 0, 1),
(83, 'Def Item', 10, 11, 100.00, 'Y', 'N', 'Y', 4, 3),
(61, 'SBI_OD REC_Nov18_Nov19', 4, 7, 3000.00, 'Y', 'N', 'Y', 3, 1),
(82, 'HDFC REC_Jan19_Jan20', 4, 6, 4500.00, 'Y', 'N', 'Y', 14, 1),
(81, 'SBI_OD_Saving', 3, 7, 2019.00, 'Y', 'N', 'Y', 3, 1),
(66, 'Crocin', 7, 8, 4000.00, 'Y', 'N', 'Y', 2, 2),
(67, 'IceCream', 8, 9, 3000.00, 'Y', 'N', 'N', 0, 2),
(68, 'Ext_Aakash', 9, 10, 1.00, 'Y', 'N', 'Y', 1, 1),
(69, 'Ext_Rinku', 9, 10, 1.00, 'Y', 'N', 'Y', 1, 1),
(70, 'Ext_Yash', 9, 10, 1.00, 'Y', 'N', 'Y', 1, 1),
(71, 'Ext_Home', 9, 10, 1.00, 'Y', 'N', 'Y', 1, 1),
(72, 'Ext_missllenious', 9, 10, 1.00, 'Y', 'N', 'Y', 1, 1),
(73, 'Gym - Credit Card', 2, 7, 0.00, 'Y', 'N', 'N', 0, 1),
(74, 'Nutrition - Credit Card', 2, 7, 4000.00, 'Y', 'N', 'N', 0, 1),
(75, 'Party - Credit Card', 2, 7, 0.00, 'Y', 'N', 'N', 0, 1),
(76, 'Restaurant - Credit Card', 2, 7, 1000.00, 'Y', 'N', 'N', 0, 1),
(77, 'Personal - Credit Card', 2, 7, 0.00, 'Y', 'N', 'N', 0, 1),
(78, 'SBI_OD REC_Dec18_Dec19', 4, 7, 5000.00, 'Y', 'N', 'Y', 5, 1),
(79, 'ICICI REC_Jan19_Jan20', 4, 3, 3500.00, 'Y', 'N', 'Y', 3, 1),
(80, 'SBI_OD REC2_Aug18_Aug19', 4, 7, 6000.00, 'Y', 'N', 'Y', 5, 1),
(94, 'Badminton', 20, 20, 110.00, 'Y', 'N', 'N', 0, 7),
(95, 'Chips', 21, 20, 40.00, 'Y', 'N', 'N', 0, 7),
(96, 'Iccream', 21, 20, 50.00, 'Y', 'N', 'N', 0, 7),
(97, 'Cloths', 22, 17, 400.00, 'Y', 'N', 'N', 0, 4),
(98, 'Mislleneous', 22, 17, 500.00, 'Y', 'N', 'N', 0, 4),
(99, 'ICICI REC_Feb19_Nov19', 4, 3, 5000.00, 'Y', 'N', 'Y', 2, 1),
(100, 'HOME_CASH REC_Feb19_Jun19', 4, 1, 6000.00, 'Y', 'N', 'Y', 2, 1),
(101, 'Motor', 23, 20, 20.00, 'Y', 'N', 'N', 0, 7),
(102, 'Printout', 23, 20, 20.00, 'Y', 'N', 'N', 0, 7),
(103, 'SBI_OD REC_Mar19_Mar20', 4, 7, 4500.00, 'Y', 'N', 'Y', 2, 1);

-- --------------------------------------------------------

--
-- Table structure for table `ec_items_cat`
--

DROP TABLE IF EXISTS `ec_items_cat`;
CREATE TABLE IF NOT EXISTS `ec_items_cat` (
  `ID` int(11) NOT NULL AUTO_INCREMENT,
  `EXP_ITEM_CAT` varchar(255) CHARACTER SET utf8 COLLATE utf8_unicode_ci DEFAULT NULL,
  `USER_ID` int(11) NOT NULL,
  PRIMARY KEY (`ID`)
) ENGINE=MyISAM  DEFAULT CHARSET=latin1 AUTO_INCREMENT=24 ;

--
-- Dumping data for table `ec_items_cat`
--

INSERT INTO `ec_items_cat` (`ID`, `EXP_ITEM_CAT`, `USER_ID`) VALUES
(1, 'School', 1),
(2, 'Home Exp', 1),
(3, 'Savings', 1),
(4, 'Recurring', 1),
(5, 'Loan', 1),
(6, 'Insurance', 1),
(7, 'Medical', 2),
(8, 'Party', 2),
(9, 'CC Exp', 1),
(10, 'Def Category', 3),
(12, 'Tenis Exp', 3),
(13, 'Tenis Exp2', 3),
(14, 'Football Exp', 3),
(15, 'Health Care', 1),
(16, 'Tenis Exp2', 2),
(17, 'Fashion', 4),
(18, 'Def Category', 5),
(19, 'Def Category', 6),
(20, 'Sports', 7),
(21, 'Snacks', 7),
(22, 'Shopping', 4),
(23, 'Project', 7);

-- --------------------------------------------------------

--
-- Table structure for table `ec_meta_info`
--

DROP TABLE IF EXISTS `ec_meta_info`;
CREATE TABLE IF NOT EXISTS `ec_meta_info` (
  `ID` tinyint(4) NOT NULL AUTO_INCREMENT,
  `META_TITLE` varchar(255) NOT NULL,
  `META_DESC` text NOT NULL,
  `META_KEYS` text NOT NULL,
  `META_ROBOT` varchar(255) NOT NULL,
  PRIMARY KEY (`ID`)
) ENGINE=MyISAM  DEFAULT CHARSET=latin1 AUTO_INCREMENT=2 ;

--
-- Dumping data for table `ec_meta_info`
--

INSERT INTO `ec_meta_info` (`ID`, `META_TITLE`, `META_DESC`, `META_KEYS`, `META_ROBOT`) VALUES
(1, 'Expenditure Control System', 'How to control expenditures. We provide help on control and manage your expenditures, accounts, savings and many more related to daily expenditure.', 'Expenditure, Accounts, Deposit, Expenditure, Savings, Recurrings', 'INDEX FOLLOW');

-- --------------------------------------------------------

--
-- Table structure for table `ec_months`
--

DROP TABLE IF EXISTS `ec_months`;
CREATE TABLE IF NOT EXISTS `ec_months` (
  `ID` int(11) NOT NULL AUTO_INCREMENT,
  `MONTH_NUMBER` char(4) NOT NULL,
  `MONTH_SHORT_NAME` varchar(20) CHARACTER SET utf8 COLLATE utf8_unicode_ci DEFAULT NULL,
  `MONTH_FULL_NAME` varchar(20) CHARACTER SET utf8 COLLATE utf8_unicode_ci DEFAULT NULL,
  PRIMARY KEY (`ID`)
) ENGINE=MyISAM  DEFAULT CHARSET=latin1 AUTO_INCREMENT=13 ;

--
-- Dumping data for table `ec_months`
--

INSERT INTO `ec_months` (`ID`, `MONTH_NUMBER`, `MONTH_SHORT_NAME`, `MONTH_FULL_NAME`) VALUES
(1, '01', 'Jan', 'January'),
(2, '02', 'Feb', 'February'),
(3, '03', 'Mar', 'March'),
(4, '04', 'Apr', 'April'),
(5, '05', 'May', 'May'),
(6, '06', 'Jun', 'June'),
(7, '07', 'Jul', 'July'),
(8, '08', 'Aug', 'August'),
(9, '09', 'Sep', 'September'),
(10, '10', 'Oct', 'October'),
(11, '11', 'Nov', 'November'),
(12, '12', 'Dec', 'December');

-- --------------------------------------------------------

--
-- Table structure for table `ec_pay_tenure`
--

DROP TABLE IF EXISTS `ec_pay_tenure`;
CREATE TABLE IF NOT EXISTS `ec_pay_tenure` (
  `ID` int(11) NOT NULL AUTO_INCREMENT,
  `TENURE_NAME` varchar(255) CHARACTER SET utf8 COLLATE utf8_unicode_ci DEFAULT NULL,
  PRIMARY KEY (`ID`)
) ENGINE=MyISAM  DEFAULT CHARSET=latin1 AUTO_INCREMENT=6 ;

--
-- Dumping data for table `ec_pay_tenure`
--

INSERT INTO `ec_pay_tenure` (`ID`, `TENURE_NAME`) VALUES
(1, 'Monthly'),
(2, 'HalfYearly'),
(3, 'Quarterly'),
(4, 'ThreeQuarterly'),
(5, 'Yearly');

-- --------------------------------------------------------

--
-- Table structure for table `ec_themes`
--

DROP TABLE IF EXISTS `ec_themes`;
CREATE TABLE IF NOT EXISTS `ec_themes` (
  `ID` int(11) NOT NULL AUTO_INCREMENT,
  `THEME_NAME` varchar(255) CHARACTER SET utf8 COLLATE utf8_unicode_ci DEFAULT NULL,
  `THEME_HEADER_HTML` text CHARACTER SET utf8 COLLATE utf8_unicode_ci,
  `THEME_FOOTER_HTML` text CHARACTER SET utf8 COLLATE utf8_unicode_ci NOT NULL,
  `THEME_CSS` text CHARACTER SET utf8 COLLATE utf8_unicode_ci NOT NULL,
  `ACTIVE` enum('Y','N') NOT NULL DEFAULT 'N',
  PRIMARY KEY (`ID`)
) ENGINE=MyISAM  DEFAULT CHARSET=latin1 AUTO_INCREMENT=4 ;

--
-- Dumping data for table `ec_themes`
--

INSERT INTO `ec_themes` (`ID`, `THEME_NAME`, `THEME_HEADER_HTML`, `THEME_FOOTER_HTML`, `THEME_CSS`, `ACTIVE`) VALUES
(1, 'DEFUALT_THEME', '<div class="container" style="[PAGE_STYLE]">\r\n	<h2>[SECTION_TITLE]</h2>\r\n	<div class="container-body">\r\n		<h3>[SECTION_DESC]</h3>', '	</div>\r\n	<p class="footer">[SECTION_FOOT_DESC]</p>\r\n</div>', 'html { background-color: #FFF; }\r\n.container{\r\n	margin: 10px;\r\n	border: 1px solid #D0D0D0;\r\n	-webkit-box-shadow: 0 0 8px #D0D0D0;\r\n}\r\n.container-body{\r\n	margin: 0 10px 0 10px;\r\n}\r\nh2 {\r\n	color: #444;\r\n	background-color: transparent;\r\n	border-bottom: 1px solid #D0D0D0;\r\n	font-size: 19px;\r\n	font-weight: normal;\r\n	margin: 0 0 14px 0;\r\n	padding: 14px 15px 10px 15px;\r\ncolor: #666;text-shadow: 2px 2px 4px #ccc;\r\n\r\n}\r\nh3 {\r\ncolor: red;    \r\ndisplay: block;\r\n    font-size: 1.17em;\r\n    margin-block-start: 1em;\r\n    margin-block-end: 1em;\r\n    margin-inline-start: 0px;\r\n    margin-inline-end: 0px;\r\n    font-weight: bold;\r\n	text-shadow: 2px 2px 4px #ccc;\r\n}\r\np.footer{\r\n	text-align: right;\r\n	font-size: 11px;\r\n	border-top: 1px solid #D0D0D0;\r\n	line-height: 32px;\r\n	padding: 0 10px 0 10px;\r\n	margin: 20px 0 0 0;\r\n}', 'Y'),
(2, 'ROUND_TABLE_THEME', '<div class="topdiv">\r\n	<div class="sticker" style="width: 97%;">\r\n		<div class="stickerHeading titillium"><h2>[SECTION_TITLE]</h2></div>\r\n		<h3>[SECTION_DESC]</h3>', '		<p class="footer">[SECTION_FOOT_DESC]</p>\r\n	</div>\r\n</div>', 'html { background-color: #CF5300; }\r\n.sticker {\r\n    background-color: white;\r\n    border-radius: 1em;\r\n    box-shadow: 0 0 1.1em #666;\r\n    margin: 1.5em 0 3em;\r\n    opacity: 0.9;\r\n    padding: 1.25em 1.45em 1.25em 1.55em;\r\n}\r\n* {\r\n    font-size: 100%;\r\n    margin: 0;\r\n    outline: medium none;\r\n    padding: 0;\r\n    text-decoration: none;\r\n}\r\n\r\n\r\n.stickerHeading {\r\n    background-color: rgb(229, 218, 214);\r\n    border-top-left-radius: 1em;\r\n    border-top-right-radius: 1em;\r\n    height: 1.3em;\r\n    margin: -2em -1.45em 1.25em -1.55em;\r\n    padding: 0.7em 1em 1.1em 1.75em;\r\n}\r\n.sticker .heading, .sticker h2 {\r\n    color: #a71500;\r\n    font-size: 1.2em;\r\n    font-weight: bold;\r\n    margin: 0.25em 0;\r\n}\r\np.footer{\r\n	text-align: right;\r\n	font-size: 11px;\r\n	border-top: 1px solid #D0D0D0;\r\n	line-height: 32px;\r\n	padding: 0 10px 0 10px;\r\n	margin: 20px 0 0 0;\r\n}', 'Y'),
(3, 'KO_BOX_THEME', '<div class="ko-box" style="padding: 0">\r\n    <h2 style="margin-left:15px;">[SECTION_TITLE]</h2>\r\n    <div class="well">\r\n		<h3 style="margin-top:0px;">[SECTION_DESC]</h3>', '    </div>\r\n	<p class="footer">[SECTION_FOOT_DESC]</p>\r\n</div>', 'html {\r\n    color: #333;\r\n    font-family: "Helvetica Neue",Helvetica,Arial,sans-serif;\r\n    font-size: 14px;\r\n    line-height: 1.42857;\r\nbackground-color:#DDEBF9;\r\n}\r\n.h2 {\r\n    color: inherit;\r\n    font-family: inherit;\r\n    font-weight: 500;\r\n    line-height: 1.1;\r\n    font-size: 2em;\r\n    margin-left:20px;	\r\n}\r\n.well {\r\n    background-color: #f5f5f5;\r\n    border: 1px solid #e3e3e3;\r\n    border-radius: 12px;\r\n    box-shadow: 0 1px 1px rgba(0, 0, 0, 0.05) inset;\r\n    margin-bottom: 20px;\r\n    min-height: 20px;\r\n    padding: 14px;\r\nmargin:10px;\r\n}\r\n* {\r\n    box-sizing: border-box;\r\n}\r\nelement.style {\r\n    padding: 0;\r\n}\r\n*::before, *::after {\r\n    box-sizing: border-box;\r\n}\r\n*::before, *::after {\r\n    box-sizing: border-box;\r\n}\r\n.ko-box {\r\n    width: 98%;float: left;\r\n    min-height: 1px;\r\n    padding-left: 15px;\r\n    padding-right: 15px;\r\n    position: relative;\r\nborder: 1px solid #bbb;\r\nmargin-bottom:20px;\r\nbackground-color: gainsboro;	\r\n}\r\n* {\r\n    box-sizing: border-box;\r\n}\r\np.footer{\r\n	text-align: right;\r\n	font-size: 11px;\r\n	border-top: 1px solid #D0D0D0;\r\n	line-height: 32px;\r\n	padding: 0 10px 0 10px;\r\n	margin: 20px 0 0 0;\r\n}', 'Y');

-- --------------------------------------------------------

--
-- Table structure for table `ec_users`
--

DROP TABLE IF EXISTS `ec_users`;
CREATE TABLE IF NOT EXISTS `ec_users` (
  `ID` int(11) NOT NULL AUTO_INCREMENT,
  `USER_NAME` varchar(20) NOT NULL,
  `USER_PWD` varchar(20) NOT NULL,
  `USER_EMAIL` varchar(255) NOT NULL,
  `USER_TOKEN` varchar(255) NOT NULL,
  `USER_LAST_LOGGED` datetime DEFAULT NULL,
  `USER_TYPE` enum('U','A') NOT NULL DEFAULT 'U',
  `ACTIVE` enum('Y','N') NOT NULL DEFAULT 'Y',
  PRIMARY KEY (`ID`)
) ENGINE=MyISAM  DEFAULT CHARSET=latin1 AUTO_INCREMENT=8 ;

--
-- Dumping data for table `ec_users`
--

INSERT INTO `ec_users` (`ID`, `USER_NAME`, `USER_PWD`, `USER_EMAIL`, `USER_TOKEN`, `USER_LAST_LOGGED`, `USER_TYPE`, `ACTIVE`) VALUES
(1, 'aakash', 'a@1234', 'aakash_with_u@yahoo.com', 'b2e1ca83291db315ed2ef5cf5b029a2c', '2019-03-23 01:35:56', 'A', 'Y'),
(2, 'testUser', 'testUser', '', '9e28d44f756e38bf298139ea89a7287b', '2019-01-30 05:21:53', 'U', 'Y'),
(3, 'Yash_ld', 'Sharma', 'rjkrishna2015@gmail.com', '9ea7dbeda822cb54a119650aa0be2267', '2019-01-31 03:48:34', 'U', 'Y'),
(4, 'Rinku', 'Sharma', '', 'fb2387bd16035f5971f8be47af30a53b', '2019-02-02 12:29:40', 'U', 'Y'),
(5, 'Tipu', 'Sharma', '', 'c561d545a459c917900c33bdf8b6410b', '2019-01-30 10:37:55', 'U', 'Y'),
(6, 'Ripu', 'Sharma', 'reepu@gmail.com', '02cb8de7debd41b6ad054d5d36a555e6', '2019-01-31 12:39:35', 'U', 'Y'),
(7, 'Yash', 'Sharma', 'yash21@gmail.com', '9edbc87c7e44891a9835b6a42d8cecee', '2019-02-16 04:17:14', 'U', 'Y');

-- --------------------------------------------------------

--
-- Table structure for table `ec_users_themes`
--

DROP TABLE IF EXISTS `ec_users_themes`;
CREATE TABLE IF NOT EXISTS `ec_users_themes` (
  `ID` int(11) NOT NULL AUTO_INCREMENT,
  `USER_ID` int(11) NOT NULL,
  `THEME_ID` int(11) NOT NULL,
  `ACTIVE` enum('N','Y') NOT NULL DEFAULT 'N',
  PRIMARY KEY (`ID`)
) ENGINE=MyISAM  DEFAULT CHARSET=latin1 AUTO_INCREMENT=23 ;

--
-- Dumping data for table `ec_users_themes`
--

INSERT INTO `ec_users_themes` (`ID`, `USER_ID`, `THEME_ID`, `ACTIVE`) VALUES
(1, 0, 1, 'Y'),
(2, 1, 2, 'N'),
(3, 1, 1, 'Y'),
(4, 1, 3, 'N'),
(5, 2, 3, 'N'),
(6, 2, 1, 'Y'),
(7, 2, 2, 'N'),
(8, 3, 1, 'Y'),
(9, 3, 2, 'N'),
(10, 3, 3, 'N'),
(11, 4, 1, 'Y'),
(12, 4, 2, 'N'),
(13, 4, 3, 'N'),
(14, 5, 1, 'Y'),
(15, 5, 2, 'N'),
(16, 5, 3, 'N'),
(17, 6, 1, 'Y'),
(18, 6, 2, 'N'),
(19, 6, 3, 'N'),
(20, 7, 1, 'Y'),
(21, 7, 2, 'N'),
(22, 7, 3, 'N');
