-- phpMyAdmin SQL Dump
-- version 3.3.9
-- http://www.phpmyadmin.net
--
-- Host: localhost
-- Generation Time: Jul 25, 2019 at 11:32 PM
-- Server version: 5.5.8
-- PHP Version: 5.3.5

SET SQL_MODE="NO_AUTO_VALUE_ON_ZERO";


/*!40101 SET @OLD_CHARACTER_SET_CLIENT=@@CHARACTER_SET_CLIENT */;
/*!40101 SET @OLD_CHARACTER_SET_RESULTS=@@CHARACTER_SET_RESULTS */;
/*!40101 SET @OLD_COLLATION_CONNECTION=@@COLLATION_CONNECTION */;
/*!40101 SET NAMES utf8 */;

--
-- Database: `home_expenditure`
--

-- --------------------------------------------------------

--
-- Table structure for table `com_jour`
--

DROP TABLE IF EXISTS `com_jour`;
CREATE TABLE IF NOT EXISTS `com_jour` (
  `ID` int(11) NOT NULL AUTO_INCREMENT,
  `COM_QUES` text CHARACTER SET utf8 COLLATE utf8_unicode_ci,
  `COM_ANS` text CHARACTER SET utf8 COLLATE utf8_unicode_ci,
  `CREATED_ON` datetime NOT NULL,
  `USER_ID` int(11) NOT NULL,
  PRIMARY KEY (`ID`)
) ENGINE=MyISAM  DEFAULT CHARSET=latin1 AUTO_INCREMENT=51 ;

--
-- Dumping data for table `com_jour`
--

INSERT INTO `com_jour` (`ID`, `COM_QUES`, `COM_ANS`, `CREATED_ON`, `USER_ID`) VALUES
(1, 'Write about going back to school after summer vacation.', NULL, '2017-05-30 15:59:22', 1),
(2, 'Write a thank you note to a friend who gave you onion and garlic-flavored chewing gum.', NULL, '2017-05-30 15:59:22', 1),
(3, 'Draw an imaginary constellation. Write a story such as ancient people might have told about it.', NULL, '2017-05-30 15:59:22', 1),
(4, 'Describe a real made-up dream or nightmare.', NULL, '2017-05-30 15:59:22', 1),
(5, 'Write about your favorite childhood toy.', NULL, '2017-05-30 15:59:22', 1),
(6, 'Write out the best or the worst day of your life.', 'Headline features:\r\n\r\nElegant dependency tracking - automatically updates the right parts of your UI whenever your data model changes.\r\nDeclarative bindings - a simple and obvious way to connect parts of your UI to your data model. You can construct a complex dynamic UIs easily using arbitrarily nested binding contexts.\r\nTrivially extensible - implement custom behaviors as new declarative bindings for easy reuse in just a few lines of code.\r\nAdditional benefits:\r\n\r\nPure JavaScript library - works with any server or client-side technology\r\nCan be added on top of your existing web application without requiring major architectural changes\r\nCompact - around 13kb after gzipping\r\nWorks on any mainstream browser (IE 6+, Firefox 2+, Chrome, Safari, Edge, others)\r\nComprehensive suite of specifications (developed BDD-style) means its correct functioning can easily be verified on new browsers and platforms\r\nDevelopers familiar with Ruby on Rails, ASP.NET MVC, or other MV* technologies may see MVVM as a real-time form of MVC with declarative syntax. In another sense, you can think of KO as a general way to make UIs for editing JSON data… whatever works for you :)', '2017-05-30 15:59:22', 1),
(7, 'Finish this thought: if I could change one thing about myself (if you can not think of anything, you might want to consider telling how you got to be perfect!)', NULL, '2017-05-30 15:59:22', 1),
(8, 'If and when I raise children, I will never...', NULL, '2017-05-30 15:59:22', 1),
(9, 'I have never been more frightened than when...', NULL, '2017-05-30 15:59:22', 1),
(10, 'Persuade a friend to give up drugs.', NULL, '2017-05-30 15:59:22', 1),
(11, 'Five years from now, I will be...', NULL, '2017-05-30 15:59:22', 1),
(12, 'Write about a day you would like to forget.', NULL, '2017-05-30 15:59:22', 1),
(13, 'Invent and describe a new food.', NULL, '2017-05-30 15:59:22', 1),
(14, 'Describe an event that changed your life forever, or make up and describe an event that would change your life forever.', NULL, '2017-05-30 15:59:22', 1),
(15, 'Describe someone who is a hero to you and explain why.', NULL, '2017-05-30 15:59:22', 1),
(16, 'Write about a time in your life when you struggled with a choice and made the right one.', NULL, '2017-05-30 15:59:22', 1),
(17, 'Imagine yourself in a different century and describe an average day in your life.', NULL, '2017-05-30 15:59:22', 1),
(18, 'Which character from a book would you most like to meet and why?', NULL, '2017-05-30 15:59:22', 1),
(19, 'Three goals I have set for myself are...', NULL, '2017-05-30 15:59:22', 1),
(20, 'What would you do if 300 mice had just gotten out of their cages in a pet shop where you worked?', NULL, '2017-05-30 15:59:22', 1),
(21, 'What would you do if you were locked inside your favorite department store overnight?22.  What would you do if you woke up one morning to find yourself invisible?', NULL, '2017-05-30 15:59:22', 1),
(22, 'What would you do if you were able to communicate with animals?', NULL, '2017-05-30 15:59:22', 1),
(23, 'What would you do if you could travel into the future?', NULL, '2017-05-30 15:59:22', 1),
(24, 'What would you do if you could travel into the past?', NULL, '2017-05-30 15:59:22', 1),
(25, 'What would you do if someone just gave you $1 million?', NULL, '2017-05-30 15:59:22', 1),
(26, 'What would you do it all the electricity in the world just stopped?', NULL, '2017-05-30 15:59:22', 1),
(27, 'What would you do if you could travel free anyplace in the world?', NULL, '2017-05-30 15:59:22', 1),
(28, 'What would you do if the dinner served to you in a fancy restaurant came with a fly in the mashed potatoes?', NULL, '2017-05-30 15:59:22', 1),
(29, 'Write a list of at least 50 things that make you feel good.', NULL, '2017-05-30 15:59:22', 1),
(30, 'Describe the perfect day.  Put in as many details as you can.  Make it a possible day, not a "dream day."', NULL, '2017-05-30 15:59:22', 1),
(31, 'Who is the person from history that you would most like to meet and talk to?  Why?  What would you like to ask?', NULL, '2017-05-30 15:59:22', 1),
(32, 'Who is the person from literature that you would most like to meet and talk to?  Why?  What would you like to ask?', NULL, '2017-05-30 15:59:22', 1),
(33, 'Compile a list of words that describe you as a child.  Compile a second list that describes you as you are now.  How are these lists the same?  How are they different?', NULL, '2017-05-30 15:59:22', 1),
(34, 'Compile a list of inanimate or animate objects to which you might compare yourself metaphorically.  (I am a windmill.  I change direction or my thoughts whenever someone talks to me...)', NULL, '2017-05-30 15:59:22', 1),
(35, 'Tell about what triggers anger in you or someone else.', NULL, '2017-05-30 15:59:22', 1),
(36, 'Invent a monster and describe it.  Tell where it lives, what it eats, and what it does.', NULL, '2017-05-30 15:59:22', 1),
(37, 'What is your favorite kind of weather?  Why?', NULL, '2017-05-30 15:59:22', 1),
(38, 'What is the best book you have ever read?  Why did you like it?  Did reading the book change you in any way?  What way?', NULL, '2017-05-30 15:59:22', 1),
(39, 'Write about what you did not do this weekend.', NULL, '2017-05-30 15:59:22', 1),
(40, 'Think about an incident that happened to you and exaggerate in the telling. Make it into a tall tale.', NULL, '2017-05-30 15:59:22', 1),
(41, 'If you were ruler of the world, what things would you banish absolutely for all time (rain on weekends, eggplant, and so forth)?  Make a list.  Use your imagination.', NULL, '2017-05-30 15:59:22', 1),
(42, 'If you could go back in time anywhere and "anywhen," where/when would you go and why?', NULL, '2017-05-30 15:59:22', 1),
(43, 'What law would you like to see enacted which would help people?  How would it help?', NULL, '2017-05-30 15:59:22', 1),
(44, 'What commercial on TV do you dislike beyond all others?  What about it is particularly annoying to you?', NULL, '2017-05-30 15:59:22', 1),
(45, 'Testques', 'TestAns', '2017-06-05 11:15:17', 2),
(46, 'Testques', 'TestAns', '2019-01-21 10:48:01', 3),
(47, 'Testques', 'TestAns', '2019-01-30 10:29:22', 4),
(48, 'Testques', 'TestAns', '2019-01-30 10:38:02', 5),
(49, 'Testques', 'TestAns', '2019-01-31 12:16:29', 6),
(50, 'Testques', 'TestAns', '2019-02-02 12:07:00', 7);

-- --------------------------------------------------------

--
-- Table structure for table `com_words`
--

DROP TABLE IF EXISTS `com_words`;
CREATE TABLE IF NOT EXISTS `com_words` (
  `ID` int(11) NOT NULL AUTO_INCREMENT,
  `COM_WORD` varchar(255) CHARACTER SET utf8 COLLATE utf8_unicode_ci DEFAULT NULL,
  `COM_WORD_MEAN` text CHARACTER SET utf8 COLLATE utf8_unicode_ci,
  `USER_ID` int(11) NOT NULL,
  PRIMARY KEY (`ID`)
) ENGINE=MyISAM  DEFAULT CHARSET=latin1 AUTO_INCREMENT=8 ;

--
-- Dumping data for table `com_words`
--

INSERT INTO `com_words` (`ID`, `COM_WORD`, `COM_WORD_MEAN`, `USER_ID`) VALUES
(1, 'Clunky', 'ugly', 1),
(2, 'Test', 'Test', 2),
(3, 'Test', 'Test', 3),
(4, 'Test', 'Test', 4),
(5, 'Test', 'Test', 5),
(6, 'Test', 'Test', 6),
(7, 'Test', 'Test', 7);

-- --------------------------------------------------------

--
-- Table structure for table `com_words_sent`
--

DROP TABLE IF EXISTS `com_words_sent`;
CREATE TABLE IF NOT EXISTS `com_words_sent` (
  `ID` int(11) NOT NULL AUTO_INCREMENT,
  `COM_WORD_ID` int(11) NOT NULL,
  `COM_WORD_SENT` text CHARACTER SET utf8 COLLATE utf8_unicode_ci,
  `USER_ID` int(11) NOT NULL,
  PRIMARY KEY (`ID`)
) ENGINE=MyISAM  DEFAULT CHARSET=latin1 AUTO_INCREMENT=14 ;

--
-- Dumping data for table `com_words_sent`
--

INSERT INTO `com_words_sent` (`ID`, `COM_WORD_ID`, `COM_WORD_SENT`, `USER_ID`) VALUES
(1, 1, 'Everyone loves jQuery! It’s an outstanding replacement for the clunky, inconsistent DOM API we had to put up with in the past.', 1),
(2, 1, 'the old, clunky Gorn ships I first approached you with.', 1),
(3, 1, 'It was a clunky, metal thing on a yellow and black lanyard.', 1),
(4, 1, 'It was all just a bit clunky and strange and not actually that much fun.', 1),
(5, 1, 'In places the dialogue is so clunky that wincing is involuntary.', 1),
(6, 1, 'Great clunky hunks of dialogue come bursting forth.', 1),
(7, 1, 'Decent actors are made to look inferior as they deliver the clunky dialogue.', 1),
(8, 2, 'TestSent', 2),
(9, 3, 'TestSent', 3),
(10, 4, 'TestSent', 4),
(11, 5, 'TestSent', 5),
(12, 6, 'TestSent', 6),
(13, 7, 'TestSent', 7);

-- --------------------------------------------------------

--
-- Table structure for table `draw_members`
--

DROP TABLE IF EXISTS `draw_members`;
CREATE TABLE IF NOT EXISTS `draw_members` (
  `id` tinyint(4) NOT NULL AUTO_INCREMENT,
  `name` varchar(50) NOT NULL,
  `img` varchar(255) NOT NULL,
  PRIMARY KEY (`id`)
) ENGINE=InnoDB  DEFAULT CHARSET=latin1 AUTO_INCREMENT=4 ;

--
-- Dumping data for table `draw_members`
--

INSERT INTO `draw_members` (`id`, `name`, `img`) VALUES
(1, 'Yash Sharma', '/images/yash.png'),
(2, 'Ram Jee Krishna', '/images/ram.png'),
(3, 'Rinku Sharma', '/images/rinku.png');

-- --------------------------------------------------------

--
-- Table structure for table `draw_prize`
--

DROP TABLE IF EXISTS `draw_prize`;
CREATE TABLE IF NOT EXISTS `draw_prize` (
  `id` int(11) NOT NULL AUTO_INCREMENT,
  `mem_id` int(11) NOT NULL,
  `prize` float(10,2) NOT NULL,
  `prize_date` datetime NOT NULL,
  `round` float(10,2) NOT NULL,
  PRIMARY KEY (`id`)
) ENGINE=InnoDB  DEFAULT CHARSET=latin1 AUTO_INCREMENT=10 ;

--
-- Dumping data for table `draw_prize`
--

INSERT INTO `draw_prize` (`id`, `mem_id`, `prize`, `prize_date`, `round`) VALUES
(1, 3, 98.00, '2017-11-25 02:01:17', 56765.00),
(2, 1, 54.00, '2017-11-25 02:53:12', 56432.00),
(3, 1, 58.00, '2017-12-02 14:26:09', 2835184.00),
(4, 2, 85.00, '2017-12-02 03:30:06', 2336278.00),
(5, 2, 8.00, '2018-07-01 12:30:56', 6684452.00),
(6, 2, 35.00, '2018-08-01 01:09:13', 8068554.00),
(7, 2, 42.00, '2018-08-16 09:17:33', 743592.00),
(8, 2, 24.00, '2018-08-16 09:17:40', 9200478.00),
(9, 1, 39.00, '2018-09-02 11:55:59', 3021366.00);

-- --------------------------------------------------------

--
-- Table structure for table `ec_accounts`
--

DROP TABLE IF EXISTS `ec_accounts`;
CREATE TABLE IF NOT EXISTS `ec_accounts` (
  `ID` int(11) NOT NULL AUTO_INCREMENT,
  `EXP_ACCOUNT` varchar(255) CHARACTER SET utf8 COLLATE utf8_unicode_ci DEFAULT NULL,
  `PRIMARY_BAL` float(10,2) NOT NULL,
  `CURRENT_BAL` float(10,2) NOT NULL,
  `COLOR_CODE_ID` tinyint(4) NOT NULL,
  `LAST_UPDATED` datetime NOT NULL,
  `USER_ID` int(11) NOT NULL,
  PRIMARY KEY (`ID`)
) ENGINE=MyISAM  DEFAULT CHARSET=latin1 AUTO_INCREMENT=21 ;

--
-- Dumping data for table `ec_accounts`
--

INSERT INTO `ec_accounts` (`ID`, `EXP_ACCOUNT`, `PRIMARY_BAL`, `CURRENT_BAL`, `COLOR_CODE_ID`, `LAST_UPDATED`, `USER_ID`) VALUES
(1, 'HOME_CASH', 10000.00, 16250.00, 1, '2019-07-09 10:34:45', 1),
(2, 'ICICI_RIN', 10000.00, 17000.00, 2, '2019-07-25 11:18:11', 1),
(3, 'ICICI', 10000.00, -500.00, 3, '2019-07-02 12:09:36', 1),
(4, 'SBI', 10000.00, 18375.00, 4, '2019-07-25 11:18:11', 1),
(5, 'UBI', 10000.00, 24000.00, 5, '2019-07-09 10:34:45', 1),
(6, 'HDFC', 10000.00, 11000.00, 6, '2019-07-25 11:18:11', 1),
(7, 'SBI_OD', 10000.00, 94200.00, 7, '2019-07-09 10:34:45', 1),
(8, 'Aakash Bank', 15000.00, 50000.00, 8, '2019-01-30 05:21:58', 2),
(9, 'Pawna Bank', 15000.00, 15000.00, 9, '2018-09-02 11:54:40', 2),
(10, 'CREDIT_CARD', 1.00, 1.00, 10, '2019-07-01 10:13:10', 1),
(11, 'Def Account', 1000.00, 1500.00, 12, '2019-01-21 11:31:31', 3),
(13, 'Yashacc', 4000.00, 3000.00, 14, '2019-01-28 11:36:15', 3),
(14, 'SBI', 4334.00, 55.00, 19, '2019-01-28 11:32:08', 3),
(15, 'PNB', 4000.00, 444.00, 20, '2019-01-28 11:38:28', 3),
(16, 'PNB', 4000.00, 55.00, 21, '2019-01-30 05:24:13', 2),
(17, 'Personal Acoount', 0.00, 1000.00, 22, '2019-02-02 12:30:11', 4),
(18, 'Def Account', 1000.00, 500.00, 23, '2019-01-30 10:36:53', 5),
(19, 'Def Account', 1000.00, 500.00, 24, '2019-01-31 12:16:00', 6),
(20, 'Home_Account', 0.00, 200.00, 26, '2019-02-02 12:25:35', 7);

-- --------------------------------------------------------

--
-- Table structure for table `ec_color_code`
--

DROP TABLE IF EXISTS `ec_color_code`;
CREATE TABLE IF NOT EXISTS `ec_color_code` (
  `ID` int(11) NOT NULL AUTO_INCREMENT,
  `BG_COLOR` varchar(10) CHARACTER SET utf8 COLLATE utf8_unicode_ci DEFAULT NULL,
  `FONT_COLOR` varchar(10) CHARACTER SET utf8 COLLATE utf8_unicode_ci DEFAULT NULL,
  `LAST_UPDATED` datetime NOT NULL,
  `USER_ID` int(11) NOT NULL,
  PRIMARY KEY (`ID`)
) ENGINE=MyISAM  DEFAULT CHARSET=latin1 AUTO_INCREMENT=27 ;

--
-- Dumping data for table `ec_color_code`
--

INSERT INTO `ec_color_code` (`ID`, `BG_COLOR`, `FONT_COLOR`, `LAST_UPDATED`, `USER_ID`) VALUES
(1, '#CED8F6', '#000', '2017-02-13 00:00:00', 1),
(2, '#ECF6CE', '#000', '2017-03-06 00:00:00', 1),
(3, '#A9F5F2', '#000', '2017-03-06 00:00:00', 1),
(4, '#F6D8CE', '#000', '2017-03-07 00:00:00', 1),
(5, '#E1F5A9', '#000', '2017-03-14 00:00:00', 1),
(6, '#A9F5BC', '#000', '2017-03-14 00:00:00', 1),
(7, '#F3E2A9', '#000', '2017-03-27 00:00:00', 1),
(8, '#F5F5F5', '#7364A1', '2017-05-21 15:34:42', 2),
(9, '#DEECF9', '#565656', '2017-05-21 15:35:09', 2),
(10, '#FFFAD4', '#000000', '2019-03-23 02:32:20', 1),
(11, '#E1F5A9', '#000', '2019-01-21 22:44:47', 0),
(12, '#E1F5A9', '#000', '2019-01-22 11:23:44', 3),
(17, '#efefef', '#000', '2019-01-26 04:58:14', 3),
(14, '#dedede', '#000000', '2019-01-22 09:03:54', 3),
(18, '#FF5819', '#000000', '2019-01-28 09:20:26', 3),
(19, '#B9F9FA', '#115D0D', '2019-01-28 11:31:33', 3),
(20, '#01FFE2', '#0E0105', '2019-01-28 11:44:56', 3),
(21, '#C8FF12', '#76161C', '2019-01-30 05:23:50', 2),
(22, '#E1F5A9', '#000', '2019-01-30 10:29:02', 4),
(23, '#E1F5A9', '#000', '2019-01-30 10:36:53', 5),
(24, '#E1F5A9', '#000', '2019-01-31 12:16:00', 6),
(25, '#E1F5A9', '#000', '2019-02-02 12:06:21', 7),
(26, '#00FFF7', '#040827', '2019-02-16 04:22:14', 7);

-- --------------------------------------------------------

--
-- Table structure for table `ec_debug`
--

DROP TABLE IF EXISTS `ec_debug`;
CREATE TABLE IF NOT EXISTS `ec_debug` (
  `ID` int(11) NOT NULL AUTO_INCREMENT,
  `FUNC_NAME` varchar(255) NOT NULL,
  `START_TIME` varchar(255) NOT NULL,
  `END_TIME` varchar(255) NOT NULL,
  `CALL_BY` varchar(255) NOT NULL,
  `QUERY_STR` text NOT NULL,
  `QUERY_RESULT` longblob NOT NULL,
  `USER_ID` int(11) NOT NULL,
  PRIMARY KEY (`ID`)
) ENGINE=MyISAM  DEFAULT CHARSET=latin1 AUTO_INCREMENT=530 ;

--
-- Dumping data for table `ec_debug`
--

INSERT INTO `ec_debug` (`ID`, `FUNC_NAME`, `START_TIME`, `END_TIME`, `CALL_BY`, `QUERY_STR`, `QUERY_RESULT`, `USER_ID`) VALUES
(528, '_getSectionFooter', '0.179895', '0.180524', ' << _debugScriptForErrors << load_template << showExpForCategoryByItemsMonthly', '', 0x733a303a22223b, 1),
(529, 'sqlmodel::getActiveThemeInfo', '0.179935', '0.180524', ' << _getSectionFooter << _debugScriptForErrors << load_template << showExpForCategoryByItemsMonthly', 'SELECT t.THEME_HEADER_HTML,t.THEME_FOOTER_HTML, t.THEME_CSS, ut.ID, ut.THEME_ID, ut.ACTIVE \r\n			FROM ec_themes AS t, ec_users_themes AS ut \r\n			WHERE t.ID = ut.THEME_ID \r\n			AND ut.ACTIVE = ''Y'' \r\n			AND t.ACTIVE = ''Y''', 0x733a303a22223b, 1),
(527, 'sqlmodel::getActiveThemeInfo', '0.179205', '0.179876', ' << _getSectionHeader << _debugScriptForErrors << load_template << showExpForCategoryByItemsMonthly', 'SELECT t.THEME_HEADER_HTML,t.THEME_FOOTER_HTML, t.THEME_CSS, ut.ID, ut.THEME_ID, ut.ACTIVE \r\n			FROM ec_themes AS t, ec_users_themes AS ut \r\n			WHERE t.ID = ut.THEME_ID \r\n			AND ut.ACTIVE = ''Y'' \r\n			AND t.ACTIVE = ''Y''', 0x733a303a22223b, 1),
(525, '_getOptionLinkHtml', '0.179103', '0.179146', ' << _debugScriptForErrors << load_template << showExpForCategoryByItemsMonthly', '', 0x613a333a7b733a31343a2253686f772046756e6374696f6e73223b733a33353a222f73686f77457870466f7243617465676f727942794974656d734d6f6e74686c792f34223b733a32323a2253686f772046756e6374696f6e732026205175657279223b733a33353a222f73686f77457870466f7243617465676f727942794974656d734d6f6e74686c792f34223b733a33303a2253686f772046756e6374696f6e732c205175657279202620526573756c74223b733a33353a222f73686f77457870466f7243617465676f727942794974656d734d6f6e74686c792f34223b7d, 1),
(526, '_getSectionHeader', '0.179175', '0.179876', ' << _debugScriptForErrors << load_template << showExpForCategoryByItemsMonthly', 'Function Trace:', 0x733a303a22223b, 1),
(523, '_getSectionFooter', '0.178585', '0.179087', ' << include << _ci_load << view << load_template << showExpForCategoryByItemsMonthly', '', 0x733a303a22223b, 1),
(524, 'sqlmodel::getActiveThemeInfo', '0.178608', '0.179087', ' << _getSectionFooter << include << _ci_load << view << load_template << showExpForCategoryByItemsMonthly', 'SELECT t.THEME_HEADER_HTML,t.THEME_FOOTER_HTML, t.THEME_CSS, ut.ID, ut.THEME_ID, ut.ACTIVE \r\n			FROM ec_themes AS t, ec_users_themes AS ut \r\n			WHERE t.ID = ut.THEME_ID \r\n			AND ut.ACTIVE = ''Y'' \r\n			AND t.ACTIVE = ''Y''', 0x733a303a22223b, 1),
(520, 'sqlmodel::getAvailableThemes', '0.177714', '0.178005', ' << load_template << showExpForCategoryByItemsMonthly', 'SELECT * \r\n			FROM ec_themes   \r\n			WHERE ACTIVE = ''Y''', 0x733a303a22223b, 1),
(521, '_getSectionHeader', '0.178025', '0.178569', ' << include << _ci_load << view << load_template << showExpForCategoryByItemsMonthly', 'Expenditure Control System', 0x733a303a22223b, 1),
(522, 'sqlmodel::getActiveThemeInfo', '0.178051', '0.178569', ' << _getSectionHeader << include << _ci_load << view << load_template << showExpForCategoryByItemsMonthly', 'SELECT t.THEME_HEADER_HTML,t.THEME_FOOTER_HTML, t.THEME_CSS, ut.ID, ut.THEME_ID, ut.ACTIVE \r\n			FROM ec_themes AS t, ec_users_themes AS ut \r\n			WHERE t.ID = ut.THEME_ID \r\n			AND ut.ACTIVE = ''Y'' \r\n			AND t.ACTIVE = ''Y''', 0x733a303a22223b, 1),
(518, 'MY_Controller::load_template', '0.177081', '0.178005', ' << showExpForCategoryByItemsMonthly', 'Theme Info', 0x733a303a22223b, 1),
(519, 'sqlmodel::getActiveThemeInfo', '0.177144', '0.177698', ' << load_template << showExpForCategoryByItemsMonthly', 'SELECT t.THEME_HEADER_HTML,t.THEME_FOOTER_HTML, t.THEME_CSS, ut.ID, ut.THEME_ID, ut.ACTIVE \r\n			FROM ec_themes AS t, ec_users_themes AS ut \r\n			WHERE t.ID = ut.THEME_ID \r\n			AND ut.ACTIVE = ''Y'' \r\n			AND t.ACTIVE = ''Y''', 0x733a303a22223b, 1),
(515, '_endTable', '0.176484', '0.176501', ' << include << _ci_load << view << showExpForCategoryByItemsMonthly', '', 0x733a303a22223b, 1),
(516, '_getSectionFooter', '0.176514', '0.177052', ' << include << _ci_load << view << showExpForCategoryByItemsMonthly', '', 0x733a303a22223b, 1),
(517, 'sqlmodel::getActiveThemeInfo', '0.176537', '0.177052', ' << _getSectionFooter << include << _ci_load << view << showExpForCategoryByItemsMonthly', 'SELECT t.THEME_HEADER_HTML,t.THEME_FOOTER_HTML, t.THEME_CSS, ut.ID, ut.THEME_ID, ut.ACTIVE \r\n			FROM ec_themes AS t, ec_users_themes AS ut \r\n			WHERE t.ID = ut.THEME_ID \r\n			AND ut.ACTIVE = ''Y'' \r\n			AND t.ACTIVE = ''Y''', 0x733a303a22223b, 1),
(513, '_getExpDisplayFormat', '0.176374', '0.176425', ' << _displayBottomDataSection << include << _ci_load << view << showExpForCategoryByItemsMonthly', '123', 0x733a303a22223b, 1),
(514, '_getExpDisplayFormat', '0.17644', '0.176469', ' << _displayBottomDataSection << include << _ci_load << view << showExpForCategoryByItemsMonthly', '123', 0x733a303a22223b, 1),
(511, '_getExpDisplayFormat', '0.176283', '0.176309', ' << _displayBottomDataSection << include << _ci_load << view << showExpForCategoryByItemsMonthly', '123', 0x733a303a22223b, 1),
(512, '_getExpDisplayFormat', '0.176323', '0.176351', ' << _displayBottomDataSection << include << _ci_load << view << showExpForCategoryByItemsMonthly', '123', 0x733a303a22223b, 1),
(510, '_getExpDisplayFormat', '0.176244', '0.17627', ' << _displayBottomDataSection << include << _ci_load << view << showExpForCategoryByItemsMonthly', '123', 0x733a303a22223b, 1),
(509, '_getExpDisplayFormat', '0.176203', '0.17623', ' << _displayBottomDataSection << include << _ci_load << view << showExpForCategoryByItemsMonthly', '123', 0x733a303a22223b, 1),
(506, '_displayBottomDataSection', '0.176072', '0.176469', ' << include << _ci_load << view << showExpForCategoryByItemsMonthly', 'Recurring', 0x733a303a22223b, 1),
(507, '_getExpDisplayFormat', '0.176112', '0.176145', ' << _displayBottomDataSection << include << _ci_load << view << showExpForCategoryByItemsMonthly', '123', 0x733a303a22223b, 1),
(508, '_getExpDisplayFormat', '0.17616', '0.176189', ' << _displayBottomDataSection << include << _ci_load << view << showExpForCategoryByItemsMonthly', '123', 0x733a303a22223b, 1),
(504, '_getExpDisplayFormat', '0.175975', '0.176003', ' << _displayMiddleDataSection << include << _ci_load << view << showExpForCategoryByItemsMonthly', '123', 0x733a303a22223b, 1),
(505, '_getExpDisplayFormat', '0.176018', '0.176044', ' << _displayMiddleDataSection << include << _ci_load << view << showExpForCategoryByItemsMonthly', '123', 0x733a303a22223b, 1),
(502, '_getExpDisplayFormat', '0.175892', '0.17592', ' << _displayMiddleDataSection << include << _ci_load << view << showExpForCategoryByItemsMonthly', '123', 0x733a303a22223b, 1),
(503, '_getExpDisplayFormat', '0.175933', '0.175961', ' << _displayMiddleDataSection << include << _ci_load << view << showExpForCategoryByItemsMonthly', '123', 0x733a303a22223b, 1),
(499, '_getExpDisplayFormat', '0.175745', '0.175792', ' << _displayMiddleDataSection << include << _ci_load << view << showExpForCategoryByItemsMonthly', '123', 0x733a303a22223b, 1),
(500, '_getExpDisplayFormat', '0.175808', '0.175838', ' << _displayMiddleDataSection << include << _ci_load << view << showExpForCategoryByItemsMonthly', '123', 0x733a303a22223b, 1),
(501, '_getExpDisplayFormat', '0.175851', '0.175879', ' << _displayMiddleDataSection << include << _ci_load << view << showExpForCategoryByItemsMonthly', '123', 0x733a303a22223b, 1),
(497, '_getExpDisplayFormat', '0.17562', '0.175667', ' << _displayMiddleDataSection << include << _ci_load << view << showExpForCategoryByItemsMonthly', '123', 0x733a303a22223b, 1),
(498, '_getExpDisplayFormat', '0.175689', '0.17573', ' << _displayMiddleDataSection << include << _ci_load << view << showExpForCategoryByItemsMonthly', '123', 0x733a303a22223b, 1),
(495, '_getExpDisplayFormat', '0.175451', '0.175498', ' << _displayMiddleDataSection << include << _ci_load << view << showExpForCategoryByItemsMonthly', '123', 0x733a303a22223b, 1),
(496, '_getExpDisplayFormat', '0.17553', '0.175588', ' << _displayMiddleDataSection << include << _ci_load << view << showExpForCategoryByItemsMonthly', '123', 0x733a303a22223b, 1),
(494, '_getExpDisplayFormat', '0.17541', '0.175438', ' << _displayMiddleDataSection << include << _ci_load << view << showExpForCategoryByItemsMonthly', '123', 0x733a303a22223b, 1),
(491, '_getExpDisplayFormat', '0.175298', '0.175323', ' << _displayMiddleDataSection << include << _ci_load << view << showExpForCategoryByItemsMonthly', '123', 0x733a303a22223b, 1),
(492, '_getExpDisplayFormat', '0.175336', '0.17536', ' << _displayMiddleDataSection << include << _ci_load << view << showExpForCategoryByItemsMonthly', '123', 0x733a303a22223b, 1),
(493, '_getExpDisplayFormat', '0.175373', '0.175397', ' << _displayMiddleDataSection << include << _ci_load << view << showExpForCategoryByItemsMonthly', '123', 0x733a303a22223b, 1),
(489, '_getExpDisplayFormat', '0.17522', '0.175246', ' << _displayMiddleDataSection << include << _ci_load << view << showExpForCategoryByItemsMonthly', '123', 0x733a303a22223b, 1),
(490, '_getExpDisplayFormat', '0.175259', '0.175284', ' << _displayMiddleDataSection << include << _ci_load << view << showExpForCategoryByItemsMonthly', '123', 0x733a303a22223b, 1),
(486, '_getExpDisplayFormat', '0.175088', '0.175115', ' << _displayMiddleDataSection << include << _ci_load << view << showExpForCategoryByItemsMonthly', '123', 0x733a303a22223b, 1),
(487, '_getExpDisplayFormat', '0.175132', '0.175166', ' << _displayMiddleDataSection << include << _ci_load << view << showExpForCategoryByItemsMonthly', '123', 0x733a303a22223b, 1),
(488, '_getExpDisplayFormat', '0.175179', '0.175207', ' << _displayMiddleDataSection << include << _ci_load << view << showExpForCategoryByItemsMonthly', '123', 0x733a303a22223b, 1),
(484, '_getExpDisplayFormat', '0.175003', '0.175033', ' << _displayMiddleDataSection << include << _ci_load << view << showExpForCategoryByItemsMonthly', '123', 0x733a303a22223b, 1),
(485, '_getExpDisplayFormat', '0.175047', '0.175075', ' << _displayMiddleDataSection << include << _ci_load << view << showExpForCategoryByItemsMonthly', '123', 0x733a303a22223b, 1),
(482, '_getExpDisplayFormat', '0.174865', '0.174921', ' << _displayMiddleDataSection << include << _ci_load << view << showExpForCategoryByItemsMonthly', '123', 0x733a303a22223b, 1),
(483, '_getExpDisplayFormat', '0.174955', '0.174989', ' << _displayMiddleDataSection << include << _ci_load << view << showExpForCategoryByItemsMonthly', '123', 0x733a303a22223b, 1),
(480, '_getExpDisplayFormat', '0.174779', '0.174805', ' << _displayMiddleDataSection << include << _ci_load << view << showExpForCategoryByItemsMonthly', '123', 0x733a303a22223b, 1),
(481, '_getExpDisplayFormat', '0.174818', '0.174843', ' << _displayMiddleDataSection << include << _ci_load << view << showExpForCategoryByItemsMonthly', '123', 0x733a303a22223b, 1),
(479, '_getExpDisplayFormat', '0.174739', '0.174767', ' << _displayMiddleDataSection << include << _ci_load << view << showExpForCategoryByItemsMonthly', '123', 0x733a303a22223b, 1),
(478, '_getExpDisplayFormat', '0.174701', '0.174726', ' << _displayMiddleDataSection << include << _ci_load << view << showExpForCategoryByItemsMonthly', '123', 0x733a303a22223b, 1),
(476, '_getExpDisplayFormat', '0.174618', '0.174643', ' << _displayMiddleDataSection << include << _ci_load << view << showExpForCategoryByItemsMonthly', '123', 0x733a303a22223b, 1),
(477, '_getExpDisplayFormat', '0.174662', '0.174687', ' << _displayMiddleDataSection << include << _ci_load << view << showExpForCategoryByItemsMonthly', '123', 0x733a303a22223b, 1),
(473, '_getExpDisplayFormat', '0.174505', '0.17453', ' << _displayMiddleDataSection << include << _ci_load << view << showExpForCategoryByItemsMonthly', '123', 0x733a303a22223b, 1),
(474, '_getExpDisplayFormat', '0.174543', '0.174568', ' << _displayMiddleDataSection << include << _ci_load << view << showExpForCategoryByItemsMonthly', '123', 0x733a303a22223b, 1),
(475, '_getExpDisplayFormat', '0.174581', '0.174605', ' << _displayMiddleDataSection << include << _ci_load << view << showExpForCategoryByItemsMonthly', '123', 0x733a303a22223b, 1),
(471, '_getExpDisplayFormat', '0.174426', '0.174451', ' << _displayMiddleDataSection << include << _ci_load << view << showExpForCategoryByItemsMonthly', '123', 0x733a303a22223b, 1),
(472, '_getExpDisplayFormat', '0.174464', '0.174492', ' << _displayMiddleDataSection << include << _ci_load << view << showExpForCategoryByItemsMonthly', '123', 0x733a303a22223b, 1),
(468, '_getExpDisplayFormat', '0.174294', '0.174322', ' << _displayMiddleDataSection << include << _ci_load << view << showExpForCategoryByItemsMonthly', '123', 0x733a303a22223b, 1),
(469, '_getExpDisplayFormat', '0.174344', '0.174372', ' << _displayMiddleDataSection << include << _ci_load << view << showExpForCategoryByItemsMonthly', '123', 0x733a303a22223b, 1),
(470, '_getExpDisplayFormat', '0.174386', '0.174412', ' << _displayMiddleDataSection << include << _ci_load << view << showExpForCategoryByItemsMonthly', '123', 0x733a303a22223b, 1),
(466, '_getExpDisplayFormat', '0.174174', '0.174214', ' << _displayMiddleDataSection << include << _ci_load << view << showExpForCategoryByItemsMonthly', '123', 0x733a303a22223b, 1),
(467, '_getExpDisplayFormat', '0.174228', '0.174279', ' << _displayMiddleDataSection << include << _ci_load << view << showExpForCategoryByItemsMonthly', '123', 0x733a303a22223b, 1),
(464, '_getExpDisplayFormat', '0.174086', '0.174113', ' << _displayMiddleDataSection << include << _ci_load << view << showExpForCategoryByItemsMonthly', '123', 0x733a303a22223b, 1),
(465, '_getExpDisplayFormat', '0.174126', '0.174151', ' << _displayMiddleDataSection << include << _ci_load << view << showExpForCategoryByItemsMonthly', '123', 0x733a303a22223b, 1),
(463, '_getExpDisplayFormat', '0.174046', '0.174073', ' << _displayMiddleDataSection << include << _ci_load << view << showExpForCategoryByItemsMonthly', '123', 0x733a303a22223b, 1),
(460, '_getExpDisplayFormat', '0.173912', '0.173947', ' << _displayMiddleDataSection << include << _ci_load << view << showExpForCategoryByItemsMonthly', '123', 0x733a303a22223b, 1),
(461, '_getExpDisplayFormat', '0.173962', '0.173992', ' << _displayMiddleDataSection << include << _ci_load << view << showExpForCategoryByItemsMonthly', '123', 0x733a303a22223b, 1),
(462, '_getExpDisplayFormat', '0.174006', '0.174033', ' << _displayMiddleDataSection << include << _ci_load << view << showExpForCategoryByItemsMonthly', '123', 0x733a303a22223b, 1),
(458, '_getExpDisplayFormat', '0.173832', '0.173857', ' << _displayMiddleDataSection << include << _ci_load << view << showExpForCategoryByItemsMonthly', '123', 0x733a303a22223b, 1),
(459, '_getExpDisplayFormat', '0.173869', '0.173893', ' << _displayMiddleDataSection << include << _ci_load << view << showExpForCategoryByItemsMonthly', '123', 0x733a303a22223b, 1),
(455, '_getExpDisplayFormat', '0.173715', '0.173741', ' << _displayMiddleDataSection << include << _ci_load << view << showExpForCategoryByItemsMonthly', '123', 0x733a303a22223b, 1),
(456, '_getExpDisplayFormat', '0.173754', '0.17378', ' << _displayMiddleDataSection << include << _ci_load << view << showExpForCategoryByItemsMonthly', '123', 0x733a303a22223b, 1),
(457, '_getExpDisplayFormat', '0.173793', '0.173819', ' << _displayMiddleDataSection << include << _ci_load << view << showExpForCategoryByItemsMonthly', '123', 0x733a303a22223b, 1),
(453, '_getExpDisplayFormat', '0.173635', '0.173662', ' << _displayMiddleDataSection << include << _ci_load << view << showExpForCategoryByItemsMonthly', '123', 0x733a303a22223b, 1),
(454, '_getExpDisplayFormat', '0.173675', '0.173702', ' << _displayMiddleDataSection << include << _ci_load << view << showExpForCategoryByItemsMonthly', '123', 0x733a303a22223b, 1),
(451, '_getExpDisplayFormat', '0.173551', '0.173582', ' << _displayMiddleDataSection << include << _ci_load << view << showExpForCategoryByItemsMonthly', '123', 0x733a303a22223b, 1),
(452, '_getExpDisplayFormat', '0.173595', '0.173623', ' << _displayMiddleDataSection << include << _ci_load << view << showExpForCategoryByItemsMonthly', '123', 0x733a303a22223b, 1),
(449, '_getExpDisplayFormat', '0.17346', '0.173492', ' << _displayMiddleDataSection << include << _ci_load << view << showExpForCategoryByItemsMonthly', '123', 0x733a303a22223b, 1),
(450, '_getExpDisplayFormat', '0.173506', '0.173534', ' << _displayMiddleDataSection << include << _ci_load << view << showExpForCategoryByItemsMonthly', '123', 0x733a303a22223b, 1),
(448, '_getExpDisplayFormat', '0.173399', '0.173441', ' << _displayMiddleDataSection << include << _ci_load << view << showExpForCategoryByItemsMonthly', '123', 0x733a303a22223b, 1),
(447, '_getExpDisplayFormat', '0.173358', '0.173386', ' << _displayMiddleDataSection << include << _ci_load << view << showExpForCategoryByItemsMonthly', '123', 0x733a303a22223b, 1),
(445, '_getExpDisplayFormat', '0.173264', '0.173297', ' << _displayMiddleDataSection << include << _ci_load << view << showExpForCategoryByItemsMonthly', '123', 0x733a303a22223b, 1),
(446, '_getExpDisplayFormat', '0.173312', '0.173344', ' << _displayMiddleDataSection << include << _ci_load << view << showExpForCategoryByItemsMonthly', '123', 0x733a303a22223b, 1),
(442, '_getExpDisplayFormat', '0.17313', '0.173161', ' << _displayMiddleDataSection << include << _ci_load << view << showExpForCategoryByItemsMonthly', '123', 0x733a303a22223b, 1),
(443, '_getExpDisplayFormat', '0.173175', '0.173206', ' << _displayMiddleDataSection << include << _ci_load << view << showExpForCategoryByItemsMonthly', '123', 0x733a303a22223b, 1),
(444, '_getExpDisplayFormat', '0.17322', '0.17325', ' << _displayMiddleDataSection << include << _ci_load << view << showExpForCategoryByItemsMonthly', '123', 0x733a303a22223b, 1),
(440, '_getExpDisplayFormat', '0.173002', '0.173061', ' << _displayMiddleDataSection << include << _ci_load << view << showExpForCategoryByItemsMonthly', '123', 0x733a303a22223b, 1),
(441, '_getExpDisplayFormat', '0.17308', '0.173114', ' << _displayMiddleDataSection << include << _ci_load << view << showExpForCategoryByItemsMonthly', '123', 0x733a303a22223b, 1),
(438, '_getExpDisplayFormat', '0.172889', '0.172918', ' << _displayMiddleDataSection << include << _ci_load << view << showExpForCategoryByItemsMonthly', '123', 0x733a303a22223b, 1),
(439, '_getExpDisplayFormat', '0.172942', '0.172974', ' << _displayMiddleDataSection << include << _ci_load << view << showExpForCategoryByItemsMonthly', '123', 0x733a303a22223b, 1),
(436, '_getExpDisplayFormat', '0.172789', '0.172824', ' << _displayMiddleDataSection << include << _ci_load << view << showExpForCategoryByItemsMonthly', '123', 0x733a303a22223b, 1),
(437, '_getExpDisplayFormat', '0.172839', '0.172875', ' << _displayMiddleDataSection << include << _ci_load << view << showExpForCategoryByItemsMonthly', '123', 0x733a303a22223b, 1),
(433, '_getExpDisplayFormat', '0.172614', '0.172653', ' << _displayMiddleDataSection << include << _ci_load << view << showExpForCategoryByItemsMonthly', '123', 0x733a303a22223b, 1),
(434, '_getExpDisplayFormat', '0.172676', '0.172732', ' << _displayMiddleDataSection << include << _ci_load << view << showExpForCategoryByItemsMonthly', '123', 0x733a303a22223b, 1),
(435, '_getExpDisplayFormat', '0.172746', '0.172775', ' << _displayMiddleDataSection << include << _ci_load << view << showExpForCategoryByItemsMonthly', '123', 0x733a303a22223b, 1),
(420, '_getExpDisplayFormat', '0.171877', '0.172003', ' << _displayMiddleDataSection << include << _ci_load << view << showExpForCategoryByItemsMonthly', '123', 0x733a303a22223b, 1),
(421, '_getExpDisplayFormat', '0.17202', '0.172052', ' << _displayMiddleDataSection << include << _ci_load << view << showExpForCategoryByItemsMonthly', '123', 0x733a303a22223b, 1),
(422, '_getExpDisplayFormat', '0.172068', '0.172108', ' << _displayMiddleDataSection << include << _ci_load << view << showExpForCategoryByItemsMonthly', '123', 0x733a303a22223b, 1),
(423, '_getExpDisplayFormat', '0.172122', '0.172157', ' << _displayMiddleDataSection << include << _ci_load << view << showExpForCategoryByItemsMonthly', '123', 0x733a303a22223b, 1),
(424, '_getExpDisplayFormat', '0.17217', '0.172198', ' << _displayMiddleDataSection << include << _ci_load << view << showExpForCategoryByItemsMonthly', '123', 0x733a303a22223b, 1),
(425, '_getExpDisplayFormat', '0.172212', '0.172246', ' << _displayMiddleDataSection << include << _ci_load << view << showExpForCategoryByItemsMonthly', '123', 0x733a303a22223b, 1),
(426, '_getExpDisplayFormat', '0.172259', '0.172288', ' << _displayMiddleDataSection << include << _ci_load << view << showExpForCategoryByItemsMonthly', '123', 0x733a303a22223b, 1),
(427, '_getExpDisplayFormat', '0.172301', '0.172327', ' << _displayMiddleDataSection << include << _ci_load << view << showExpForCategoryByItemsMonthly', '123', 0x733a303a22223b, 1),
(428, '_getExpDisplayFormat', '0.172342', '0.172369', ' << _displayMiddleDataSection << include << _ci_load << view << showExpForCategoryByItemsMonthly', '123', 0x733a303a22223b, 1),
(429, '_getExpDisplayFormat', '0.172383', '0.172427', ' << _displayMiddleDataSection << include << _ci_load << view << showExpForCategoryByItemsMonthly', '123', 0x733a303a22223b, 1),
(430, '_getExpDisplayFormat', '0.172447', '0.172484', ' << _displayMiddleDataSection << include << _ci_load << view << showExpForCategoryByItemsMonthly', '123', 0x733a303a22223b, 1),
(431, '_getExpDisplayFormat', '0.172501', '0.172534', ' << _displayMiddleDataSection << include << _ci_load << view << showExpForCategoryByItemsMonthly', '123', 0x733a303a22223b, 1),
(432, '_getExpDisplayFormat', '0.172556', '0.172594', ' << _displayMiddleDataSection << include << _ci_load << view << showExpForCategoryByItemsMonthly', '123', 0x733a303a22223b, 1),
(413, '_getExpDisplayFormat', '0.171519', '0.171546', ' << _displayMiddleDataSection << include << _ci_load << view << showExpForCategoryByItemsMonthly', '123', 0x733a303a22223b, 1),
(414, '_getExpDisplayFormat', '0.171558', '0.171584', ' << _displayMiddleDataSection << include << _ci_load << view << showExpForCategoryByItemsMonthly', '123', 0x733a303a22223b, 1),
(415, '_getExpDisplayFormat', '0.171596', '0.171622', ' << _displayMiddleDataSection << include << _ci_load << view << showExpForCategoryByItemsMonthly', '123', 0x733a303a22223b, 1),
(416, '_getExpDisplayFormat', '0.171635', '0.17166', ' << _displayMiddleDataSection << include << _ci_load << view << showExpForCategoryByItemsMonthly', '123', 0x733a303a22223b, 1),
(417, '_getExpDisplayFormat', '0.171673', '0.171699', ' << _displayMiddleDataSection << include << _ci_load << view << showExpForCategoryByItemsMonthly', '123', 0x733a303a22223b, 1),
(418, '_getExpDisplayFormat', '0.171711', '0.171762', ' << _displayMiddleDataSection << include << _ci_load << view << showExpForCategoryByItemsMonthly', '123', 0x733a303a22223b, 1),
(419, '_getExpDisplayFormat', '0.171783', '0.171844', ' << _displayMiddleDataSection << include << _ci_load << view << showExpForCategoryByItemsMonthly', '123', 0x733a303a22223b, 1),
(412, '_getExpDisplayFormat', '0.171475', '0.171503', ' << _displayMiddleDataSection << include << _ci_load << view << showExpForCategoryByItemsMonthly', '123', 0x733a303a22223b, 1),
(409, '_displayMiddleDataSection', '0.171223', '0.176044', ' << include << _ci_load << view << showExpForCategoryByItemsMonthly', 'Recurring', 0x613a303a7b7d, 1),
(410, '_getExpDisplayFormat', '0.171388', '0.17142', ' << _displayMiddleDataSection << include << _ci_load << view << showExpForCategoryByItemsMonthly', '123', 0x733a303a22223b, 1),
(411, '_getExpDisplayFormat', '0.171434', '0.171463', ' << _displayMiddleDataSection << include << _ci_load << view << showExpForCategoryByItemsMonthly', '123', 0x733a303a22223b, 1),
(408, '_displayHeaderDataSection', '0.171173', '0.171205', ' << include << _ci_load << view << showExpForCategoryByItemsMonthly', 'Recurring', 0x613a313a7b693a303b613a373a7b693a303b613a333a7b733a343a2279656172223b733a343a2232303139223b733a31323a226d6f6e74685f6e756d626572223b733a323a223031223b733a31303a226d6f6e74685f6e616d65223b733a333a224a616e223b7d693a313b613a333a7b733a343a2279656172223b733a343a2232303139223b733a31323a226d6f6e74685f6e756d626572223b733a323a223032223b733a31303a226d6f6e74685f6e616d65223b733a333a22466562223b7d693a323b613a333a7b733a343a2279656172223b733a343a2232303139223b733a31323a226d6f6e74685f6e756d626572223b733a323a223033223b733a31303a226d6f6e74685f6e616d65223b733a333a224d6172223b7d693a333b613a333a7b733a343a2279656172223b733a343a2232303139223b733a31323a226d6f6e74685f6e756d626572223b733a323a223034223b733a31303a226d6f6e74685f6e616d65223b733a333a22417072223b7d693a343b613a333a7b733a343a2279656172223b733a343a2232303139223b733a31323a226d6f6e74685f6e756d626572223b733a323a223035223b733a31303a226d6f6e74685f6e616d65223b733a333a224d6179223b7d693a353b613a333a7b733a343a2279656172223b733a343a2232303139223b733a31323a226d6f6e74685f6e756d626572223b733a323a223036223b733a31303a226d6f6e74685f6e616d65223b733a333a224a756e223b7d693a363b613a333a7b733a343a2279656172223b733a343a2232303139223b733a31323a226d6f6e74685f6e756d626572223b733a323a223037223b733a31303a226d6f6e74685f6e616d65223b733a333a224a756c223b7d7d7d, 1),
(406, '_showRemainingLinks', '0.171082', '0.171129', ' << include << _ci_load << view << showExpForCategoryByItemsMonthly', 'Array', 0x733a303a22223b, 1),
(407, '_startTable', '0.171144', '0.17116', ' << include << _ci_load << view << showExpForCategoryByItemsMonthly', '', 0x733a303a22223b, 1),
(405, '_getYearListWithForm', '0.171037', '0.171069', ' << include << _ci_load << view << showExpForCategoryByItemsMonthly', 'showExpForCategoryByItemsMonthly/4/0/123', 0x733a303a22223b, 1),
(402, '_getExpDisplayFormat', '0.170399', '0.170444', ' << include << _ci_load << view << showExpForCategoryByItemsMonthly', '123', 0x733a303a22223b, 1),
(403, '_getSectionHeader', '0.170462', '0.171022', ' << include << _ci_load << view << showExpForCategoryByItemsMonthly', 'Showing.. Recurring in year 2019 by Items', 0x733a303a22223b, 1),
(404, 'sqlmodel::getActiveThemeInfo', '0.170486', '0.171022', ' << _getSectionHeader << include << _ci_load << view << showExpForCategoryByItemsMonthly', 'SELECT t.THEME_HEADER_HTML,t.THEME_FOOTER_HTML, t.THEME_CSS, ut.ID, ut.THEME_ID, ut.ACTIVE \r\n			FROM ec_themes AS t, ec_users_themes AS ut \r\n			WHERE t.ID = ut.THEME_ID \r\n			AND ut.ACTIVE = ''Y'' \r\n			AND t.ACTIVE = ''Y''', 0x733a303a22223b, 1),
(400, '_getExpDisplayFormat', '0.170274', '0.17032', ' << include << _ci_load << view << showExpForCategoryByItemsMonthly', '123', 0x733a303a22223b, 1),
(401, '_getOptionLinkHtml', '0.170338', '0.170385', ' << include << _ci_load << view << showExpForCategoryByItemsMonthly', '', 0x613a343a7b733a31363a2253686f7720457870656e646974757265223b733a35373a222f73686f77457870466f7243617465676f727942794974656d734d6f6e74686c792f342f302f323f73686f774974656d596561723d32303139223b733a31323a2253686f77204465706f736974223b733a35373a222f73686f77457870466f7243617465676f727942794974656d734d6f6e74686c792f342f302f313f73686f774974656d596561723d32303139223b733a32363a2253686f77204465706f736974202620457870656e646974757265223b733a35383a222f73686f77457870466f7243617465676f727942794974656d734d6f6e74686c792f342f302f31323f73686f774974656d596561723d32303139223b733a33353a2253686f77204465706f7369742c20457870656e64697475726520262042616c616e6365223b733a35393a222f73686f77457870466f7243617465676f727942794974656d734d6f6e74686c792f342f302f3132333f73686f774974656d596561723d32303139223b7d, 1),
(394, 'sqlmodel::_get_color_code', '0.166422', '0.16703', ' << _get_categories_list << showExpForCategoryByItemsMonthly', 'SELECT a.COLOR_CODE_ID, c.BG_COLOR,c.FONT_COLOR \r\n		FROM ec_accounts AS a, ec_color_code AS c  \r\n		WHERE a.USER_ID = 1\r\n		AND c.USER_ID = 1 		\r\n		AND c.ID = a.COLOR_CODE_ID  AND a.ID = 1', 0x613a313a7b693a303b613a343a7b733a31333a22434f4c4f525f434f44455f4944223b733a313a2231223b733a383a2242475f434f4c4f52223b733a373a2223434544384636223b733a31303a22464f4e545f434f4c4f52223b733a343a2223303030223b733a353a22736c5f6e6f223b693a313b7d7d, 1),
(395, 'sqlmodel::_get_color_code', '0.167044', '0.167652', ' << _get_categories_list << showExpForCategoryByItemsMonthly', 'SELECT a.COLOR_CODE_ID, c.BG_COLOR,c.FONT_COLOR \r\n		FROM ec_accounts AS a, ec_color_code AS c  \r\n		WHERE a.USER_ID = 1\r\n		AND c.USER_ID = 1 		\r\n		AND c.ID = a.COLOR_CODE_ID  AND a.ID = 5', 0x613a313a7b693a303b613a343a7b733a31333a22434f4c4f525f434f44455f4944223b733a313a2235223b733a383a2242475f434f4c4f52223b733a373a2223453146354139223b733a31303a22464f4e545f434f4c4f52223b733a343a2223303030223b733a353a22736c5f6e6f223b693a313b7d7d, 1),
(396, 'sqlmodel::_get_color_code', '0.167666', '0.168271', ' << _get_categories_list << showExpForCategoryByItemsMonthly', 'SELECT a.COLOR_CODE_ID, c.BG_COLOR,c.FONT_COLOR \r\n		FROM ec_accounts AS a, ec_color_code AS c  \r\n		WHERE a.USER_ID = 1\r\n		AND c.USER_ID = 1 		\r\n		AND c.ID = a.COLOR_CODE_ID  AND a.ID = 1', 0x613a313a7b693a303b613a343a7b733a31333a22434f4c4f525f434f44455f4944223b733a313a2231223b733a383a2242475f434f4c4f52223b733a373a2223434544384636223b733a31303a22464f4e545f434f4c4f52223b733a343a2223303030223b733a353a22736c5f6e6f223b693a313b7d7d, 1),
(397, 'sqlmodel::_get_color_code', '0.168284', '0.168885', ' << _get_categories_list << showExpForCategoryByItemsMonthly', 'SELECT a.COLOR_CODE_ID, c.BG_COLOR,c.FONT_COLOR \r\n		FROM ec_accounts AS a, ec_color_code AS c  \r\n		WHERE a.USER_ID = 1\r\n		AND c.USER_ID = 1 		\r\n		AND c.ID = a.COLOR_CODE_ID  AND a.ID = 4', 0x613a313a7b693a303b613a343a7b733a31333a22434f4c4f525f434f44455f4944223b733a313a2234223b733a383a2242475f434f4c4f52223b733a373a2223463644384345223b733a31303a22464f4e545f434f4c4f52223b733a343a2223303030223b733a353a22736c5f6e6f223b693a313b7d7d, 1),
(398, 'sqlmodel::_get_color_code', '0.168899', '0.169501', ' << _get_categories_list << showExpForCategoryByItemsMonthly', 'SELECT a.COLOR_CODE_ID, c.BG_COLOR,c.FONT_COLOR \r\n		FROM ec_accounts AS a, ec_color_code AS c  \r\n		WHERE a.USER_ID = 1\r\n		AND c.USER_ID = 1 		\r\n		AND c.ID = a.COLOR_CODE_ID  AND a.ID = 1', 0x613a313a7b693a303b613a343a7b733a31333a22434f4c4f525f434f44455f4944223b733a313a2231223b733a383a2242475f434f4c4f52223b733a373a2223434544384636223b733a31303a22464f4e545f434f4c4f52223b733a343a2223303030223b733a353a22736c5f6e6f223b693a313b7d7d, 1),
(399, 'sqlmodel::_get_color_code', '0.169515', '0.170257', ' << _get_categories_list << showExpForCategoryByItemsMonthly', 'SELECT a.COLOR_CODE_ID, c.BG_COLOR,c.FONT_COLOR \r\n		FROM ec_accounts AS a, ec_color_code AS c  \r\n		WHERE a.USER_ID = 1\r\n		AND c.USER_ID = 1 		\r\n		AND c.ID = a.COLOR_CODE_ID  AND a.ID = 7', 0x613a313a7b693a303b613a343a7b733a31333a22434f4c4f525f434f44455f4944223b733a313a2237223b733a383a2242475f434f4c4f52223b733a373a2223463345324139223b733a31303a22464f4e545f434f4c4f52223b733a343a2223303030223b733a353a22736c5f6e6f223b693a313b7d7d, 1),
(393, 'sqlmodel::_get_color_code', '0.165797', '0.166409', ' << _get_categories_list << showExpForCategoryByItemsMonthly', 'SELECT a.COLOR_CODE_ID, c.BG_COLOR,c.FONT_COLOR \r\n		FROM ec_accounts AS a, ec_color_code AS c  \r\n		WHERE a.USER_ID = 1\r\n		AND c.USER_ID = 1 		\r\n		AND c.ID = a.COLOR_CODE_ID  AND a.ID = 7', 0x613a313a7b693a303b613a343a7b733a31333a22434f4c4f525f434f44455f4944223b733a313a2237223b733a383a2242475f434f4c4f52223b733a373a2223463345324139223b733a31303a22464f4e545f434f4c4f52223b733a343a2223303030223b733a353a22736c5f6e6f223b693a313b7d7d, 1),
(389, 'sqlmodel::_get_categories_list', '0.164134', '0.170257', ' << showExpForCategoryByItemsMonthly', '4', 0x613a31303a7b693a303b613a343a7b733a323a224944223b733a313a2239223b733a31323a224558505f4954454d5f434154223b733a363a22434320457870223b733a373a22555345525f4944223b733a313a2231223b733a353a22736c5f6e6f223b693a313b7d693a313b613a343a7b733a323a224944223b733a323a223235223b733a31323a224558505f4954454d5f434154223b733a373a224669746e657373223b733a373a22555345525f4944223b733a313a2231223b733a353a22736c5f6e6f223b693a323b7d693a323b613a343a7b733a323a224944223b733a323a223135223b733a31323a224558505f4954454d5f434154223b733a31313a224865616c74682043617265223b733a373a22555345525f4944223b733a313a2231223b733a353a22736c5f6e6f223b693a333b7d693a333b613a343a7b733a323a224944223b733a313a2232223b733a31323a224558505f4954454d5f434154223b733a383a22486f6d6520457870223b733a373a22555345525f4944223b733a313a2231223b733a353a22736c5f6e6f223b693a343b7d693a343b613a343a7b733a323a224944223b733a313a2236223b733a31323a224558505f4954454d5f434154223b733a393a22496e737572616e6365223b733a373a22555345525f4944223b733a313a2231223b733a353a22736c5f6e6f223b693a353b7d693a353b613a343a7b733a323a224944223b733a323a223234223b733a31323a224558505f4954454d5f434154223b733a31303a224c696665205374796c65223b733a373a22555345525f4944223b733a313a2231223b733a353a22736c5f6e6f223b693a363b7d693a363b613a343a7b733a323a224944223b733a313a2235223b733a31323a224558505f4954454d5f434154223b733a343a224c6f616e223b733a373a22555345525f4944223b733a313a2231223b733a353a22736c5f6e6f223b693a373b7d693a373b613a343a7b733a323a224944223b733a313a2234223b733a31323a224558505f4954454d5f434154223b733a393a22526563757272696e67223b733a373a22555345525f4944223b733a313a2231223b733a353a22736c5f6e6f223b693a383b7d693a383b613a343a7b733a323a224944223b733a313a2233223b733a31323a224558505f4954454d5f434154223b733a373a22536176696e6773223b733a373a22555345525f4944223b733a313a2231223b733a353a22736c5f6e6f223b693a393b7d693a393b613a343a7b733a323a224944223b733a313a2231223b733a31323a224558505f4954454d5f434154223b733a363a225363686f6f6c223b733a373a22555345525f4944223b733a313a2231223b733a353a22736c5f6e6f223b693a31303b7d7d, 1),
(390, 'sqlmodel::_get_item_cat_list', '0.164156', '0.164494', ' << _get_categories_list << showExpForCategoryByItemsMonthly', 'SELECT * \r\n		FROM ec_items_cat  \r\n		WHERE USER_ID = 1 \r\n		ORDER BY EXP_ITEM_CAT ASC', 0x613a31303a7b693a303b613a343a7b733a323a224944223b733a313a2239223b733a31323a224558505f4954454d5f434154223b733a363a22434320457870223b733a373a22555345525f4944223b733a313a2231223b733a353a22736c5f6e6f223b693a313b7d693a313b613a343a7b733a323a224944223b733a323a223235223b733a31323a224558505f4954454d5f434154223b733a373a224669746e657373223b733a373a22555345525f4944223b733a313a2231223b733a353a22736c5f6e6f223b693a323b7d693a323b613a343a7b733a323a224944223b733a323a223135223b733a31323a224558505f4954454d5f434154223b733a31313a224865616c74682043617265223b733a373a22555345525f4944223b733a313a2231223b733a353a22736c5f6e6f223b693a333b7d693a333b613a343a7b733a323a224944223b733a313a2232223b733a31323a224558505f4954454d5f434154223b733a383a22486f6d6520457870223b733a373a22555345525f4944223b733a313a2231223b733a353a22736c5f6e6f223b693a343b7d693a343b613a343a7b733a323a224944223b733a313a2236223b733a31323a224558505f4954454d5f434154223b733a393a22496e737572616e6365223b733a373a22555345525f4944223b733a313a2231223b733a353a22736c5f6e6f223b693a353b7d693a353b613a343a7b733a323a224944223b733a323a223234223b733a31323a224558505f4954454d5f434154223b733a31303a224c696665205374796c65223b733a373a22555345525f4944223b733a313a2231223b733a353a22736c5f6e6f223b693a363b7d693a363b613a343a7b733a323a224944223b733a313a2235223b733a31323a224558505f4954454d5f434154223b733a343a224c6f616e223b733a373a22555345525f4944223b733a313a2231223b733a353a22736c5f6e6f223b693a373b7d693a373b613a343a7b733a323a224944223b733a313a2234223b733a31323a224558505f4954454d5f434154223b733a393a22526563757272696e67223b733a373a22555345525f4944223b733a313a2231223b733a353a22736c5f6e6f223b693a383b7d693a383b613a343a7b733a323a224944223b733a313a2233223b733a31323a224558505f4954454d5f434154223b733a373a22536176696e6773223b733a373a22555345525f4944223b733a313a2231223b733a353a22736c5f6e6f223b693a393b7d693a393b613a343a7b733a323a224944223b733a313a2231223b733a31323a224558505f4954454d5f434154223b733a363a225363686f6f6c223b733a373a22555345525f4944223b733a313a2231223b733a353a22736c5f6e6f223b693a31303b7d7d, 1),
(391, 'sqlmodel::_get_color_code', '0.164508', '0.165155', ' << _get_categories_list << showExpForCategoryByItemsMonthly', 'SELECT a.COLOR_CODE_ID, c.BG_COLOR,c.FONT_COLOR \r\n		FROM ec_accounts AS a, ec_color_code AS c  \r\n		WHERE a.USER_ID = 1\r\n		AND c.USER_ID = 1 		\r\n		AND c.ID = a.COLOR_CODE_ID  AND a.ID = 10', 0x613a313a7b693a303b613a343a7b733a31333a22434f4c4f525f434f44455f4944223b733a323a223130223b733a383a2242475f434f4c4f52223b733a373a2223464646414434223b733a31303a22464f4e545f434f4c4f52223b733a373a2223303030303030223b733a353a22736c5f6e6f223b693a313b7d7d, 1),
(392, 'sqlmodel::_get_color_code', '0.165169', '0.165783', ' << _get_categories_list << showExpForCategoryByItemsMonthly', 'SELECT a.COLOR_CODE_ID, c.BG_COLOR,c.FONT_COLOR \r\n		FROM ec_accounts AS a, ec_color_code AS c  \r\n		WHERE a.USER_ID = 1\r\n		AND c.USER_ID = 1 		\r\n		AND c.ID = a.COLOR_CODE_ID  AND a.ID = 7', 0x613a313a7b693a303b613a343a7b733a31333a22434f4c4f525f434f44455f4944223b733a313a2237223b733a383a2242475f434f4c4f52223b733a373a2223463345324139223b733a31303a22464f4e545f434f4c4f52223b733a343a2223303030223b733a353a22736c5f6e6f223b693a313b7d7d, 1),
(353, 'MY_Controller::checkSignIn', '0.060132', '0.060153', ' << showExpForCategoryByItemsMonthly', '', 0x733a303a22223b, 1),
(354, 'Home::showExpForCategoryByItemsMonthly', '0.060167', '0.177052', '', '', 0x733a303a22223b, 1),
(355, 'sqlmodel::_get_item_cat_name_by_id', '0.060193', '0.060365', ' << showExpForCategoryByItemsMonthly', 'SELECT exp_item_cat \r\n		FROM ec_items_cat  WHERE id = 4', 0x613a313a7b733a31323a226578705f6974656d5f636174223b733a393a22526563757272696e67223b7d, 1),
(356, 'sqlmodel::_get_total_exp_amount_by_category', '0.060378', '0.069481', ' << showExpForCategoryByItemsMonthly', 'SELECT sum(e.EXP_AMT) AS amt\r\n		FROM ec_expenditure AS e, ec_items AS i  \r\n		WHERE e.EXP_ITEM_ID = i.ID AND i.EXP_ITEM_CAT_ID = 4 AND e.USER_ID = 1 AND i.USER_ID = 1 AND i.ACTIVE = ''Y'' AND i.EXPIRED = ''N''', 0x613a313a7b733a333a22616d74223b733a393a223233313030302e3030223b7d, 1),
(357, 'sqlmodel::_get_total_exp_amount_by_category', '0.069497', '0.077921', ' << showExpForCategoryByItemsMonthly', 'SELECT sum(e.EXP_AMT) AS amt\r\n		FROM ec_expenditure AS e, ec_items AS i  \r\n		WHERE e.EXP_ITEM_ID = i.ID AND i.EXP_ITEM_CAT_ID = 4 AND e.USER_ID = 1 AND i.USER_ID = 1 AND i.ACTIVE = ''Y'' AND i.EXPIRED = ''N''', 0x613a313a7b733a333a22616d74223b733a393a223233313030302e3030223b7d, 1),
(358, 'sqlmodel::_get_total_depo_amount_by_category', '0.077936', '0.085507', ' << showExpForCategoryByItemsMonthly', 'SELECT sum(d.DEPO_AMT) AS amt\r\n		FROM ec_deposit AS d, ec_items AS i  \r\n		WHERE d.DEPO_ITEM_ID = i.ID AND i.EXP_ITEM_CAT_ID = 4 AND d.USER_ID = 1 AND i.USER_ID = 1 AND i.ACTIVE = ''Y'' AND i.EXPIRED = ''N''', 0x613a313a7b733a333a22616d74223b733a393a223233313030302e3030223b7d, 1),
(359, 'sqlmodel::_get_total_depo_amount_by_category', '0.085522', '0.093032', ' << showExpForCategoryByItemsMonthly', 'SELECT sum(d.DEPO_AMT) AS amt\r\n		FROM ec_deposit AS d, ec_items AS i  \r\n		WHERE d.DEPO_ITEM_ID = i.ID AND i.EXP_ITEM_CAT_ID = 4 AND d.USER_ID = 1 AND i.USER_ID = 1 AND i.ACTIVE = ''Y'' AND i.EXPIRED = ''N''', 0x613a313a7b733a333a22616d74223b733a393a223233313030302e3030223b7d, 1),
(360, 'sqlmodel::_get_item_name_by_id', '0.093047', '0.093063', ' << showExpForCategoryByItemsMonthly', 'SELECT EXP_ITEM_NAME \r\n		FROM ec_items ', 0x733a303a22223b, 1),
(361, 'sqlmodel::_get_list_of_months_by_exp_type_expenditure', '0.093076', '0.102311', ' << showExpForCategoryByItemsMonthly', 'SELECT m.MONTH_NUMBER, m.MONTH_SHORT_NAME, year(e.EXP_DATE) AS MONTH_YEAR  \r\n			FROM  ec_months AS m, ec_expenditure AS e, ec_items_cat as ic, ec_items as i    \r\n			WHERE month(e.EXP_DATE) = m.MONTH_NUMBER \r\n			AND e.exp_item_id = i.ID \r\n			AND i.EXP_ITEM_CAT_ID = ic.ID \r\n			AND i.USER_ID = 1 AND year(e.EXP_DATE) = 2019 GROUP BY month(e.EXP_DATE),year(e.EXP_DATE) \r\n			ORDER BY year(e.EXP_DATE),month(e.EXP_DATE)', 0x613a313a7b693a303b613a373a7b693a303b613a333a7b733a343a2279656172223b733a343a2232303139223b733a31323a226d6f6e74685f6e756d626572223b733a323a223031223b733a31303a226d6f6e74685f6e616d65223b733a333a224a616e223b7d693a313b613a333a7b733a343a2279656172223b733a343a2232303139223b733a31323a226d6f6e74685f6e756d626572223b733a323a223032223b733a31303a226d6f6e74685f6e616d65223b733a333a22466562223b7d693a323b613a333a7b733a343a2279656172223b733a343a2232303139223b733a31323a226d6f6e74685f6e756d626572223b733a323a223033223b733a31303a226d6f6e74685f6e616d65223b733a333a224d6172223b7d693a333b613a333a7b733a343a2279656172223b733a343a2232303139223b733a31323a226d6f6e74685f6e756d626572223b733a323a223034223b733a31303a226d6f6e74685f6e616d65223b733a333a22417072223b7d693a343b613a333a7b733a343a2279656172223b733a343a2232303139223b733a31323a226d6f6e74685f6e756d626572223b733a323a223035223b733a31303a226d6f6e74685f6e616d65223b733a333a224d6179223b7d693a353b613a333a7b733a343a2279656172223b733a343a2232303139223b733a31323a226d6f6e74685f6e756d626572223b733a323a223036223b733a31303a226d6f6e74685f6e616d65223b733a333a224a756e223b7d693a363b613a333a7b733a343a2279656172223b733a343a2232303139223b733a31323a226d6f6e74685f6e756d626572223b733a323a223037223b733a31303a226d6f6e74685f6e616d65223b733a333a224a756c223b7d7d7d, 1);
INSERT INTO `ec_debug` (`ID`, `FUNC_NAME`, `START_TIME`, `END_TIME`, `CALL_BY`, `QUERY_STR`, `QUERY_RESULT`, `USER_ID`) VALUES
(362, 'sqlmodel::getExpForCategoryByItemsMonthly', '0.102326', '0.164118', ' << showExpForCategoryByItemsMonthly', '', 0x613a31323a7b733a32303a2248444643205245435f46656231395f4665623230223b613a31313a7b733a373a226974656d5f6964223b733a323a223933223b733a31313a226974656d5f737461747573223b733a313a224e223b733a373a227061795f646179223b733a313a2232223b733a363a226361745f6964223b733a313a2234223b733a31343a2263757272656e745f6361745f6964223b733a313a2234223b733a383a226361745f6e616d65223b733a393a22526563757272696e67223b733a373a22616363745f6964223b733a313a2236223b733a393a22616363745f6e616d65223b733a343a2248444643223b733a31313a226578705f64657461696c73223b613a373a7b693a303b613a363a7b733a383a226d6f6e74685f6e6f223b733a323a223031223b733a31303a226d6f6e74685f6e616d65223b733a333a224a616e223b733a343a2279656172223b733a343a2232303139223b733a373a226578705f616d74223b733a343a22302e3030223b733a383a226465706f5f616d74223b733a343a22302e3030223b733a383a226578705f61636374223b733a343a2248444643223b7d693a313b613a363a7b733a383a226d6f6e74685f6e6f223b733a323a223032223b733a31303a226d6f6e74685f6e616d65223b733a333a22466562223b733a343a2279656172223b733a343a2232303139223b733a373a226578705f616d74223b733a373a22343530302e3030223b733a383a226465706f5f616d74223b733a373a22343530302e3030223b733a383a226578705f61636374223b733a343a2248444643223b7d693a323b613a363a7b733a383a226d6f6e74685f6e6f223b733a323a223033223b733a31303a226d6f6e74685f6e616d65223b733a333a224d6172223b733a343a2279656172223b733a343a2232303139223b733a373a226578705f616d74223b733a373a22343530302e3030223b733a383a226465706f5f616d74223b733a373a22343530302e3030223b733a383a226578705f61636374223b733a343a2248444643223b7d693a333b613a363a7b733a383a226d6f6e74685f6e6f223b733a323a223034223b733a31303a226d6f6e74685f6e616d65223b733a333a22417072223b733a343a2279656172223b733a343a2232303139223b733a373a226578705f616d74223b733a373a22343530302e3030223b733a383a226465706f5f616d74223b733a373a22343530302e3030223b733a383a226578705f61636374223b733a343a2248444643223b7d693a343b613a363a7b733a383a226d6f6e74685f6e6f223b733a323a223035223b733a31303a226d6f6e74685f6e616d65223b733a333a224d6179223b733a343a2279656172223b733a343a2232303139223b733a373a226578705f616d74223b733a373a22343530302e3030223b733a383a226465706f5f616d74223b733a373a22343530302e3030223b733a383a226578705f61636374223b733a343a2248444643223b7d693a353b613a363a7b733a383a226d6f6e74685f6e6f223b733a323a223036223b733a31303a226d6f6e74685f6e616d65223b733a333a224a756e223b733a343a2279656172223b733a343a2232303139223b733a373a226578705f616d74223b733a373a22343530302e3030223b733a383a226465706f5f616d74223b733a373a22343530302e3030223b733a383a226578705f61636374223b733a343a2248444643223b7d693a363b613a363a7b733a383a226d6f6e74685f6e6f223b733a323a223037223b733a31303a226d6f6e74685f6e616d65223b733a333a224a756c223b733a343a2279656172223b733a343a2232303139223b733a373a226578705f616d74223b733a373a22343530302e3030223b733a383a226465706f5f616d74223b733a373a22343530302e3030223b733a383a226578705f61636374223b733a343a2248444643223b7d7d733a383a2262675f636f6c6f72223b733a373a2223413946354243223b733a31303a22666f6e745f636f6c6f72223b733a343a2223303030223b7d733a32303a2248444643205245435f4a616e31395f4a616e3230223b613a31313a7b733a373a226974656d5f6964223b733a323a223832223b733a31313a226974656d5f737461747573223b733a313a224e223b733a373a227061795f646179223b733a323a223134223b733a363a226361745f6964223b733a313a2234223b733a31343a2263757272656e745f6361745f6964223b733a313a2234223b733a383a226361745f6e616d65223b733a393a22526563757272696e67223b733a373a22616363745f6964223b733a313a2236223b733a393a22616363745f6e616d65223b733a343a2248444643223b733a31313a226578705f64657461696c73223b613a373a7b693a303b613a363a7b733a383a226d6f6e74685f6e6f223b733a323a223031223b733a31303a226d6f6e74685f6e616d65223b733a333a224a616e223b733a343a2279656172223b733a343a2232303139223b733a373a226578705f616d74223b733a373a22343530302e3030223b733a383a226465706f5f616d74223b733a373a22343530302e3030223b733a383a226578705f61636374223b733a343a2248444643223b7d693a313b613a363a7b733a383a226d6f6e74685f6e6f223b733a323a223032223b733a31303a226d6f6e74685f6e616d65223b733a333a22466562223b733a343a2279656172223b733a343a2232303139223b733a373a226578705f616d74223b733a373a22343530302e3030223b733a383a226465706f5f616d74223b733a373a22343530302e3030223b733a383a226578705f61636374223b733a343a2248444643223b7d693a323b613a363a7b733a383a226d6f6e74685f6e6f223b733a323a223033223b733a31303a226d6f6e74685f6e616d65223b733a333a224d6172223b733a343a2279656172223b733a343a2232303139223b733a373a226578705f616d74223b733a373a22343530302e3030223b733a383a226465706f5f616d74223b733a373a22343530302e3030223b733a383a226578705f61636374223b733a343a2248444643223b7d693a333b613a363a7b733a383a226d6f6e74685f6e6f223b733a323a223034223b733a31303a226d6f6e74685f6e616d65223b733a333a22417072223b733a343a2279656172223b733a343a2232303139223b733a373a226578705f616d74223b733a373a22343530302e3030223b733a383a226465706f5f616d74223b733a373a22343530302e3030223b733a383a226578705f61636374223b733a343a2248444643223b7d693a343b613a363a7b733a383a226d6f6e74685f6e6f223b733a323a223035223b733a31303a226d6f6e74685f6e616d65223b733a333a224d6179223b733a343a2279656172223b733a343a2232303139223b733a373a226578705f616d74223b733a373a22343530302e3030223b733a383a226465706f5f616d74223b733a373a22343530302e3030223b733a383a226578705f61636374223b733a343a2248444643223b7d693a353b613a363a7b733a383a226d6f6e74685f6e6f223b733a323a223036223b733a31303a226d6f6e74685f6e616d65223b733a333a224a756e223b733a343a2279656172223b733a343a2232303139223b733a373a226578705f616d74223b733a373a22343530302e3030223b733a383a226465706f5f616d74223b733a373a22343530302e3030223b733a383a226578705f61636374223b733a343a2248444643223b7d693a363b613a363a7b733a383a226d6f6e74685f6e6f223b733a323a223037223b733a31303a226d6f6e74685f6e616d65223b733a333a224a756c223b733a343a2279656172223b733a343a2232303139223b733a373a226578705f616d74223b733a373a22343530302e3030223b733a383a226465706f5f616d74223b733a373a22343530302e3030223b733a383a226578705f61636374223b733a343a2248444643223b7d7d733a383a2262675f636f6c6f72223b733a373a2223413946354243223b733a31303a22666f6e745f636f6c6f72223b733a343a2223303030223b7d733a32313a224943494349205245435f4a756e31395f4465633139223b613a31313a7b733a373a226974656d5f6964223b733a333a22313132223b733a31313a226974656d5f737461747573223b733a313a224e223b733a373a227061795f646179223b733a313a2232223b733a363a226361745f6964223b733a313a2234223b733a31343a2263757272656e745f6361745f6964223b733a313a2234223b733a383a226361745f6e616d65223b733a393a22526563757272696e67223b733a373a22616363745f6964223b733a313a2233223b733a393a22616363745f6e616d65223b733a353a224943494349223b733a31313a226578705f64657461696c73223b613a373a7b693a303b613a363a7b733a383a226d6f6e74685f6e6f223b733a323a223031223b733a31303a226d6f6e74685f6e616d65223b733a333a224a616e223b733a343a2279656172223b733a343a2232303139223b733a373a226578705f616d74223b643a303b733a383a226465706f5f616d74223b643a303b733a383a226578705f61636374223b733a353a224943494349223b7d693a313b613a363a7b733a383a226d6f6e74685f6e6f223b733a323a223032223b733a31303a226d6f6e74685f6e616d65223b733a333a22466562223b733a343a2279656172223b733a343a2232303139223b733a373a226578705f616d74223b643a303b733a383a226465706f5f616d74223b643a303b733a383a226578705f61636374223b733a353a224943494349223b7d693a323b613a363a7b733a383a226d6f6e74685f6e6f223b733a323a223033223b733a31303a226d6f6e74685f6e616d65223b733a333a224d6172223b733a343a2279656172223b733a343a2232303139223b733a373a226578705f616d74223b643a303b733a383a226465706f5f616d74223b643a303b733a383a226578705f61636374223b733a353a224943494349223b7d693a333b613a363a7b733a383a226d6f6e74685f6e6f223b733a323a223034223b733a31303a226d6f6e74685f6e616d65223b733a333a22417072223b733a343a2279656172223b733a343a2232303139223b733a373a226578705f616d74223b643a303b733a383a226465706f5f616d74223b643a303b733a383a226578705f61636374223b733a353a224943494349223b7d693a343b613a363a7b733a383a226d6f6e74685f6e6f223b733a323a223035223b733a31303a226d6f6e74685f6e616d65223b733a333a224d6179223b733a343a2279656172223b733a343a2232303139223b733a373a226578705f616d74223b643a303b733a383a226465706f5f616d74223b643a303b733a383a226578705f61636374223b733a353a224943494349223b7d693a353b613a363a7b733a383a226d6f6e74685f6e6f223b733a323a223036223b733a31303a226d6f6e74685f6e616d65223b733a333a224a756e223b733a343a2279656172223b733a343a2232303139223b733a373a226578705f616d74223b733a373a22363030302e3030223b733a383a226465706f5f616d74223b733a373a22363030302e3030223b733a383a226578705f61636374223b733a353a224943494349223b7d693a363b613a363a7b733a383a226d6f6e74685f6e6f223b733a323a223037223b733a31303a226d6f6e74685f6e616d65223b733a333a224a756c223b733a343a2279656172223b733a343a2232303139223b733a373a226578705f616d74223b733a373a22363030302e3030223b733a383a226465706f5f616d74223b733a373a22363030302e3030223b733a383a226578705f61636374223b733a353a224943494349223b7d7d733a383a2262675f636f6c6f72223b733a373a2223413946354632223b733a31303a22666f6e745f636f6c6f72223b733a343a2223303030223b7d733a32353a2249434943495f52494e205245435f41756731385f4175673139223b613a31313a7b733a373a226974656d5f6964223b733a323a223231223b733a31313a226974656d5f737461747573223b733a313a224e223b733a373a227061795f646179223b733a313a2233223b733a363a226361745f6964223b733a313a2234223b733a31343a2263757272656e745f6361745f6964223b733a313a2234223b733a383a226361745f6e616d65223b733a393a22526563757272696e67223b733a373a22616363745f6964223b733a313a2232223b733a393a22616363745f6e616d65223b733a393a2249434943495f52494e223b733a31313a226578705f64657461696c73223b613a373a7b693a303b613a363a7b733a383a226d6f6e74685f6e6f223b733a323a223031223b733a31303a226d6f6e74685f6e616d65223b733a333a224a616e223b733a343a2279656172223b733a343a2232303139223b733a373a226578705f616d74223b733a373a22333030302e3030223b733a383a226465706f5f616d74223b733a373a22333030302e3030223b733a383a226578705f61636374223b733a393a2249434943495f52494e223b7d693a313b613a363a7b733a383a226d6f6e74685f6e6f223b733a323a223032223b733a31303a226d6f6e74685f6e616d65223b733a333a22466562223b733a343a2279656172223b733a343a2232303139223b733a373a226578705f616d74223b733a373a22333030302e3030223b733a383a226465706f5f616d74223b733a373a22333030302e3030223b733a383a226578705f61636374223b733a393a2249434943495f52494e223b7d693a323b613a363a7b733a383a226d6f6e74685f6e6f223b733a323a223033223b733a31303a226d6f6e74685f6e616d65223b733a333a224d6172223b733a343a2279656172223b733a343a2232303139223b733a373a226578705f616d74223b733a373a22333030302e3030223b733a383a226465706f5f616d74223b733a373a22333030302e3030223b733a383a226578705f61636374223b733a393a2249434943495f52494e223b7d693a333b613a363a7b733a383a226d6f6e74685f6e6f223b733a323a223034223b733a31303a226d6f6e74685f6e616d65223b733a333a22417072223b733a343a2279656172223b733a343a2232303139223b733a373a226578705f616d74223b733a373a22333030302e3030223b733a383a226465706f5f616d74223b733a373a22333030302e3030223b733a383a226578705f61636374223b733a393a2249434943495f52494e223b7d693a343b613a363a7b733a383a226d6f6e74685f6e6f223b733a323a223035223b733a31303a226d6f6e74685f6e616d65223b733a333a224d6179223b733a343a2279656172223b733a343a2232303139223b733a373a226578705f616d74223b733a373a22333030302e3030223b733a383a226465706f5f616d74223b733a373a22333030302e3030223b733a383a226578705f61636374223b733a393a2249434943495f52494e223b7d693a353b613a363a7b733a383a226d6f6e74685f6e6f223b733a323a223036223b733a31303a226d6f6e74685f6e616d65223b733a333a224a756e223b733a343a2279656172223b733a343a2232303139223b733a373a226578705f616d74223b733a373a22333030302e3030223b733a383a226465706f5f616d74223b733a373a22333030302e3030223b733a383a226578705f61636374223b733a393a2249434943495f52494e223b7d693a363b613a363a7b733a383a226d6f6e74685f6e6f223b733a323a223037223b733a31303a226d6f6e74685f6e616d65223b733a333a224a756c223b733a343a2279656172223b733a343a2232303139223b733a373a226578705f616d74223b733a373a22333030302e3030223b733a383a226465706f5f616d74223b733a373a22333030302e3030223b733a383a226578705f61636374223b733a393a2249434943495f52494e223b7d7d733a383a2262675f636f6c6f72223b733a373a2223454346364345223b733a31303a22666f6e745f636f6c6f72223b733a343a2223303030223b7d733a32373a2249434943495f52494e205245435f535f41707231395f4170723230223b613a31313a7b733a373a226974656d5f6964223b733a333a22313035223b733a31313a226974656d5f737461747573223b733a313a224e223b733a373a227061795f646179223b733a313a2232223b733a363a226361745f6964223b733a313a2234223b733a31343a2263757272656e745f6361745f6964223b733a313a2234223b733a383a226361745f6e616d65223b733a393a22526563757272696e67223b733a373a22616363745f6964223b733a313a2232223b733a393a22616363745f6e616d65223b733a393a2249434943495f52494e223b733a31313a226578705f64657461696c73223b613a373a7b693a303b613a363a7b733a383a226d6f6e74685f6e6f223b733a323a223031223b733a31303a226d6f6e74685f6e616d65223b733a333a224a616e223b733a343a2279656172223b733a343a2232303139223b733a373a226578705f616d74223b643a303b733a383a226465706f5f616d74223b643a303b733a383a226578705f61636374223b733a393a2249434943495f52494e223b7d693a313b613a363a7b733a383a226d6f6e74685f6e6f223b733a323a223032223b733a31303a226d6f6e74685f6e616d65223b733a333a22466562223b733a343a2279656172223b733a343a2232303139223b733a373a226578705f616d74223b643a303b733a383a226465706f5f616d74223b643a303b733a383a226578705f61636374223b733a393a2249434943495f52494e223b7d693a323b613a363a7b733a383a226d6f6e74685f6e6f223b733a323a223033223b733a31303a226d6f6e74685f6e616d65223b733a333a224d6172223b733a343a2279656172223b733a343a2232303139223b733a373a226578705f616d74223b643a303b733a383a226465706f5f616d74223b643a303b733a383a226578705f61636374223b733a393a2249434943495f52494e223b7d693a333b613a363a7b733a383a226d6f6e74685f6e6f223b733a323a223034223b733a31303a226d6f6e74685f6e616d65223b733a333a22417072223b733a343a2279656172223b733a343a2232303139223b733a373a226578705f616d74223b733a373a22323030302e3030223b733a383a226465706f5f616d74223b733a373a22323030302e3030223b733a383a226578705f61636374223b733a393a2249434943495f52494e223b7d693a343b613a363a7b733a383a226d6f6e74685f6e6f223b733a323a223035223b733a31303a226d6f6e74685f6e616d65223b733a333a224d6179223b733a343a2279656172223b733a343a2232303139223b733a373a226578705f616d74223b733a373a22323030302e3030223b733a383a226465706f5f616d74223b733a373a22323030302e3030223b733a383a226578705f61636374223b733a393a2249434943495f52494e223b7d693a353b613a363a7b733a383a226d6f6e74685f6e6f223b733a323a223036223b733a31303a226d6f6e74685f6e616d65223b733a333a224a756e223b733a343a2279656172223b733a343a2232303139223b733a373a226578705f616d74223b733a373a22323030302e3030223b733a383a226465706f5f616d74223b733a373a22323030302e3030223b733a383a226578705f61636374223b733a393a2249434943495f52494e223b7d693a363b613a363a7b733a383a226d6f6e74685f6e6f223b733a323a223037223b733a31303a226d6f6e74685f6e616d65223b733a333a224a756c223b733a343a2279656172223b733a343a2232303139223b733a373a226578705f616d74223b733a373a22323030302e3030223b733a383a226465706f5f616d74223b733a373a22323030302e3030223b733a383a226578705f61636374223b733a393a2249434943495f52494e223b7d7d733a383a2262675f636f6c6f72223b733a373a2223454346364345223b733a31303a22666f6e745f636f6c6f72223b733a343a2223303030223b7d733a31393a22534249205245435f53657031385f5365703139223b613a31313a7b733a373a226974656d5f6964223b733a323a223338223b733a31313a226974656d5f737461747573223b733a313a224e223b733a373a227061795f646179223b733a323a223135223b733a363a226361745f6964223b733a313a2234223b733a31343a2263757272656e745f6361745f6964223b733a313a2234223b733a383a226361745f6e616d65223b733a393a22526563757272696e67223b733a373a22616363745f6964223b733a313a2234223b733a393a22616363745f6e616d65223b733a333a22534249223b733a31313a226578705f64657461696c73223b613a373a7b693a303b613a363a7b733a383a226d6f6e74685f6e6f223b733a323a223031223b733a31303a226d6f6e74685f6e616d65223b733a333a224a616e223b733a343a2279656172223b733a343a2232303139223b733a373a226578705f616d74223b733a373a22323030302e3030223b733a383a226465706f5f616d74223b733a373a22323030302e3030223b733a383a226578705f61636374223b733a333a22534249223b7d693a313b613a363a7b733a383a226d6f6e74685f6e6f223b733a323a223032223b733a31303a226d6f6e74685f6e616d65223b733a333a22466562223b733a343a2279656172223b733a343a2232303139223b733a373a226578705f616d74223b733a373a22323030302e3030223b733a383a226465706f5f616d74223b733a373a22323030302e3030223b733a383a226578705f61636374223b733a333a22534249223b7d693a323b613a363a7b733a383a226d6f6e74685f6e6f223b733a323a223033223b733a31303a226d6f6e74685f6e616d65223b733a333a224d6172223b733a343a2279656172223b733a343a2232303139223b733a373a226578705f616d74223b733a373a22323030302e3030223b733a383a226465706f5f616d74223b733a373a22323030302e3030223b733a383a226578705f61636374223b733a333a22534249223b7d693a333b613a363a7b733a383a226d6f6e74685f6e6f223b733a323a223034223b733a31303a226d6f6e74685f6e616d65223b733a333a22417072223b733a343a2279656172223b733a343a2232303139223b733a373a226578705f616d74223b733a373a22323030302e3030223b733a383a226465706f5f616d74223b733a373a22323030302e3030223b733a383a226578705f61636374223b733a333a22534249223b7d693a343b613a363a7b733a383a226d6f6e74685f6e6f223b733a323a223035223b733a31303a226d6f6e74685f6e616d65223b733a333a224d6179223b733a343a2279656172223b733a343a2232303139223b733a373a226578705f616d74223b733a373a22323030302e3030223b733a383a226465706f5f616d74223b733a373a22323030302e3030223b733a383a226578705f61636374223b733a333a22534249223b7d693a353b613a363a7b733a383a226d6f6e74685f6e6f223b733a323a223036223b733a31303a226d6f6e74685f6e616d65223b733a333a224a756e223b733a343a2279656172223b733a343a2232303139223b733a373a226578705f616d74223b733a373a22323030302e3030223b733a383a226465706f5f616d74223b733a373a22323030302e3030223b733a383a226578705f61636374223b733a333a22534249223b7d693a363b613a363a7b733a383a226d6f6e74685f6e6f223b733a323a223037223b733a31303a226d6f6e74685f6e616d65223b733a333a224a756c223b733a343a2279656172223b733a343a2232303139223b733a373a226578705f616d74223b733a373a22323030302e3030223b733a383a226465706f5f616d74223b733a373a22323030302e3030223b733a383a226578705f61636374223b733a333a22534249223b7d7d733a383a2262675f636f6c6f72223b733a373a2223463644384345223b733a31303a22666f6e745f636f6c6f72223b733a343a2223303030223b7d733a32323a225342495f4f44205245435f41707231395f4170723230223b613a31313a7b733a373a226974656d5f6964223b733a333a22313034223b733a31313a226974656d5f737461747573223b733a313a224e223b733a373a227061795f646179223b733a313a2231223b733a363a226361745f6964223b733a313a2234223b733a31343a2263757272656e745f6361745f6964223b733a313a2234223b733a383a226361745f6e616d65223b733a393a22526563757272696e67223b733a373a22616363745f6964223b733a313a2237223b733a393a22616363745f6e616d65223b733a363a225342495f4f44223b733a31313a226578705f64657461696c73223b613a373a7b693a303b613a363a7b733a383a226d6f6e74685f6e6f223b733a323a223031223b733a31303a226d6f6e74685f6e616d65223b733a333a224a616e223b733a343a2279656172223b733a343a2232303139223b733a373a226578705f616d74223b643a303b733a383a226465706f5f616d74223b643a303b733a383a226578705f61636374223b733a363a225342495f4f44223b7d693a313b613a363a7b733a383a226d6f6e74685f6e6f223b733a323a223032223b733a31303a226d6f6e74685f6e616d65223b733a333a22466562223b733a343a2279656172223b733a343a2232303139223b733a373a226578705f616d74223b643a303b733a383a226465706f5f616d74223b643a303b733a383a226578705f61636374223b733a363a225342495f4f44223b7d693a323b613a363a7b733a383a226d6f6e74685f6e6f223b733a323a223033223b733a31303a226d6f6e74685f6e616d65223b733a333a224d6172223b733a343a2279656172223b733a343a2232303139223b733a373a226578705f616d74223b643a303b733a383a226465706f5f616d74223b643a303b733a383a226578705f61636374223b733a363a225342495f4f44223b7d693a333b613a363a7b733a383a226d6f6e74685f6e6f223b733a323a223034223b733a31303a226d6f6e74685f6e616d65223b733a333a22417072223b733a343a2279656172223b733a343a2232303139223b733a373a226578705f616d74223b733a373a22343530302e3030223b733a383a226465706f5f616d74223b733a373a22343530302e3030223b733a383a226578705f61636374223b733a363a225342495f4f44223b7d693a343b613a363a7b733a383a226d6f6e74685f6e6f223b733a323a223035223b733a31303a226d6f6e74685f6e616d65223b733a333a224d6179223b733a343a2279656172223b733a343a2232303139223b733a373a226578705f616d74223b733a373a22343530302e3030223b733a383a226465706f5f616d74223b733a373a22343530302e3030223b733a383a226578705f61636374223b733a363a225342495f4f44223b7d693a353b613a363a7b733a383a226d6f6e74685f6e6f223b733a323a223036223b733a31303a226d6f6e74685f6e616d65223b733a333a224a756e223b733a343a2279656172223b733a343a2232303139223b733a373a226578705f616d74223b733a373a22343530302e3030223b733a383a226465706f5f616d74223b733a373a22343530302e3030223b733a383a226578705f61636374223b733a363a225342495f4f44223b7d693a363b613a363a7b733a383a226d6f6e74685f6e6f223b733a323a223037223b733a31303a226d6f6e74685f6e616d65223b733a333a224a756c223b733a343a2279656172223b733a343a2232303139223b733a373a226578705f616d74223b733a373a22343530302e3030223b733a383a226465706f5f616d74223b733a373a22343530302e3030223b733a383a226578705f61636374223b733a363a225342495f4f44223b7d7d733a383a2262675f636f6c6f72223b733a373a2223463345324139223b733a31303a22666f6e745f636f6c6f72223b733a343a2223303030223b7d733a32323a225342495f4f44205245435f4a756c31395f4a756c3230223b613a31313a7b733a373a226974656d5f6964223b733a333a22313133223b733a31313a226974656d5f737461747573223b733a313a224e223b733a373a227061795f646179223b733a313a2232223b733a363a226361745f6964223b733a313a2234223b733a31343a2263757272656e745f6361745f6964223b733a313a2234223b733a383a226361745f6e616d65223b733a393a22526563757272696e67223b733a373a22616363745f6964223b733a313a2237223b733a393a22616363745f6e616d65223b733a363a225342495f4f44223b733a31313a226578705f64657461696c73223b613a373a7b693a303b613a363a7b733a383a226d6f6e74685f6e6f223b733a323a223031223b733a31303a226d6f6e74685f6e616d65223b733a333a224a616e223b733a343a2279656172223b733a343a2232303139223b733a373a226578705f616d74223b643a303b733a383a226465706f5f616d74223b643a303b733a383a226578705f61636374223b733a363a225342495f4f44223b7d693a313b613a363a7b733a383a226d6f6e74685f6e6f223b733a323a223032223b733a31303a226d6f6e74685f6e616d65223b733a333a22466562223b733a343a2279656172223b733a343a2232303139223b733a373a226578705f616d74223b643a303b733a383a226465706f5f616d74223b643a303b733a383a226578705f61636374223b733a363a225342495f4f44223b7d693a323b613a363a7b733a383a226d6f6e74685f6e6f223b733a323a223033223b733a31303a226d6f6e74685f6e616d65223b733a333a224d6172223b733a343a2279656172223b733a343a2232303139223b733a373a226578705f616d74223b643a303b733a383a226465706f5f616d74223b643a303b733a383a226578705f61636374223b733a363a225342495f4f44223b7d693a333b613a363a7b733a383a226d6f6e74685f6e6f223b733a323a223034223b733a31303a226d6f6e74685f6e616d65223b733a333a22417072223b733a343a2279656172223b733a343a2232303139223b733a373a226578705f616d74223b643a303b733a383a226465706f5f616d74223b643a303b733a383a226578705f61636374223b733a363a225342495f4f44223b7d693a343b613a363a7b733a383a226d6f6e74685f6e6f223b733a323a223035223b733a31303a226d6f6e74685f6e616d65223b733a333a224d6179223b733a343a2279656172223b733a343a2232303139223b733a373a226578705f616d74223b643a303b733a383a226465706f5f616d74223b643a303b733a383a226578705f61636374223b733a363a225342495f4f44223b7d693a353b613a363a7b733a383a226d6f6e74685f6e6f223b733a323a223036223b733a31303a226d6f6e74685f6e616d65223b733a333a224a756e223b733a343a2279656172223b733a343a2232303139223b733a373a226578705f616d74223b643a303b733a383a226465706f5f616d74223b643a303b733a383a226578705f61636374223b733a363a225342495f4f44223b7d693a363b613a363a7b733a383a226d6f6e74685f6e6f223b733a323a223037223b733a31303a226d6f6e74685f6e616d65223b733a333a224a756c223b733a343a2279656172223b733a343a2232303139223b733a373a226578705f616d74223b733a373a22343530302e3030223b733a383a226465706f5f616d74223b733a373a22343530302e3030223b733a383a226578705f61636374223b733a363a225342495f4f44223b7d7d733a383a2262675f636f6c6f72223b733a373a2223463345324139223b733a31303a22666f6e745f636f6c6f72223b733a343a2223303030223b7d733a32323a225342495f4f44205245435f4a756e31395f4a756e3230223b613a31313a7b733a373a226974656d5f6964223b733a333a22313038223b733a31313a226974656d5f737461747573223b733a313a224e223b733a373a227061795f646179223b733a313a2231223b733a363a226361745f6964223b733a313a2234223b733a31343a2263757272656e745f6361745f6964223b733a313a2234223b733a383a226361745f6e616d65223b733a393a22526563757272696e67223b733a373a22616363745f6964223b733a313a2237223b733a393a22616363745f6e616d65223b733a363a225342495f4f44223b733a31313a226578705f64657461696c73223b613a373a7b693a303b613a363a7b733a383a226d6f6e74685f6e6f223b733a323a223031223b733a31303a226d6f6e74685f6e616d65223b733a333a224a616e223b733a343a2279656172223b733a343a2232303139223b733a373a226578705f616d74223b643a303b733a383a226465706f5f616d74223b643a303b733a383a226578705f61636374223b733a363a225342495f4f44223b7d693a313b613a363a7b733a383a226d6f6e74685f6e6f223b733a323a223032223b733a31303a226d6f6e74685f6e616d65223b733a333a22466562223b733a343a2279656172223b733a343a2232303139223b733a373a226578705f616d74223b643a303b733a383a226465706f5f616d74223b643a303b733a383a226578705f61636374223b733a363a225342495f4f44223b7d693a323b613a363a7b733a383a226d6f6e74685f6e6f223b733a323a223033223b733a31303a226d6f6e74685f6e616d65223b733a333a224d6172223b733a343a2279656172223b733a343a2232303139223b733a373a226578705f616d74223b643a303b733a383a226465706f5f616d74223b643a303b733a383a226578705f61636374223b733a363a225342495f4f44223b7d693a333b613a363a7b733a383a226d6f6e74685f6e6f223b733a323a223034223b733a31303a226d6f6e74685f6e616d65223b733a333a22417072223b733a343a2279656172223b733a343a2232303139223b733a373a226578705f616d74223b643a303b733a383a226465706f5f616d74223b643a303b733a383a226578705f61636374223b733a363a225342495f4f44223b7d693a343b613a363a7b733a383a226d6f6e74685f6e6f223b733a323a223035223b733a31303a226d6f6e74685f6e616d65223b733a333a224d6179223b733a343a2279656172223b733a343a2232303139223b733a373a226578705f616d74223b643a303b733a383a226465706f5f616d74223b643a303b733a383a226578705f61636374223b733a363a225342495f4f44223b7d693a353b613a363a7b733a383a226d6f6e74685f6e6f223b733a323a223036223b733a31303a226d6f6e74685f6e616d65223b733a333a224a756e223b733a343a2279656172223b733a343a2232303139223b733a373a226578705f616d74223b733a373a22343530302e3030223b733a383a226465706f5f616d74223b733a373a22343530302e3030223b733a383a226578705f61636374223b733a363a225342495f4f44223b7d693a363b613a363a7b733a383a226d6f6e74685f6e6f223b733a323a223037223b733a31303a226d6f6e74685f6e616d65223b733a333a224a756c223b733a343a2279656172223b733a343a2232303139223b733a373a226578705f616d74223b733a373a22343530302e3030223b733a383a226465706f5f616d74223b733a373a22343530302e3030223b733a383a226578705f61636374223b733a363a225342495f4f44223b7d7d733a383a2262675f636f6c6f72223b733a373a2223463345324139223b733a31303a22666f6e745f636f6c6f72223b733a343a2223303030223b7d733a32323a225342495f4f44205245435f4d617231395f4d61723230223b613a31313a7b733a373a226974656d5f6964223b733a333a22313033223b733a31313a226974656d5f737461747573223b733a313a224e223b733a373a227061795f646179223b733a313a2232223b733a363a226361745f6964223b733a313a2234223b733a31343a2263757272656e745f6361745f6964223b733a313a2234223b733a383a226361745f6e616d65223b733a393a22526563757272696e67223b733a373a22616363745f6964223b733a313a2237223b733a393a22616363745f6e616d65223b733a363a225342495f4f44223b733a31313a226578705f64657461696c73223b613a373a7b693a303b613a363a7b733a383a226d6f6e74685f6e6f223b733a323a223031223b733a31303a226d6f6e74685f6e616d65223b733a333a224a616e223b733a343a2279656172223b733a343a2232303139223b733a373a226578705f616d74223b643a303b733a383a226465706f5f616d74223b643a303b733a383a226578705f61636374223b733a363a225342495f4f44223b7d693a313b613a363a7b733a383a226d6f6e74685f6e6f223b733a323a223032223b733a31303a226d6f6e74685f6e616d65223b733a333a22466562223b733a343a2279656172223b733a343a2232303139223b733a373a226578705f616d74223b643a303b733a383a226465706f5f616d74223b643a303b733a383a226578705f61636374223b733a363a225342495f4f44223b7d693a323b613a363a7b733a383a226d6f6e74685f6e6f223b733a323a223033223b733a31303a226d6f6e74685f6e616d65223b733a333a224d6172223b733a343a2279656172223b733a343a2232303139223b733a373a226578705f616d74223b733a373a22343530302e3030223b733a383a226465706f5f616d74223b733a373a22343530302e3030223b733a383a226578705f61636374223b733a363a225342495f4f44223b7d693a333b613a363a7b733a383a226d6f6e74685f6e6f223b733a323a223034223b733a31303a226d6f6e74685f6e616d65223b733a333a22417072223b733a343a2279656172223b733a343a2232303139223b733a373a226578705f616d74223b733a373a22343530302e3030223b733a383a226465706f5f616d74223b733a373a22343530302e3030223b733a383a226578705f61636374223b733a363a225342495f4f44223b7d693a343b613a363a7b733a383a226d6f6e74685f6e6f223b733a323a223035223b733a31303a226d6f6e74685f6e616d65223b733a333a224d6179223b733a343a2279656172223b733a343a2232303139223b733a373a226578705f616d74223b733a373a22343530302e3030223b733a383a226465706f5f616d74223b733a373a22343530302e3030223b733a383a226578705f61636374223b733a363a225342495f4f44223b7d693a353b613a363a7b733a383a226d6f6e74685f6e6f223b733a323a223036223b733a31303a226d6f6e74685f6e616d65223b733a333a224a756e223b733a343a2279656172223b733a343a2232303139223b733a373a226578705f616d74223b733a373a22343530302e3030223b733a383a226465706f5f616d74223b733a373a22343530302e3030223b733a383a226578705f61636374223b733a363a225342495f4f44223b7d693a363b613a363a7b733a383a226d6f6e74685f6e6f223b733a323a223037223b733a31303a226d6f6e74685f6e616d65223b733a333a224a756c223b733a343a2279656172223b733a343a2232303139223b733a373a226578705f616d74223b733a373a22343530302e3030223b733a383a226465706f5f616d74223b733a373a22343530302e3030223b733a383a226578705f61636374223b733a363a225342495f4f44223b7d7d733a383a2262675f636f6c6f72223b733a373a2223463345324139223b733a31303a22666f6e745f636f6c6f72223b733a343a2223303030223b7d733a32323a225342495f4f44205245435f4d617931395f4d61793230223b613a31313a7b733a373a226974656d5f6964223b733a333a22313036223b733a31313a226974656d5f737461747573223b733a313a224e223b733a373a227061795f646179223b733a313a2232223b733a363a226361745f6964223b733a313a2234223b733a31343a2263757272656e745f6361745f6964223b733a313a2234223b733a383a226361745f6e616d65223b733a393a22526563757272696e67223b733a373a22616363745f6964223b733a313a2237223b733a393a22616363745f6e616d65223b733a363a225342495f4f44223b733a31313a226578705f64657461696c73223b613a373a7b693a303b613a363a7b733a383a226d6f6e74685f6e6f223b733a323a223031223b733a31303a226d6f6e74685f6e616d65223b733a333a224a616e223b733a343a2279656172223b733a343a2232303139223b733a373a226578705f616d74223b643a303b733a383a226465706f5f616d74223b643a303b733a383a226578705f61636374223b733a363a225342495f4f44223b7d693a313b613a363a7b733a383a226d6f6e74685f6e6f223b733a323a223032223b733a31303a226d6f6e74685f6e616d65223b733a333a22466562223b733a343a2279656172223b733a343a2232303139223b733a373a226578705f616d74223b643a303b733a383a226465706f5f616d74223b643a303b733a383a226578705f61636374223b733a363a225342495f4f44223b7d693a323b613a363a7b733a383a226d6f6e74685f6e6f223b733a323a223033223b733a31303a226d6f6e74685f6e616d65223b733a333a224d6172223b733a343a2279656172223b733a343a2232303139223b733a373a226578705f616d74223b643a303b733a383a226465706f5f616d74223b643a303b733a383a226578705f61636374223b733a363a225342495f4f44223b7d693a333b613a363a7b733a383a226d6f6e74685f6e6f223b733a323a223034223b733a31303a226d6f6e74685f6e616d65223b733a333a22417072223b733a343a2279656172223b733a343a2232303139223b733a373a226578705f616d74223b643a303b733a383a226465706f5f616d74223b643a303b733a383a226578705f61636374223b733a363a225342495f4f44223b7d693a343b613a363a7b733a383a226d6f6e74685f6e6f223b733a323a223035223b733a31303a226d6f6e74685f6e616d65223b733a333a224d6179223b733a343a2279656172223b733a343a2232303139223b733a373a226578705f616d74223b733a373a22343530302e3030223b733a383a226465706f5f616d74223b733a373a22343530302e3030223b733a383a226578705f61636374223b733a363a225342495f4f44223b7d693a353b613a363a7b733a383a226d6f6e74685f6e6f223b733a323a223036223b733a31303a226d6f6e74685f6e616d65223b733a333a224a756e223b733a343a2279656172223b733a343a2232303139223b733a373a226578705f616d74223b733a373a22343530302e3030223b733a383a226465706f5f616d74223b733a373a22343530302e3030223b733a383a226578705f61636374223b733a363a225342495f4f44223b7d693a363b613a363a7b733a383a226d6f6e74685f6e6f223b733a323a223037223b733a31303a226d6f6e74685f6e616d65223b733a333a224a756c223b733a343a2279656172223b733a343a2232303139223b733a373a226578705f616d74223b733a373a22343530302e3030223b733a383a226465706f5f616d74223b733a373a22343530302e3030223b733a383a226578705f61636374223b733a363a225342495f4f44223b7d7d733a383a2262675f636f6c6f72223b733a373a2223463345324139223b733a31303a22666f6e745f636f6c6f72223b733a343a2223303030223b7d733a32323a225342495f4f44205245435f4e6f7631385f4e6f763139223b613a31313a7b733a373a226974656d5f6964223b733a323a223631223b733a31313a226974656d5f737461747573223b733a313a224e223b733a373a227061795f646179223b733a313a2233223b733a363a226361745f6964223b733a313a2234223b733a31343a2263757272656e745f6361745f6964223b733a313a2234223b733a383a226361745f6e616d65223b733a393a22526563757272696e67223b733a373a22616363745f6964223b733a313a2237223b733a393a22616363745f6e616d65223b733a363a225342495f4f44223b733a31313a226578705f64657461696c73223b613a373a7b693a303b613a363a7b733a383a226d6f6e74685f6e6f223b733a323a223031223b733a31303a226d6f6e74685f6e616d65223b733a333a224a616e223b733a343a2279656172223b733a343a2232303139223b733a373a226578705f616d74223b733a373a22333030302e3030223b733a383a226465706f5f616d74223b733a373a22333030302e3030223b733a383a226578705f61636374223b733a363a225342495f4f44223b7d693a313b613a363a7b733a383a226d6f6e74685f6e6f223b733a323a223032223b733a31303a226d6f6e74685f6e616d65223b733a333a22466562223b733a343a2279656172223b733a343a2232303139223b733a373a226578705f616d74223b733a373a22333030302e3030223b733a383a226465706f5f616d74223b733a373a22333030302e3030223b733a383a226578705f61636374223b733a363a225342495f4f44223b7d693a323b613a363a7b733a383a226d6f6e74685f6e6f223b733a323a223033223b733a31303a226d6f6e74685f6e616d65223b733a333a224d6172223b733a343a2279656172223b733a343a2232303139223b733a373a226578705f616d74223b733a373a22333030302e3030223b733a383a226465706f5f616d74223b733a373a22333030302e3030223b733a383a226578705f61636374223b733a363a225342495f4f44223b7d693a333b613a363a7b733a383a226d6f6e74685f6e6f223b733a323a223034223b733a31303a226d6f6e74685f6e616d65223b733a333a22417072223b733a343a2279656172223b733a343a2232303139223b733a373a226578705f616d74223b733a373a22333030302e3030223b733a383a226465706f5f616d74223b733a373a22333030302e3030223b733a383a226578705f61636374223b733a363a225342495f4f44223b7d693a343b613a363a7b733a383a226d6f6e74685f6e6f223b733a323a223035223b733a31303a226d6f6e74685f6e616d65223b733a333a224d6179223b733a343a2279656172223b733a343a2232303139223b733a373a226578705f616d74223b733a373a22333030302e3030223b733a383a226465706f5f616d74223b733a373a22333030302e3030223b733a383a226578705f61636374223b733a363a225342495f4f44223b7d693a353b613a363a7b733a383a226d6f6e74685f6e6f223b733a323a223036223b733a31303a226d6f6e74685f6e616d65223b733a333a224a756e223b733a343a2279656172223b733a343a2232303139223b733a373a226578705f616d74223b733a373a22333030302e3030223b733a383a226465706f5f616d74223b733a373a22333030302e3030223b733a383a226578705f61636374223b733a363a225342495f4f44223b7d693a363b613a363a7b733a383a226d6f6e74685f6e6f223b733a323a223037223b733a31303a226d6f6e74685f6e616d65223b733a333a224a756c223b733a343a2279656172223b733a343a2232303139223b733a373a226578705f616d74223b733a373a22333030302e3030223b733a383a226465706f5f616d74223b733a373a22333030302e3030223b733a383a226578705f61636374223b733a363a225342495f4f44223b7d7d733a383a2262675f636f6c6f72223b733a373a2223463345324139223b733a31303a22666f6e745f636f6c6f72223b733a343a2223303030223b7d7d, 1),
(363, 'sqlmodel::_get_item_list_by_category', '0.102348', '0.140842', ' << getExpForCategoryByItemsMonthly << showExpForCategoryByItemsMonthly', 'SELECT i.ID,i.EXP_ITEM_NAME,c.EXP_ITEM_CAT as cat_name, c.ID as cat_id \r\n		FROM ec_expenditure AS e, ec_items as i, ec_items_cat as c     \r\n		WHERE e.exp_item_id = i.ID \r\n		AND i.EXP_ITEM_CAT_ID = c.ID AND c.ID = 4 AND i.ACTIVE = ''Y'' \r\n			AND i.USER_ID = 1\r\n			GROUP BY i.EXP_ITEM_NAME \r\n			ORDER BY i.EXP_ITEM_NAME ASC', 0x613a31323a7b693a303b613a353a7b733a323a224944223b733a323a223933223b733a31333a224558505f4954454d5f4e414d45223b733a32303a2248444643205245435f46656231395f4665623230223b733a383a226361745f6e616d65223b733a393a22526563757272696e67223b733a363a226361745f6964223b733a313a2234223b733a353a22736c5f6e6f223b693a313b7d693a313b613a353a7b733a323a224944223b733a323a223832223b733a31333a224558505f4954454d5f4e414d45223b733a32303a2248444643205245435f4a616e31395f4a616e3230223b733a383a226361745f6e616d65223b733a393a22526563757272696e67223b733a363a226361745f6964223b733a313a2234223b733a353a22736c5f6e6f223b693a323b7d693a323b613a353a7b733a323a224944223b733a333a22313132223b733a31333a224558505f4954454d5f4e414d45223b733a32313a224943494349205245435f4a756e31395f4465633139223b733a383a226361745f6e616d65223b733a393a22526563757272696e67223b733a363a226361745f6964223b733a313a2234223b733a353a22736c5f6e6f223b693a333b7d693a333b613a353a7b733a323a224944223b733a323a223231223b733a31333a224558505f4954454d5f4e414d45223b733a32353a2249434943495f52494e205245435f41756731385f4175673139223b733a383a226361745f6e616d65223b733a393a22526563757272696e67223b733a363a226361745f6964223b733a313a2234223b733a353a22736c5f6e6f223b693a343b7d693a343b613a353a7b733a323a224944223b733a333a22313035223b733a31333a224558505f4954454d5f4e414d45223b733a32373a2249434943495f52494e205245435f535f41707231395f4170723230223b733a383a226361745f6e616d65223b733a393a22526563757272696e67223b733a363a226361745f6964223b733a313a2234223b733a353a22736c5f6e6f223b693a353b7d693a353b613a353a7b733a323a224944223b733a323a223338223b733a31333a224558505f4954454d5f4e414d45223b733a31393a22534249205245435f53657031385f5365703139223b733a383a226361745f6e616d65223b733a393a22526563757272696e67223b733a363a226361745f6964223b733a313a2234223b733a353a22736c5f6e6f223b693a363b7d693a363b613a353a7b733a323a224944223b733a333a22313034223b733a31333a224558505f4954454d5f4e414d45223b733a32323a225342495f4f44205245435f41707231395f4170723230223b733a383a226361745f6e616d65223b733a393a22526563757272696e67223b733a363a226361745f6964223b733a313a2234223b733a353a22736c5f6e6f223b693a373b7d693a373b613a353a7b733a323a224944223b733a333a22313133223b733a31333a224558505f4954454d5f4e414d45223b733a32323a225342495f4f44205245435f4a756c31395f4a756c3230223b733a383a226361745f6e616d65223b733a393a22526563757272696e67223b733a363a226361745f6964223b733a313a2234223b733a353a22736c5f6e6f223b693a383b7d693a383b613a353a7b733a323a224944223b733a333a22313038223b733a31333a224558505f4954454d5f4e414d45223b733a32323a225342495f4f44205245435f4a756e31395f4a756e3230223b733a383a226361745f6e616d65223b733a393a22526563757272696e67223b733a363a226361745f6964223b733a313a2234223b733a353a22736c5f6e6f223b693a393b7d693a393b613a353a7b733a323a224944223b733a333a22313033223b733a31333a224558505f4954454d5f4e414d45223b733a32323a225342495f4f44205245435f4d617231395f4d61723230223b733a383a226361745f6e616d65223b733a393a22526563757272696e67223b733a363a226361745f6964223b733a313a2234223b733a353a22736c5f6e6f223b693a31303b7d693a31303b613a353a7b733a323a224944223b733a333a22313036223b733a31333a224558505f4954454d5f4e414d45223b733a32323a225342495f4f44205245435f4d617931395f4d61793230223b733a383a226361745f6e616d65223b733a393a22526563757272696e67223b733a363a226361745f6964223b733a313a2234223b733a353a22736c5f6e6f223b693a31313b7d693a31313b613a353a7b733a323a224944223b733a323a223631223b733a31333a224558505f4954454d5f4e414d45223b733a32323a225342495f4f44205245435f4e6f7631385f4e6f763139223b733a383a226361745f6e616d65223b733a393a22526563757272696e67223b733a363a226361745f6964223b733a313a2234223b733a353a22736c5f6e6f223b693a31323b7d7d, 1),
(364, 'sqlmodel::_get_list_of_months_by_exp_type_expenditure', '0.140864', '0.15183', ' << getExpForCategoryByItemsMonthly << showExpForCategoryByItemsMonthly', 'SELECT m.MONTH_NUMBER, m.MONTH_SHORT_NAME, year(e.EXP_DATE) AS MONTH_YEAR  \r\n			FROM  ec_months AS m, ec_expenditure AS e, ec_items_cat as ic, ec_items as i    \r\n			WHERE month(e.EXP_DATE) = m.MONTH_NUMBER \r\n			AND e.exp_item_id = i.ID \r\n			AND i.EXP_ITEM_CAT_ID = ic.ID \r\n			AND i.USER_ID = 1 AND year(e.EXP_DATE) = 2019 GROUP BY month(e.EXP_DATE),year(e.EXP_DATE) \r\n			ORDER BY year(e.EXP_DATE),month(e.EXP_DATE)', 0x613a313a7b693a303b613a373a7b693a303b613a333a7b733a343a2279656172223b733a343a2232303139223b733a31323a226d6f6e74685f6e756d626572223b733a323a223031223b733a31303a226d6f6e74685f6e616d65223b733a333a224a616e223b7d693a313b613a333a7b733a343a2279656172223b733a343a2232303139223b733a31323a226d6f6e74685f6e756d626572223b733a323a223032223b733a31303a226d6f6e74685f6e616d65223b733a333a22466562223b7d693a323b613a333a7b733a343a2279656172223b733a343a2232303139223b733a31323a226d6f6e74685f6e756d626572223b733a323a223033223b733a31303a226d6f6e74685f6e616d65223b733a333a224d6172223b7d693a333b613a333a7b733a343a2279656172223b733a343a2232303139223b733a31323a226d6f6e74685f6e756d626572223b733a323a223034223b733a31303a226d6f6e74685f6e616d65223b733a333a22417072223b7d693a343b613a333a7b733a343a2279656172223b733a343a2232303139223b733a31323a226d6f6e74685f6e756d626572223b733a323a223035223b733a31303a226d6f6e74685f6e616d65223b733a333a224d6179223b7d693a353b613a333a7b733a343a2279656172223b733a343a2232303139223b733a31323a226d6f6e74685f6e756d626572223b733a323a223036223b733a31303a226d6f6e74685f6e616d65223b733a333a224a756e223b7d693a363b613a333a7b733a343a2279656172223b733a343a2232303139223b733a31323a226d6f6e74685f6e756d626572223b733a323a223037223b733a31303a226d6f6e74685f6e616d65223b733a333a224a756c223b7d7d7d, 1),
(365, 'sqlmodel::_get_account_info_by_item_id', '0.151847', '0.152085', ' << getExpForCategoryByItemsMonthly << showExpForCategoryByItemsMonthly', 'SELECT a.ID as acct_id,a.EXP_ACCOUNT as acct_name,i.EXP_ITEM_NAME  \r\n		FROM ec_items as i, ec_accounts as a  \r\n		WHERE i.EXP_ACCOUNT_ID = a.ID \r\n		AND i.id = 93', 0x613a313a7b693a303b613a343a7b733a373a22616363745f6964223b733a313a2236223b733a393a22616363745f6e616d65223b733a343a2248444643223b733a31333a224558505f4954454d5f4e414d45223b733a32303a2248444643205245435f46656231395f4665623230223b733a353a22736c5f6e6f223b693a313b7d7d, 1),
(366, 'sqlmodel::_get_color_code', '0.152102', '0.152945', ' << getExpForCategoryByItemsMonthly << showExpForCategoryByItemsMonthly', 'SELECT a.COLOR_CODE_ID, c.BG_COLOR,c.FONT_COLOR \r\n		FROM ec_accounts AS a, ec_color_code AS c  \r\n		WHERE a.USER_ID = 1\r\n		AND c.USER_ID = 1 		\r\n		AND c.ID = a.COLOR_CODE_ID  AND a.ID = 6', 0x613a313a7b693a303b613a343a7b733a31333a22434f4c4f525f434f44455f4944223b733a313a2236223b733a383a2242475f434f4c4f52223b733a373a2223413946354243223b733a31303a22464f4e545f434f4c4f52223b733a343a2223303030223b733a353a22736c5f6e6f223b693a313b7d7d, 1),
(367, 'sqlmodel::_get_account_info_by_item_id', '0.152963', '0.153258', ' << getExpForCategoryByItemsMonthly << showExpForCategoryByItemsMonthly', 'SELECT a.ID as acct_id,a.EXP_ACCOUNT as acct_name,i.EXP_ITEM_NAME  \r\n		FROM ec_items as i, ec_accounts as a  \r\n		WHERE i.EXP_ACCOUNT_ID = a.ID \r\n		AND i.id = 82', 0x613a313a7b693a303b613a343a7b733a373a22616363745f6964223b733a313a2236223b733a393a22616363745f6e616d65223b733a343a2248444643223b733a31333a224558505f4954454d5f4e414d45223b733a32303a2248444643205245435f4a616e31395f4a616e3230223b733a353a22736c5f6e6f223b693a313b7d7d, 1),
(368, 'sqlmodel::_get_color_code', '0.153273', '0.154008', ' << getExpForCategoryByItemsMonthly << showExpForCategoryByItemsMonthly', 'SELECT a.COLOR_CODE_ID, c.BG_COLOR,c.FONT_COLOR \r\n		FROM ec_accounts AS a, ec_color_code AS c  \r\n		WHERE a.USER_ID = 1\r\n		AND c.USER_ID = 1 		\r\n		AND c.ID = a.COLOR_CODE_ID  AND a.ID = 6', 0x613a313a7b693a303b613a343a7b733a31333a22434f4c4f525f434f44455f4944223b733a313a2236223b733a383a2242475f434f4c4f52223b733a373a2223413946354243223b733a31303a22464f4e545f434f4c4f52223b733a343a2223303030223b733a353a22736c5f6e6f223b693a313b7d7d, 1),
(369, 'sqlmodel::_get_account_info_by_item_id', '0.154032', '0.154323', ' << getExpForCategoryByItemsMonthly << showExpForCategoryByItemsMonthly', 'SELECT a.ID as acct_id,a.EXP_ACCOUNT as acct_name,i.EXP_ITEM_NAME  \r\n		FROM ec_items as i, ec_accounts as a  \r\n		WHERE i.EXP_ACCOUNT_ID = a.ID \r\n		AND i.id = 112', 0x613a313a7b693a303b613a343a7b733a373a22616363745f6964223b733a313a2233223b733a393a22616363745f6e616d65223b733a353a224943494349223b733a31333a224558505f4954454d5f4e414d45223b733a32313a224943494349205245435f4a756e31395f4465633139223b733a353a22736c5f6e6f223b693a313b7d7d, 1),
(370, 'sqlmodel::_get_color_code', '0.154338', '0.155081', ' << getExpForCategoryByItemsMonthly << showExpForCategoryByItemsMonthly', 'SELECT a.COLOR_CODE_ID, c.BG_COLOR,c.FONT_COLOR \r\n		FROM ec_accounts AS a, ec_color_code AS c  \r\n		WHERE a.USER_ID = 1\r\n		AND c.USER_ID = 1 		\r\n		AND c.ID = a.COLOR_CODE_ID  AND a.ID = 3', 0x613a313a7b693a303b613a343a7b733a31333a22434f4c4f525f434f44455f4944223b733a313a2233223b733a383a2242475f434f4c4f52223b733a373a2223413946354632223b733a31303a22464f4e545f434f4c4f52223b733a343a2223303030223b733a353a22736c5f6e6f223b693a313b7d7d, 1),
(371, 'sqlmodel::_get_account_info_by_item_id', '0.155097', '0.155346', ' << getExpForCategoryByItemsMonthly << showExpForCategoryByItemsMonthly', 'SELECT a.ID as acct_id,a.EXP_ACCOUNT as acct_name,i.EXP_ITEM_NAME  \r\n		FROM ec_items as i, ec_accounts as a  \r\n		WHERE i.EXP_ACCOUNT_ID = a.ID \r\n		AND i.id = 21', 0x613a313a7b693a303b613a343a7b733a373a22616363745f6964223b733a313a2232223b733a393a22616363745f6e616d65223b733a393a2249434943495f52494e223b733a31333a224558505f4954454d5f4e414d45223b733a32353a2249434943495f52494e205245435f41756731385f4175673139223b733a353a22736c5f6e6f223b693a313b7d7d, 1),
(372, 'sqlmodel::_get_color_code', '0.155363', '0.1561', ' << getExpForCategoryByItemsMonthly << showExpForCategoryByItemsMonthly', 'SELECT a.COLOR_CODE_ID, c.BG_COLOR,c.FONT_COLOR \r\n		FROM ec_accounts AS a, ec_color_code AS c  \r\n		WHERE a.USER_ID = 1\r\n		AND c.USER_ID = 1 		\r\n		AND c.ID = a.COLOR_CODE_ID  AND a.ID = 2', 0x613a313a7b693a303b613a343a7b733a31333a22434f4c4f525f434f44455f4944223b733a313a2232223b733a383a2242475f434f4c4f52223b733a373a2223454346364345223b733a31303a22464f4e545f434f4c4f52223b733a343a2223303030223b733a353a22736c5f6e6f223b693a313b7d7d, 1),
(373, 'sqlmodel::_get_account_info_by_item_id', '0.156125', '0.15657', ' << getExpForCategoryByItemsMonthly << showExpForCategoryByItemsMonthly', 'SELECT a.ID as acct_id,a.EXP_ACCOUNT as acct_name,i.EXP_ITEM_NAME  \r\n		FROM ec_items as i, ec_accounts as a  \r\n		WHERE i.EXP_ACCOUNT_ID = a.ID \r\n		AND i.id = 105', 0x613a313a7b693a303b613a343a7b733a373a22616363745f6964223b733a313a2232223b733a393a22616363745f6e616d65223b733a393a2249434943495f52494e223b733a31333a224558505f4954454d5f4e414d45223b733a32373a2249434943495f52494e205245435f535f41707231395f4170723230223b733a353a22736c5f6e6f223b693a313b7d7d, 1),
(374, 'sqlmodel::_get_color_code', '0.156597', '0.157475', ' << getExpForCategoryByItemsMonthly << showExpForCategoryByItemsMonthly', 'SELECT a.COLOR_CODE_ID, c.BG_COLOR,c.FONT_COLOR \r\n		FROM ec_accounts AS a, ec_color_code AS c  \r\n		WHERE a.USER_ID = 1\r\n		AND c.USER_ID = 1 		\r\n		AND c.ID = a.COLOR_CODE_ID  AND a.ID = 2', 0x613a313a7b693a303b613a343a7b733a31333a22434f4c4f525f434f44455f4944223b733a313a2232223b733a383a2242475f434f4c4f52223b733a373a2223454346364345223b733a31303a22464f4e545f434f4c4f52223b733a343a2223303030223b733a353a22736c5f6e6f223b693a313b7d7d, 1),
(375, 'sqlmodel::_get_account_info_by_item_id', '0.157492', '0.157802', ' << getExpForCategoryByItemsMonthly << showExpForCategoryByItemsMonthly', 'SELECT a.ID as acct_id,a.EXP_ACCOUNT as acct_name,i.EXP_ITEM_NAME  \r\n		FROM ec_items as i, ec_accounts as a  \r\n		WHERE i.EXP_ACCOUNT_ID = a.ID \r\n		AND i.id = 38', 0x613a313a7b693a303b613a343a7b733a373a22616363745f6964223b733a313a2234223b733a393a22616363745f6e616d65223b733a333a22534249223b733a31333a224558505f4954454d5f4e414d45223b733a31393a22534249205245435f53657031385f5365703139223b733a353a22736c5f6e6f223b693a313b7d7d, 1),
(376, 'sqlmodel::_get_color_code', '0.157817', '0.158409', ' << getExpForCategoryByItemsMonthly << showExpForCategoryByItemsMonthly', 'SELECT a.COLOR_CODE_ID, c.BG_COLOR,c.FONT_COLOR \r\n		FROM ec_accounts AS a, ec_color_code AS c  \r\n		WHERE a.USER_ID = 1\r\n		AND c.USER_ID = 1 		\r\n		AND c.ID = a.COLOR_CODE_ID  AND a.ID = 4', 0x613a313a7b693a303b613a343a7b733a31333a22434f4c4f525f434f44455f4944223b733a313a2234223b733a383a2242475f434f4c4f52223b733a373a2223463644384345223b733a31303a22464f4e545f434f4c4f52223b733a343a2223303030223b733a353a22736c5f6e6f223b693a313b7d7d, 1),
(377, 'sqlmodel::_get_account_info_by_item_id', '0.158426', '0.158632', ' << getExpForCategoryByItemsMonthly << showExpForCategoryByItemsMonthly', 'SELECT a.ID as acct_id,a.EXP_ACCOUNT as acct_name,i.EXP_ITEM_NAME  \r\n		FROM ec_items as i, ec_accounts as a  \r\n		WHERE i.EXP_ACCOUNT_ID = a.ID \r\n		AND i.id = 104', 0x613a313a7b693a303b613a343a7b733a373a22616363745f6964223b733a313a2237223b733a393a22616363745f6e616d65223b733a363a225342495f4f44223b733a31333a224558505f4954454d5f4e414d45223b733a32323a225342495f4f44205245435f41707231395f4170723230223b733a353a22736c5f6e6f223b693a313b7d7d, 1),
(378, 'sqlmodel::_get_color_code', '0.158647', '0.159209', ' << getExpForCategoryByItemsMonthly << showExpForCategoryByItemsMonthly', 'SELECT a.COLOR_CODE_ID, c.BG_COLOR,c.FONT_COLOR \r\n		FROM ec_accounts AS a, ec_color_code AS c  \r\n		WHERE a.USER_ID = 1\r\n		AND c.USER_ID = 1 		\r\n		AND c.ID = a.COLOR_CODE_ID  AND a.ID = 7', 0x613a313a7b693a303b613a343a7b733a31333a22434f4c4f525f434f44455f4944223b733a313a2237223b733a383a2242475f434f4c4f52223b733a373a2223463345324139223b733a31303a22464f4e545f434f4c4f52223b733a343a2223303030223b733a353a22736c5f6e6f223b693a313b7d7d, 1),
(379, 'sqlmodel::_get_account_info_by_item_id', '0.159225', '0.159466', ' << getExpForCategoryByItemsMonthly << showExpForCategoryByItemsMonthly', 'SELECT a.ID as acct_id,a.EXP_ACCOUNT as acct_name,i.EXP_ITEM_NAME  \r\n		FROM ec_items as i, ec_accounts as a  \r\n		WHERE i.EXP_ACCOUNT_ID = a.ID \r\n		AND i.id = 113', 0x613a313a7b693a303b613a343a7b733a373a22616363745f6964223b733a313a2237223b733a393a22616363745f6e616d65223b733a363a225342495f4f44223b733a31333a224558505f4954454d5f4e414d45223b733a32323a225342495f4f44205245435f4a756c31395f4a756c3230223b733a353a22736c5f6e6f223b693a313b7d7d, 1);
INSERT INTO `ec_debug` (`ID`, `FUNC_NAME`, `START_TIME`, `END_TIME`, `CALL_BY`, `QUERY_STR`, `QUERY_RESULT`, `USER_ID`) VALUES
(380, 'sqlmodel::_get_color_code', '0.159485', '0.160072', ' << getExpForCategoryByItemsMonthly << showExpForCategoryByItemsMonthly', 'SELECT a.COLOR_CODE_ID, c.BG_COLOR,c.FONT_COLOR \r\n		FROM ec_accounts AS a, ec_color_code AS c  \r\n		WHERE a.USER_ID = 1\r\n		AND c.USER_ID = 1 		\r\n		AND c.ID = a.COLOR_CODE_ID  AND a.ID = 7', 0x613a313a7b693a303b613a343a7b733a31333a22434f4c4f525f434f44455f4944223b733a313a2237223b733a383a2242475f434f4c4f52223b733a373a2223463345324139223b733a31303a22464f4e545f434f4c4f52223b733a343a2223303030223b733a353a22736c5f6e6f223b693a313b7d7d, 1),
(381, 'sqlmodel::_get_account_info_by_item_id', '0.16009', '0.160379', ' << getExpForCategoryByItemsMonthly << showExpForCategoryByItemsMonthly', 'SELECT a.ID as acct_id,a.EXP_ACCOUNT as acct_name,i.EXP_ITEM_NAME  \r\n		FROM ec_items as i, ec_accounts as a  \r\n		WHERE i.EXP_ACCOUNT_ID = a.ID \r\n		AND i.id = 108', 0x613a313a7b693a303b613a343a7b733a373a22616363745f6964223b733a313a2237223b733a393a22616363745f6e616d65223b733a363a225342495f4f44223b733a31333a224558505f4954454d5f4e414d45223b733a32323a225342495f4f44205245435f4a756e31395f4a756e3230223b733a353a22736c5f6e6f223b693a313b7d7d, 1),
(382, 'sqlmodel::_get_color_code', '0.160394', '0.161138', ' << getExpForCategoryByItemsMonthly << showExpForCategoryByItemsMonthly', 'SELECT a.COLOR_CODE_ID, c.BG_COLOR,c.FONT_COLOR \r\n		FROM ec_accounts AS a, ec_color_code AS c  \r\n		WHERE a.USER_ID = 1\r\n		AND c.USER_ID = 1 		\r\n		AND c.ID = a.COLOR_CODE_ID  AND a.ID = 7', 0x613a313a7b693a303b613a343a7b733a31333a22434f4c4f525f434f44455f4944223b733a313a2237223b733a383a2242475f434f4c4f52223b733a373a2223463345324139223b733a31303a22464f4e545f434f4c4f52223b733a343a2223303030223b733a353a22736c5f6e6f223b693a313b7d7d, 1),
(383, 'sqlmodel::_get_account_info_by_item_id', '0.161155', '0.161408', ' << getExpForCategoryByItemsMonthly << showExpForCategoryByItemsMonthly', 'SELECT a.ID as acct_id,a.EXP_ACCOUNT as acct_name,i.EXP_ITEM_NAME  \r\n		FROM ec_items as i, ec_accounts as a  \r\n		WHERE i.EXP_ACCOUNT_ID = a.ID \r\n		AND i.id = 103', 0x613a313a7b693a303b613a343a7b733a373a22616363745f6964223b733a313a2237223b733a393a22616363745f6e616d65223b733a363a225342495f4f44223b733a31333a224558505f4954454d5f4e414d45223b733a32323a225342495f4f44205245435f4d617231395f4d61723230223b733a353a22736c5f6e6f223b693a313b7d7d, 1),
(384, 'sqlmodel::_get_color_code', '0.161427', '0.162018', ' << getExpForCategoryByItemsMonthly << showExpForCategoryByItemsMonthly', 'SELECT a.COLOR_CODE_ID, c.BG_COLOR,c.FONT_COLOR \r\n		FROM ec_accounts AS a, ec_color_code AS c  \r\n		WHERE a.USER_ID = 1\r\n		AND c.USER_ID = 1 		\r\n		AND c.ID = a.COLOR_CODE_ID  AND a.ID = 7', 0x613a313a7b693a303b613a343a7b733a31333a22434f4c4f525f434f44455f4944223b733a313a2237223b733a383a2242475f434f4c4f52223b733a373a2223463345324139223b733a31303a22464f4e545f434f4c4f52223b733a343a2223303030223b733a353a22736c5f6e6f223b693a313b7d7d, 1),
(385, 'sqlmodel::_get_account_info_by_item_id', '0.162034', '0.162242', ' << getExpForCategoryByItemsMonthly << showExpForCategoryByItemsMonthly', 'SELECT a.ID as acct_id,a.EXP_ACCOUNT as acct_name,i.EXP_ITEM_NAME  \r\n		FROM ec_items as i, ec_accounts as a  \r\n		WHERE i.EXP_ACCOUNT_ID = a.ID \r\n		AND i.id = 106', 0x613a313a7b693a303b613a343a7b733a373a22616363745f6964223b733a313a2237223b733a393a22616363745f6e616d65223b733a363a225342495f4f44223b733a31333a224558505f4954454d5f4e414d45223b733a32323a225342495f4f44205245435f4d617931395f4d61793230223b733a353a22736c5f6e6f223b693a313b7d7d, 1),
(386, 'sqlmodel::_get_color_code', '0.162266', '0.163201', ' << getExpForCategoryByItemsMonthly << showExpForCategoryByItemsMonthly', 'SELECT a.COLOR_CODE_ID, c.BG_COLOR,c.FONT_COLOR \r\n		FROM ec_accounts AS a, ec_color_code AS c  \r\n		WHERE a.USER_ID = 1\r\n		AND c.USER_ID = 1 		\r\n		AND c.ID = a.COLOR_CODE_ID  AND a.ID = 7', 0x613a313a7b693a303b613a343a7b733a31333a22434f4c4f525f434f44455f4944223b733a313a2237223b733a383a2242475f434f4c4f52223b733a373a2223463345324139223b733a31303a22464f4e545f434f4c4f52223b733a343a2223303030223b733a353a22736c5f6e6f223b693a313b7d7d, 1),
(387, 'sqlmodel::_get_account_info_by_item_id', '0.163227', '0.163498', ' << getExpForCategoryByItemsMonthly << showExpForCategoryByItemsMonthly', 'SELECT a.ID as acct_id,a.EXP_ACCOUNT as acct_name,i.EXP_ITEM_NAME  \r\n		FROM ec_items as i, ec_accounts as a  \r\n		WHERE i.EXP_ACCOUNT_ID = a.ID \r\n		AND i.id = 61', 0x613a313a7b693a303b613a343a7b733a373a22616363745f6964223b733a313a2237223b733a393a22616363745f6e616d65223b733a363a225342495f4f44223b733a31333a224558505f4954454d5f4e414d45223b733a32323a225342495f4f44205245435f4e6f7631385f4e6f763139223b733a353a22736c5f6e6f223b693a313b7d7d, 1),
(388, 'sqlmodel::_get_color_code', '0.163512', '0.164118', ' << getExpForCategoryByItemsMonthly << showExpForCategoryByItemsMonthly', 'SELECT a.COLOR_CODE_ID, c.BG_COLOR,c.FONT_COLOR \r\n		FROM ec_accounts AS a, ec_color_code AS c  \r\n		WHERE a.USER_ID = 1\r\n		AND c.USER_ID = 1 		\r\n		AND c.ID = a.COLOR_CODE_ID  AND a.ID = 7', 0x613a313a7b693a303b613a343a7b733a31333a22434f4c4f525f434f44455f4944223b733a313a2237223b733a383a2242475f434f4c4f52223b733a373a2223463345324139223b733a31303a22464f4e545f434f4c4f52223b733a343a2223303030223b733a353a22736c5f6e6f223b693a313b7d7d, 1),
(349, 'sqlmodel::doDefaultEntryForWordSent', '0.03707', '0.037233', ' << auto_do_default_deposit_for_month', '', 0x733a303a22223b, 1),
(350, 'sqlmodel::doDefaultEntryForQuesListWithAns', '0.037247', '0.037534', ' << auto_do_default_deposit_for_month', '', 0x733a303a22223b, 1),
(352, 'Home::__construct', '0.060091', '0.060114', '', '', 0x733a303a22223b, 1),
(351, 'sqlmodel::auto_do_add_exp_for_fixed_paid_items', '0.037547', '0.060062', '', 'SELECT ID, DEFAULT_DEPO_AMT, PAY_DAY, EXP_ACCOUNT_ID, ''2019-07-01 11:31:50'' AS depo_date \r\n				FROM `ec_items` \r\n				WHERE FIXED_PAYEE = ''Y'' \r\n				AND ACTIVE = ''Y'' \r\n				AND EXPIRED = ''N'' \r\n				AND DAY(CURDATE()) >= PAY_DAY \r\n				AND USER_ID = 1', 0x733a303a22223b, 1),
(345, 'MY_Controller::__construct', '0.000019', '0.060062', '', '', 0x733a303a22223b, 1),
(346, 'sqlmodel::auto_do_default_deposit_for_month', '0.000061', '0.037534', '', 'SELECT ID, DEFAULT_DEPO_AMT, ''2019-07-01 00:00:00'' AS depo_date \r\n				FROM `ec_items` \r\n				WHERE ACTIVE = ''Y'' \r\n				AND EXPIRED = ''N'' \r\n				AND USER_ID = 1', 0x733a303a22223b, 1),
(347, 'sqlmodel::auto_do_default_surplus_on_current_balance', '0.036169', '0.037049', ' << auto_do_default_deposit_for_month', '', 0x613a383a7b693a303b613a31303a7b733a323a224944223b733a323a223130223b733a31313a224558505f4143434f554e54223b733a31313a224352454449545f43415244223b733a31313a225052494d4152595f42414c223b733a343a22312e3030223b733a31313a2243555252454e545f42414c223b733a343a22312e3030223b733a31333a22434f4c4f525f434f44455f4944223b733a323a223130223b733a31323a224c4153545f55504441544544223b733a31393a22323031392d30372d30312031303a31333a3130223b733a373a22555345525f4944223b733a313a2231223b733a383a2242475f434f4c4f52223b733a373a2223464646414434223b733a31303a22464f4e545f434f4c4f52223b733a373a2223303030303030223b733a353a22736c5f6e6f223b693a313b7d693a313b613a31303a7b733a323a224944223b733a313a2236223b733a31313a224558505f4143434f554e54223b733a343a2248444643223b733a31313a225052494d4152595f42414c223b733a383a2231303030302e3030223b733a31313a2243555252454e545f42414c223b733a383a2231313030302e3030223b733a31333a22434f4c4f525f434f44455f4944223b733a313a2236223b733a31323a224c4153545f55504441544544223b733a31393a22323031392d30372d32352031313a31383a3131223b733a373a22555345525f4944223b733a313a2231223b733a383a2242475f434f4c4f52223b733a373a2223413946354243223b733a31303a22464f4e545f434f4c4f52223b733a343a2223303030223b733a353a22736c5f6e6f223b693a323b7d693a323b613a31303a7b733a323a224944223b733a313a2231223b733a31313a224558505f4143434f554e54223b733a393a22484f4d455f43415348223b733a31313a225052494d4152595f42414c223b733a383a2231303030302e3030223b733a31313a2243555252454e545f42414c223b733a383a2231363235302e3030223b733a31333a22434f4c4f525f434f44455f4944223b733a313a2231223b733a31323a224c4153545f55504441544544223b733a31393a22323031392d30372d30392031303a33343a3435223b733a373a22555345525f4944223b733a313a2231223b733a383a2242475f434f4c4f52223b733a373a2223434544384636223b733a31303a22464f4e545f434f4c4f52223b733a343a2223303030223b733a353a22736c5f6e6f223b693a333b7d693a333b613a31303a7b733a323a224944223b733a313a2233223b733a31313a224558505f4143434f554e54223b733a353a224943494349223b733a31313a225052494d4152595f42414c223b733a383a2231303030302e3030223b733a31313a2243555252454e545f42414c223b733a373a222d3530302e3030223b733a31333a22434f4c4f525f434f44455f4944223b733a313a2233223b733a31323a224c4153545f55504441544544223b733a31393a22323031392d30372d30322031323a30393a3336223b733a373a22555345525f4944223b733a313a2231223b733a383a2242475f434f4c4f52223b733a373a2223413946354632223b733a31303a22464f4e545f434f4c4f52223b733a343a2223303030223b733a353a22736c5f6e6f223b693a343b7d693a343b613a31303a7b733a323a224944223b733a313a2232223b733a31313a224558505f4143434f554e54223b733a393a2249434943495f52494e223b733a31313a225052494d4152595f42414c223b733a383a2231303030302e3030223b733a31313a2243555252454e545f42414c223b733a383a2231373030302e3030223b733a31333a22434f4c4f525f434f44455f4944223b733a313a2232223b733a31323a224c4153545f55504441544544223b733a31393a22323031392d30372d32352031313a31383a3131223b733a373a22555345525f4944223b733a313a2231223b733a383a2242475f434f4c4f52223b733a373a2223454346364345223b733a31303a22464f4e545f434f4c4f52223b733a343a2223303030223b733a353a22736c5f6e6f223b693a353b7d693a353b613a31303a7b733a323a224944223b733a313a2234223b733a31313a224558505f4143434f554e54223b733a333a22534249223b733a31313a225052494d4152595f42414c223b733a383a2231303030302e3030223b733a31313a2243555252454e545f42414c223b733a383a2231383337352e3030223b733a31333a22434f4c4f525f434f44455f4944223b733a313a2234223b733a31323a224c4153545f55504441544544223b733a31393a22323031392d30372d32352031313a31383a3131223b733a373a22555345525f4944223b733a313a2231223b733a383a2242475f434f4c4f52223b733a373a2223463644384345223b733a31303a22464f4e545f434f4c4f52223b733a343a2223303030223b733a353a22736c5f6e6f223b693a363b7d693a363b613a31303a7b733a323a224944223b733a313a2237223b733a31313a224558505f4143434f554e54223b733a363a225342495f4f44223b733a31313a225052494d4152595f42414c223b733a383a2231303030302e3030223b733a31313a2243555252454e545f42414c223b733a383a2239343230302e3030223b733a31333a22434f4c4f525f434f44455f4944223b733a313a2237223b733a31323a224c4153545f55504441544544223b733a31393a22323031392d30372d30392031303a33343a3435223b733a373a22555345525f4944223b733a313a2231223b733a383a2242475f434f4c4f52223b733a373a2223463345324139223b733a31303a22464f4e545f434f4c4f52223b733a343a2223303030223b733a353a22736c5f6e6f223b693a373b7d693a373b613a31303a7b733a323a224944223b733a313a2235223b733a31313a224558505f4143434f554e54223b733a333a22554249223b733a31313a225052494d4152595f42414c223b733a383a2231303030302e3030223b733a31313a2243555252454e545f42414c223b733a383a2232343030302e3030223b733a31333a22434f4c4f525f434f44455f4944223b733a313a2235223b733a31323a224c4153545f55504441544544223b733a31393a22323031392d30372d30392031303a33343a3435223b733a373a22555345525f4944223b733a313a2231223b733a383a2242475f434f4c4f52223b733a373a2223453146354139223b733a31303a22464f4e545f434f4c4f52223b733a343a2223303030223b733a353a22736c5f6e6f223b693a383b7d7d, 1),
(348, 'sqlmodel::_get_accounts_list', '0.036192', '0.037049', ' << auto_do_default_surplus_on_current_balance << auto_do_default_deposit_for_month', 'SELECT a.*, c.BG_COLOR,c.FONT_COLOR \r\n			FROM ec_accounts AS a, ec_color_code AS c  \r\n			WHERE a.USER_ID = 1\r\n			AND c.USER_ID = 1 		\r\n			AND c.ID = a.COLOR_CODE_ID  ORDER BY exp_account ASC', 0x613a383a7b693a303b613a31303a7b733a323a224944223b733a323a223130223b733a31313a224558505f4143434f554e54223b733a31313a224352454449545f43415244223b733a31313a225052494d4152595f42414c223b733a343a22312e3030223b733a31313a2243555252454e545f42414c223b733a343a22312e3030223b733a31333a22434f4c4f525f434f44455f4944223b733a323a223130223b733a31323a224c4153545f55504441544544223b733a31393a22323031392d30372d30312031303a31333a3130223b733a373a22555345525f4944223b733a313a2231223b733a383a2242475f434f4c4f52223b733a373a2223464646414434223b733a31303a22464f4e545f434f4c4f52223b733a373a2223303030303030223b733a353a22736c5f6e6f223b693a313b7d693a313b613a31303a7b733a323a224944223b733a313a2236223b733a31313a224558505f4143434f554e54223b733a343a2248444643223b733a31313a225052494d4152595f42414c223b733a383a2231303030302e3030223b733a31313a2243555252454e545f42414c223b733a383a2231313030302e3030223b733a31333a22434f4c4f525f434f44455f4944223b733a313a2236223b733a31323a224c4153545f55504441544544223b733a31393a22323031392d30372d32352031313a31383a3131223b733a373a22555345525f4944223b733a313a2231223b733a383a2242475f434f4c4f52223b733a373a2223413946354243223b733a31303a22464f4e545f434f4c4f52223b733a343a2223303030223b733a353a22736c5f6e6f223b693a323b7d693a323b613a31303a7b733a323a224944223b733a313a2231223b733a31313a224558505f4143434f554e54223b733a393a22484f4d455f43415348223b733a31313a225052494d4152595f42414c223b733a383a2231303030302e3030223b733a31313a2243555252454e545f42414c223b733a383a2231363235302e3030223b733a31333a22434f4c4f525f434f44455f4944223b733a313a2231223b733a31323a224c4153545f55504441544544223b733a31393a22323031392d30372d30392031303a33343a3435223b733a373a22555345525f4944223b733a313a2231223b733a383a2242475f434f4c4f52223b733a373a2223434544384636223b733a31303a22464f4e545f434f4c4f52223b733a343a2223303030223b733a353a22736c5f6e6f223b693a333b7d693a333b613a31303a7b733a323a224944223b733a313a2233223b733a31313a224558505f4143434f554e54223b733a353a224943494349223b733a31313a225052494d4152595f42414c223b733a383a2231303030302e3030223b733a31313a2243555252454e545f42414c223b733a373a222d3530302e3030223b733a31333a22434f4c4f525f434f44455f4944223b733a313a2233223b733a31323a224c4153545f55504441544544223b733a31393a22323031392d30372d30322031323a30393a3336223b733a373a22555345525f4944223b733a313a2231223b733a383a2242475f434f4c4f52223b733a373a2223413946354632223b733a31303a22464f4e545f434f4c4f52223b733a343a2223303030223b733a353a22736c5f6e6f223b693a343b7d693a343b613a31303a7b733a323a224944223b733a313a2232223b733a31313a224558505f4143434f554e54223b733a393a2249434943495f52494e223b733a31313a225052494d4152595f42414c223b733a383a2231303030302e3030223b733a31313a2243555252454e545f42414c223b733a383a2231373030302e3030223b733a31333a22434f4c4f525f434f44455f4944223b733a313a2232223b733a31323a224c4153545f55504441544544223b733a31393a22323031392d30372d32352031313a31383a3131223b733a373a22555345525f4944223b733a313a2231223b733a383a2242475f434f4c4f52223b733a373a2223454346364345223b733a31303a22464f4e545f434f4c4f52223b733a343a2223303030223b733a353a22736c5f6e6f223b693a353b7d693a353b613a31303a7b733a323a224944223b733a313a2234223b733a31313a224558505f4143434f554e54223b733a333a22534249223b733a31313a225052494d4152595f42414c223b733a383a2231303030302e3030223b733a31313a2243555252454e545f42414c223b733a383a2231383337352e3030223b733a31333a22434f4c4f525f434f44455f4944223b733a313a2234223b733a31323a224c4153545f55504441544544223b733a31393a22323031392d30372d32352031313a31383a3131223b733a373a22555345525f4944223b733a313a2231223b733a383a2242475f434f4c4f52223b733a373a2223463644384345223b733a31303a22464f4e545f434f4c4f52223b733a343a2223303030223b733a353a22736c5f6e6f223b693a363b7d693a363b613a31303a7b733a323a224944223b733a313a2237223b733a31313a224558505f4143434f554e54223b733a363a225342495f4f44223b733a31313a225052494d4152595f42414c223b733a383a2231303030302e3030223b733a31313a2243555252454e545f42414c223b733a383a2239343230302e3030223b733a31333a22434f4c4f525f434f44455f4944223b733a313a2237223b733a31323a224c4153545f55504441544544223b733a31393a22323031392d30372d30392031303a33343a3435223b733a373a22555345525f4944223b733a313a2231223b733a383a2242475f434f4c4f52223b733a373a2223463345324139223b733a31303a22464f4e545f434f4c4f52223b733a343a2223303030223b733a353a22736c5f6e6f223b693a373b7d693a373b613a31303a7b733a323a224944223b733a313a2235223b733a31313a224558505f4143434f554e54223b733a333a22554249223b733a31313a225052494d4152595f42414c223b733a383a2231303030302e3030223b733a31313a2243555252454e545f42414c223b733a383a2232343030302e3030223b733a31333a22434f4c4f525f434f44455f4944223b733a313a2235223b733a31323a224c4153545f55504441544544223b733a31393a22323031392d30372d30392031303a33343a3435223b733a373a22555345525f4944223b733a313a2231223b733a383a2242475f434f4c4f52223b733a373a2223453146354139223b733a31303a22464f4e545f434f4c4f52223b733a343a2223303030223b733a353a22736c5f6e6f223b693a383b7d7d, 1);

-- --------------------------------------------------------

--
-- Table structure for table `ec_deposit`
--

DROP TABLE IF EXISTS `ec_deposit`;
CREATE TABLE IF NOT EXISTS `ec_deposit` (
  `ID` int(11) NOT NULL AUTO_INCREMENT,
  `DEPO_ITEM_ID` int(11) NOT NULL,
  `DEPO_AMT` float(10,2) NOT NULL,
  `DEPO_DATE` datetime DEFAULT NULL,
  `USER_ID` int(11) NOT NULL,
  PRIMARY KEY (`ID`)
) ENGINE=MyISAM  DEFAULT CHARSET=latin1 AUTO_INCREMENT=2131 ;

--
-- Dumping data for table `ec_deposit`
--

INSERT INTO `ec_deposit` (`ID`, `DEPO_ITEM_ID`, `DEPO_AMT`, `DEPO_DATE`, `USER_ID`) VALUES
(1, 1, 1150.00, '2017-01-01 00:00:00', 1),
(2, 2, 500.00, '2017-01-01 00:00:00', 1),
(3, 3, 600.00, '2017-01-01 00:00:00', 1),
(4, 4, 1200.00, '2017-01-01 00:00:00', 1),
(5, 5, 500.00, '2017-01-01 00:00:00', 1),
(6, 6, 1200.00, '2017-01-01 00:00:00', 1),
(7, 7, 100.00, '2017-01-01 00:00:00', 1),
(8, 8, 250.00, '2017-01-01 00:00:00', 1),
(13, 13, 2000.00, '2017-01-01 00:00:00', 1),
(14, 14, 500.00, '2017-01-01 00:00:00', 1),
(15, 15, 1000.00, '2017-01-01 00:00:00', 1),
(16, 16, 1000.00, '2017-01-01 00:00:00', 1),
(17, 17, 1000.00, '2017-01-01 00:00:00', 1),
(19, 19, 2000.00, '2017-01-01 00:00:00', 1),
(21, 21, 0.00, '2017-01-01 00:00:00', 1),
(26, 26, 500.00, '2017-01-01 00:00:00', 1),
(27, 27, 1200.00, '2017-01-01 00:00:00', 1),
(33, 33, 24154.00, '2017-01-01 00:00:00', 1),
(34, 34, 6471.00, '2017-01-01 00:00:00', 1),
(38, 38, 0.00, '2017-01-01 00:00:00', 1),
(40, 40, 4000.00, '2017-01-01 00:00:00', 1),
(45, 45, 3000.00, '2017-01-01 00:00:00', 1),
(51, 51, 916.67, '2017-01-01 00:00:00', 1),
(52, 52, 2500.00, '2017-01-01 00:00:00', 1),
(53, 53, 7500.00, '2017-01-01 00:00:00', 1),
(54, 54, 833.33, '2017-01-01 00:00:00', 1),
(55, 55, 700.00, '2017-01-01 00:00:00', 1),
(56, 56, 750.00, '2017-01-01 00:00:00', 1),
(57, 57, 916.67, '2017-01-01 00:00:00', 1),
(58, 58, 4000.00, '2017-01-01 00:00:00', 1),
(59, 59, 233.33, '2017-01-01 00:00:00', 1),
(61, 61, 0.00, '2017-01-01 00:00:00', 1),
(66, 1, 1150.00, '2017-02-01 00:00:00', 1),
(67, 2, 500.00, '2017-02-01 00:00:00', 1),
(68, 3, 600.00, '2017-02-01 00:00:00', 1),
(69, 4, 1200.00, '2017-02-01 00:00:00', 1),
(70, 5, 500.00, '2017-02-01 00:00:00', 1),
(71, 6, 1200.00, '2017-02-01 00:00:00', 1),
(72, 7, 100.00, '2017-02-01 00:00:00', 1),
(73, 8, 250.00, '2017-02-01 00:00:00', 1),
(78, 13, 2000.00, '2017-02-01 00:00:00', 1),
(79, 14, 500.00, '2017-02-01 00:00:00', 1),
(80, 15, 1000.00, '2017-02-01 00:00:00', 1),
(81, 16, 1000.00, '2017-02-01 00:00:00', 1),
(82, 17, 1000.00, '2017-02-01 00:00:00', 1),
(84, 19, 2000.00, '2017-02-01 00:00:00', 1),
(86, 21, 0.00, '2017-02-01 00:00:00', 1),
(91, 26, 500.00, '2017-02-01 00:00:00', 1),
(92, 27, 1200.00, '2017-02-01 00:00:00', 1),
(98, 33, 24154.00, '2017-02-01 00:00:00', 1),
(99, 34, 6471.00, '2017-02-01 00:00:00', 1),
(103, 38, 0.00, '2017-02-01 00:00:00', 1),
(105, 40, 4000.00, '2017-02-01 00:00:00', 1),
(110, 45, 3000.00, '2017-02-01 00:00:00', 1),
(116, 51, 916.67, '2017-02-01 00:00:00', 1),
(117, 52, 2500.00, '2017-02-01 00:00:00', 1),
(118, 53, 7500.00, '2017-02-01 00:00:00', 1),
(119, 54, 833.33, '2017-02-01 00:00:00', 1),
(120, 55, 700.00, '2017-02-01 00:00:00', 1),
(121, 56, 750.00, '2017-02-01 00:00:00', 1),
(122, 57, 916.67, '2017-02-01 00:00:00', 1),
(123, 58, 4000.00, '2017-02-01 00:00:00', 1),
(124, 59, 233.33, '2017-02-01 00:00:00', 1),
(126, 61, 0.00, '2017-02-01 00:00:00', 1),
(131, 1, 1150.00, '2017-03-01 00:00:00', 1),
(132, 2, 500.00, '2017-03-01 00:00:00', 1),
(133, 3, 600.00, '2017-03-01 00:00:00', 1),
(134, 4, 1200.00, '2017-03-01 00:00:00', 1),
(135, 5, 500.00, '2017-03-01 00:00:00', 1),
(136, 6, 1200.00, '2017-03-01 00:00:00', 1),
(137, 7, 100.00, '2017-03-01 00:00:00', 1),
(138, 8, 250.00, '2017-03-01 00:00:00', 1),
(143, 13, 2000.00, '2017-03-01 00:00:00', 1),
(144, 14, 500.00, '2017-03-01 00:00:00', 1),
(145, 15, 1000.00, '2017-03-01 00:00:00', 1),
(146, 16, 1000.00, '2017-03-01 00:00:00', 1),
(147, 17, 1000.00, '2017-03-01 00:00:00', 1),
(149, 19, 2000.00, '2017-03-01 00:00:00', 1),
(151, 21, 0.00, '2017-03-01 00:00:00', 1),
(156, 26, 500.00, '2017-03-01 00:00:00', 1),
(157, 27, 1200.00, '2017-03-01 00:00:00', 1),
(163, 33, 24154.00, '2017-03-01 00:00:00', 1),
(164, 34, 6471.00, '2017-03-01 00:00:00', 1),
(168, 38, 0.00, '2017-03-01 00:00:00', 1),
(170, 40, 4000.00, '2017-03-01 00:00:00', 1),
(175, 45, 3000.00, '2017-03-01 00:00:00', 1),
(181, 51, 916.67, '2017-03-01 00:00:00', 1),
(182, 52, 2500.00, '2017-03-01 00:00:00', 1),
(183, 53, 7500.00, '2017-03-01 00:00:00', 1),
(184, 54, 833.33, '2017-03-01 00:00:00', 1),
(185, 55, 700.00, '2017-03-01 00:00:00', 1),
(186, 56, 750.00, '2017-03-01 00:00:00', 1),
(187, 57, 916.67, '2017-03-01 00:00:00', 1),
(188, 58, 4000.00, '2017-03-01 00:00:00', 1),
(189, 59, 233.33, '2017-03-01 00:00:00', 1),
(191, 61, 0.00, '2017-03-01 00:00:00', 1),
(196, 1, 1150.00, '2017-04-01 00:00:00', 1),
(197, 2, 500.00, '2017-04-01 00:00:00', 1),
(198, 3, 600.00, '2017-04-01 00:00:00', 1),
(199, 4, 1200.00, '2017-04-01 00:00:00', 1),
(200, 5, 500.00, '2017-04-01 00:00:00', 1),
(201, 6, 1200.00, '2017-04-01 00:00:00', 1),
(202, 7, 100.00, '2017-04-01 00:00:00', 1),
(203, 8, 250.00, '2017-04-01 00:00:00', 1),
(208, 13, 2000.00, '2017-04-01 00:00:00', 1),
(209, 14, 500.00, '2017-04-01 00:00:00', 1),
(210, 15, 1000.00, '2017-04-01 00:00:00', 1),
(211, 16, 1000.00, '2017-04-01 00:00:00', 1),
(212, 17, 1000.00, '2017-04-01 00:00:00', 1),
(214, 19, 2000.00, '2017-04-01 00:00:00', 1),
(216, 21, 0.00, '2017-04-01 00:00:00', 1),
(221, 26, 500.00, '2017-04-01 00:00:00', 1),
(222, 27, 1200.00, '2017-04-01 00:00:00', 1),
(228, 33, 24154.00, '2017-04-01 00:00:00', 1),
(229, 34, 6471.00, '2017-04-01 00:00:00', 1),
(233, 38, 0.00, '2017-04-01 00:00:00', 1),
(235, 40, 4000.00, '2017-04-01 00:00:00', 1),
(240, 45, 3000.00, '2017-04-01 00:00:00', 1),
(246, 51, 916.67, '2017-04-01 00:00:00', 1),
(247, 52, 2500.00, '2017-04-01 00:00:00', 1),
(248, 53, 7500.00, '2017-04-01 00:00:00', 1),
(249, 54, 833.33, '2017-04-01 00:00:00', 1),
(250, 55, 700.00, '2017-04-01 00:00:00', 1),
(251, 56, 750.00, '2017-04-01 00:00:00', 1),
(252, 57, 916.67, '2017-04-01 00:00:00', 1),
(253, 58, 4000.00, '2017-04-01 00:00:00', 1),
(254, 59, 233.33, '2017-04-01 00:00:00', 1),
(256, 61, 0.00, '2017-04-01 00:00:00', 1),
(261, 1, 1150.00, '2017-05-01 00:00:00', 1),
(262, 2, 500.00, '2017-05-01 00:00:00', 1),
(263, 3, 600.00, '2017-05-01 00:00:00', 1),
(264, 4, 1200.00, '2017-05-01 00:00:00', 1),
(265, 5, 500.00, '2017-05-01 00:00:00', 1),
(266, 6, 1200.00, '2017-05-01 00:00:00', 1),
(267, 7, 100.00, '2017-05-01 00:00:00', 1),
(268, 8, 250.00, '2017-05-01 00:00:00', 1),
(273, 13, 2000.00, '2017-05-01 00:00:00', 1),
(274, 14, 500.00, '2017-05-01 00:00:00', 1),
(275, 15, 1000.00, '2017-05-01 00:00:00', 1),
(276, 16, 1000.00, '2017-05-01 00:00:00', 1),
(277, 17, 1000.00, '2017-05-01 00:00:00', 1),
(279, 19, 2000.00, '2017-05-01 00:00:00', 1),
(281, 21, 0.00, '2017-05-01 00:00:00', 1),
(286, 26, 500.00, '2017-05-01 00:00:00', 1),
(287, 27, 1200.00, '2017-05-01 00:00:00', 1),
(293, 33, 24154.00, '2017-05-01 00:00:00', 1),
(294, 34, 6471.00, '2017-05-01 00:00:00', 1),
(298, 38, 0.00, '2017-05-01 00:00:00', 1),
(300, 40, 4000.00, '2017-05-01 00:00:00', 1),
(305, 45, 3000.00, '2017-05-01 00:00:00', 1),
(311, 51, 0.00, '2017-05-01 00:00:00', 1),
(312, 52, 2500.00, '2017-05-01 00:00:00', 1),
(313, 53, 7500.00, '2017-05-01 00:00:00', 1),
(314, 54, 0.00, '2017-05-01 00:00:00', 1),
(315, 55, 700.00, '2017-05-01 00:00:00', 1),
(316, 56, 750.00, '2017-05-01 00:00:00', 1),
(317, 57, 0.00, '2017-05-01 00:00:00', 1),
(318, 58, 4000.00, '2017-05-01 00:00:00', 1),
(319, 59, 0.00, '2017-05-01 00:00:00', 1),
(321, 61, 0.00, '2017-05-01 00:00:00', 1),
(326, 66, 4000.00, '2017-05-01 00:00:00', 2),
(327, 67, 3000.00, '2017-05-01 00:00:00', 2),
(328, 1, 1150.00, '2017-06-01 00:00:00', 1),
(329, 2, 500.00, '2017-06-01 00:00:00', 1),
(330, 3, 600.00, '2017-06-01 00:00:00', 1),
(331, 4, 1200.00, '2017-06-01 00:00:00', 1),
(332, 5, 500.00, '2017-06-01 00:00:00', 1),
(333, 6, 1200.00, '2017-06-01 00:00:00', 1),
(334, 7, 100.00, '2017-06-01 00:00:00', 1),
(335, 8, 250.00, '2017-06-01 00:00:00', 1),
(340, 13, 2000.00, '2017-06-01 00:00:00', 1),
(341, 14, 500.00, '2017-06-01 00:00:00', 1),
(342, 15, 1000.00, '2017-06-01 00:00:00', 1),
(343, 16, 1000.00, '2017-06-01 00:00:00', 1),
(344, 17, 1000.00, '2017-06-01 00:00:00', 1),
(346, 19, 2000.00, '2017-06-01 00:00:00', 1),
(348, 21, 0.00, '2017-06-01 00:00:00', 1),
(353, 26, 500.00, '2017-06-01 00:00:00', 1),
(354, 27, 1200.00, '2017-06-01 00:00:00', 1),
(360, 33, 24154.00, '2017-06-01 00:00:00', 1),
(361, 34, 6471.00, '2017-06-01 00:00:00', 1),
(365, 38, 0.00, '2017-06-01 00:00:00', 1),
(367, 40, 4000.00, '2017-06-01 00:00:00', 1),
(372, 45, 3000.00, '2017-06-01 00:00:00', 1),
(378, 51, 916.67, '2017-06-01 00:00:00', 1),
(379, 52, 2500.00, '2017-06-01 00:00:00', 1),
(380, 53, 7500.00, '2017-06-01 00:00:00', 1),
(381, 54, 833.33, '2017-06-01 00:00:00', 1),
(382, 55, 700.00, '2017-06-01 00:00:00', 1),
(383, 56, 750.00, '2017-06-01 00:00:00', 1),
(384, 57, 916.67, '2017-06-01 00:00:00', 1),
(385, 58, 4000.00, '2017-06-01 00:00:00', 1),
(386, 59, 233.33, '2017-06-01 00:00:00', 1),
(388, 61, 0.00, '2017-06-01 00:00:00', 1),
(393, 66, 4000.00, '2017-06-01 00:00:00', 2),
(394, 67, 3000.00, '2017-06-01 00:00:00', 2),
(395, 1, 1150.00, '2017-07-01 00:00:00', 1),
(396, 2, 1000.00, '2017-07-01 00:00:00', 1),
(397, 3, 600.00, '2017-07-01 00:00:00', 1),
(398, 4, 1200.00, '2017-07-01 00:00:00', 1),
(399, 5, 500.00, '2017-07-01 00:00:00', 1),
(400, 6, 1200.00, '2017-07-01 00:00:00', 1),
(401, 7, 100.00, '2017-07-01 00:00:00', 1),
(402, 8, 250.00, '2017-07-01 00:00:00', 1),
(407, 13, 2000.00, '2017-07-01 00:00:00', 1),
(408, 14, 500.00, '2017-07-01 00:00:00', 1),
(409, 15, 1000.00, '2017-07-01 00:00:00', 1),
(410, 16, 1000.00, '2017-07-01 00:00:00', 1),
(411, 17, 1000.00, '2017-07-01 00:00:00', 1),
(413, 19, 2000.00, '2017-07-01 00:00:00', 1),
(415, 21, 0.00, '2017-07-01 00:00:00', 1),
(420, 26, 500.00, '2017-07-01 00:00:00', 1),
(421, 27, 1200.00, '2017-07-01 00:00:00', 1),
(427, 33, 24154.00, '2017-07-01 00:00:00', 1),
(428, 34, 6471.00, '2017-07-01 00:00:00', 1),
(432, 38, 0.00, '2017-07-01 00:00:00', 1),
(434, 40, 4000.00, '2017-07-01 00:00:00', 1),
(439, 45, 3000.00, '2017-07-01 00:00:00', 1),
(445, 51, 916.67, '2017-07-01 00:00:00', 1),
(446, 52, 2500.00, '2017-07-01 00:00:00', 1),
(447, 53, 7500.00, '2017-07-01 00:00:00', 1),
(448, 54, 833.33, '2017-07-01 00:00:00', 1),
(449, 55, 700.00, '2017-07-01 00:00:00', 1),
(450, 56, 750.00, '2017-07-01 00:00:00', 1),
(451, 57, 916.67, '2017-07-01 00:00:00', 1),
(452, 58, 4000.00, '2017-07-01 00:00:00', 1),
(453, 59, 600.00, '2017-07-01 00:00:00', 1),
(455, 61, 0.00, '2017-07-01 00:00:00', 1),
(460, 68, 9500.00, '2017-07-01 00:00:00', 1),
(461, 69, 0.00, '2017-07-01 00:00:00', 1),
(462, 70, 0.00, '2017-07-01 00:00:00', 1),
(463, 71, 0.00, '2017-07-01 00:00:00', 1),
(464, 72, 0.00, '2017-07-01 00:00:00', 1),
(465, 68, 10030.00, '2017-06-01 00:00:00', 1),
(466, 69, 0.00, '2017-06-01 00:00:00', 1),
(467, 70, 0.00, '2017-06-01 00:00:00', 1),
(468, 71, 0.00, '2017-06-01 00:00:00', 1),
(469, 72, 0.00, '2017-06-01 00:00:00', 1),
(470, 68, 28000.00, '2017-05-01 00:00:00', 1),
(471, 69, 0.00, '2017-05-01 00:00:00', 1),
(472, 70, 0.00, '2017-05-01 00:00:00', 1),
(473, 71, 0.00, '2017-05-01 00:00:00', 1),
(474, 72, 0.00, '2017-05-01 00:00:00', 1),
(475, 68, 9500.00, '2017-04-01 00:00:00', 1),
(476, 69, 0.00, '2017-04-01 00:00:00', 1),
(477, 70, 0.00, '2017-04-01 00:00:00', 1),
(478, 71, 0.00, '2017-04-01 00:00:00', 1),
(479, 72, 0.00, '2017-04-01 00:00:00', 1),
(480, 68, 9500.00, '2017-03-01 00:00:00', 1),
(481, 69, 0.00, '2017-03-01 00:00:00', 1),
(482, 70, 0.00, '2017-03-01 00:00:00', 1),
(483, 71, 0.00, '2017-03-01 00:00:00', 1),
(484, 72, 20000.00, '2017-03-01 00:00:00', 1),
(485, 68, 9500.00, '2017-02-01 00:00:00', 1),
(486, 69, 0.00, '2017-02-01 00:00:00', 1),
(487, 70, 0.00, '2017-02-01 00:00:00', 1),
(488, 71, 0.00, '2017-02-01 00:00:00', 1),
(489, 72, 0.00, '2017-02-01 00:00:00', 1),
(490, 68, 9500.00, '2017-01-01 00:00:00', 1),
(491, 69, 0.00, '2017-01-01 00:00:00', 1),
(492, 70, 0.00, '2017-01-01 00:00:00', 1),
(493, 71, 0.00, '2017-01-01 00:00:00', 1),
(494, 72, 0.00, '2017-01-01 00:00:00', 1),
(495, 1, 1150.00, '2017-08-01 00:00:00', 1),
(496, 2, 500.00, '2017-08-01 00:00:00', 1),
(497, 3, 600.00, '2017-08-01 00:00:00', 1),
(498, 4, 1200.00, '2017-08-01 00:00:00', 1),
(499, 5, 500.00, '2017-08-01 00:00:00', 1),
(500, 6, 1200.00, '2017-08-01 00:00:00', 1),
(501, 7, 100.00, '2017-08-01 00:00:00', 1),
(502, 8, 250.00, '2017-08-01 00:00:00', 1),
(507, 13, 2000.00, '2017-08-01 00:00:00', 1),
(508, 14, 500.00, '2017-08-01 00:00:00', 1),
(509, 15, 1000.00, '2017-08-01 00:00:00', 1),
(510, 16, 1000.00, '2017-08-01 00:00:00', 1),
(511, 17, 1000.00, '2017-08-01 00:00:00', 1),
(513, 19, 2000.00, '2017-08-01 00:00:00', 1),
(515, 21, 0.00, '2017-08-01 00:00:00', 1),
(520, 26, 500.00, '2017-08-01 00:00:00', 1),
(521, 27, 1200.00, '2017-08-01 00:00:00', 1),
(527, 33, 24154.00, '2017-08-01 00:00:00', 1),
(528, 34, 6471.00, '2017-08-01 00:00:00', 1),
(532, 38, 0.00, '2017-08-01 00:00:00', 1),
(534, 40, 4000.00, '2017-08-01 00:00:00', 1),
(539, 45, 3000.00, '2017-08-01 00:00:00', 1),
(545, 51, 916.67, '2017-08-01 00:00:00', 1),
(546, 52, 2500.00, '2017-08-01 00:00:00', 1),
(547, 53, 7500.00, '2017-08-01 00:00:00', 1),
(548, 54, 833.33, '2017-08-01 00:00:00', 1),
(549, 55, 700.00, '2017-08-01 00:00:00', 1),
(550, 56, 750.00, '2017-08-01 00:00:00', 1),
(551, 57, 916.67, '2017-08-01 00:00:00', 1),
(552, 58, 4000.00, '2017-08-01 00:00:00', 1),
(553, 59, 233.33, '2017-08-01 00:00:00', 1),
(555, 61, 0.00, '2017-08-01 00:00:00', 1),
(560, 68, 30000.00, '2017-08-01 00:00:00', 1),
(561, 69, 1.00, '2017-08-01 00:00:00', 1),
(562, 70, 1.00, '2017-08-01 00:00:00', 1),
(563, 71, 1.00, '2017-08-01 00:00:00', 1),
(564, 72, 0.00, '2017-08-01 00:00:00', 1),
(565, 1, 1150.00, '2017-09-01 00:00:00', 1),
(566, 2, 500.00, '2017-09-01 00:00:00', 1),
(567, 3, 600.00, '2017-09-01 00:00:00', 1),
(568, 4, 1200.00, '2017-09-01 00:00:00', 1),
(569, 5, 500.00, '2017-09-01 00:00:00', 1),
(570, 6, 1200.00, '2017-09-01 00:00:00', 1),
(571, 7, 100.00, '2017-09-01 00:00:00', 1),
(572, 8, 250.00, '2017-09-01 00:00:00', 1),
(577, 13, 2000.00, '2017-09-01 00:00:00', 1),
(578, 14, 500.00, '2017-09-01 00:00:00', 1),
(579, 15, 1000.00, '2017-09-01 00:00:00', 1),
(580, 16, 1000.00, '2017-09-01 00:00:00', 1),
(581, 17, 1000.00, '2017-09-01 00:00:00', 1),
(583, 19, 2000.00, '2017-09-01 00:00:00', 1),
(585, 21, 0.00, '2017-09-01 00:00:00', 1),
(590, 26, 500.00, '2017-09-01 00:00:00', 1),
(591, 27, 1200.00, '2017-09-01 00:00:00', 1),
(597, 33, 24154.00, '2017-09-01 00:00:00', 1),
(598, 34, 6471.00, '2017-09-01 00:00:00', 1),
(602, 38, 0.00, '2017-09-01 00:00:00', 1),
(604, 40, 4000.00, '2017-09-01 00:00:00', 1),
(609, 45, 3000.00, '2017-09-01 00:00:00', 1),
(615, 51, 916.67, '2017-09-01 00:00:00', 1),
(616, 52, 2500.00, '2017-09-01 00:00:00', 1),
(617, 53, 7500.00, '2017-09-01 00:00:00', 1),
(618, 54, 833.33, '2017-09-01 00:00:00', 1),
(619, 55, 700.00, '2017-09-01 00:00:00', 1),
(620, 56, 750.00, '2017-09-01 00:00:00', 1),
(621, 57, 916.67, '2017-09-01 00:00:00', 1),
(622, 58, 4000.00, '2017-09-01 00:00:00', 1),
(623, 59, 233.33, '2017-09-01 00:00:00', 1),
(625, 61, 0.00, '2017-09-01 00:00:00', 1),
(630, 68, 20000.00, '2017-09-01 00:00:00', 1),
(631, 69, 1.00, '2017-09-01 00:00:00', 1),
(632, 70, 1.00, '2017-09-01 00:00:00', 1),
(633, 71, 1.00, '2017-09-01 00:00:00', 1),
(634, 72, 1.00, '2017-09-01 00:00:00', 1),
(635, 1, 1150.00, '2017-10-01 00:00:00', 1),
(636, 2, 500.00, '2017-10-01 00:00:00', 1),
(637, 3, 600.00, '2017-10-01 00:00:00', 1),
(638, 4, 1200.00, '2017-10-01 00:00:00', 1),
(639, 5, 500.00, '2017-10-01 00:00:00', 1),
(640, 6, 1200.00, '2017-10-01 00:00:00', 1),
(641, 7, 100.00, '2017-10-01 00:00:00', 1),
(642, 8, 250.00, '2017-10-01 00:00:00', 1),
(647, 13, 2000.00, '2017-10-01 00:00:00', 1),
(648, 14, 500.00, '2017-10-01 00:00:00', 1),
(649, 15, 1000.00, '2017-10-01 00:00:00', 1),
(650, 16, 1000.00, '2017-10-01 00:00:00', 1),
(651, 17, 1000.00, '2017-10-01 00:00:00', 1),
(653, 19, 2000.00, '2017-10-01 00:00:00', 1),
(655, 21, 0.00, '2017-10-01 00:00:00', 1),
(660, 26, 500.00, '2017-10-01 00:00:00', 1),
(661, 27, 1200.00, '2017-10-01 00:00:00', 1),
(667, 33, 24154.00, '2017-10-01 00:00:00', 1),
(668, 34, 6471.00, '2017-10-01 00:00:00', 1),
(672, 38, 0.00, '2017-10-01 00:00:00', 1),
(674, 40, 4000.00, '2017-10-01 00:00:00', 1),
(679, 45, 3000.00, '2017-10-01 00:00:00', 1),
(685, 51, 916.67, '2017-10-01 00:00:00', 1),
(686, 52, 2500.00, '2017-10-01 00:00:00', 1),
(687, 53, 7500.00, '2017-10-01 00:00:00', 1),
(688, 54, 833.33, '2017-10-01 00:00:00', 1),
(689, 55, 700.00, '2017-10-01 00:00:00', 1),
(690, 56, 750.00, '2017-10-01 00:00:00', 1),
(691, 57, 916.67, '2017-10-01 00:00:00', 1),
(692, 58, 4000.00, '2017-10-01 00:00:00', 1),
(693, 59, 233.33, '2017-10-01 00:00:00', 1),
(695, 61, 0.00, '2017-10-01 00:00:00', 1),
(700, 68, 1.00, '2017-10-01 00:00:00', 1),
(701, 69, 1.00, '2017-10-01 00:00:00', 1),
(702, 70, 1.00, '2017-10-01 00:00:00', 1),
(703, 71, 22000.00, '2017-10-01 00:00:00', 1),
(704, 72, 1.00, '2017-10-01 00:00:00', 1),
(705, 1, 1150.00, '2017-11-01 00:00:00', 1),
(706, 2, 500.00, '2017-11-01 00:00:00', 1),
(707, 3, 600.00, '2017-11-01 00:00:00', 1),
(708, 4, 1200.00, '2017-11-01 00:00:00', 1),
(709, 5, 500.00, '2017-11-01 00:00:00', 1),
(710, 6, 1200.00, '2017-11-01 00:00:00', 1),
(711, 7, 100.00, '2017-11-01 00:00:00', 1),
(712, 8, 250.00, '2017-11-01 00:00:00', 1),
(717, 13, 2000.00, '2017-11-01 00:00:00', 1),
(718, 14, 500.00, '2017-11-01 00:00:00', 1),
(719, 15, 1000.00, '2017-11-01 00:00:00', 1),
(720, 16, 1000.00, '2017-11-01 00:00:00', 1),
(721, 17, 1000.00, '2017-11-01 00:00:00', 1),
(723, 19, 2000.00, '2017-11-01 00:00:00', 1),
(725, 21, 0.00, '2017-11-01 00:00:00', 1),
(730, 26, 500.00, '2017-11-01 00:00:00', 1),
(731, 27, 1200.00, '2017-11-01 00:00:00', 1),
(737, 33, 24154.00, '2017-11-01 00:00:00', 1),
(738, 34, 6471.00, '2017-11-01 00:00:00', 1),
(742, 38, 0.00, '2017-11-01 00:00:00', 1),
(744, 40, 4000.00, '2017-11-01 00:00:00', 1),
(749, 45, 3000.00, '2017-11-01 00:00:00', 1),
(755, 51, 916.67, '2017-11-01 00:00:00', 1),
(756, 52, 2500.00, '2017-11-01 00:00:00', 1),
(757, 53, 7500.00, '2017-11-01 00:00:00', 1),
(758, 54, 833.33, '2017-11-01 00:00:00', 1),
(759, 55, 700.00, '2017-11-01 00:00:00', 1),
(760, 56, 750.00, '2017-11-01 00:00:00', 1),
(761, 57, 916.67, '2017-11-01 00:00:00', 1),
(762, 58, 4000.00, '2017-11-01 00:00:00', 1),
(763, 59, 233.33, '2017-11-01 00:00:00', 1),
(765, 61, 0.00, '2017-11-01 00:00:00', 1),
(770, 68, 25000.00, '2017-11-01 00:00:00', 1),
(771, 69, 1.00, '2017-11-01 00:00:00', 1),
(772, 70, 1.00, '2017-11-01 00:00:00', 1),
(773, 71, 1.00, '2017-11-01 00:00:00', 1),
(774, 72, 1.00, '2017-11-01 00:00:00', 1),
(775, 1, 1150.00, '2017-12-01 00:00:00', 1),
(776, 2, 500.00, '2017-12-01 00:00:00', 1),
(777, 3, 600.00, '2017-12-01 00:00:00', 1),
(778, 4, 1200.00, '2017-12-01 00:00:00', 1),
(779, 5, 500.00, '2017-12-01 00:00:00', 1),
(780, 6, 1200.00, '2017-12-01 00:00:00', 1),
(781, 7, 100.00, '2017-12-01 00:00:00', 1),
(782, 8, 250.00, '2017-12-01 00:00:00', 1),
(787, 13, 2000.00, '2017-12-01 00:00:00', 1),
(788, 14, 500.00, '2017-12-01 00:00:00', 1),
(789, 15, 1000.00, '2017-12-01 00:00:00', 1),
(790, 16, 1000.00, '2017-12-01 00:00:00', 1),
(791, 17, 1000.00, '2017-12-01 00:00:00', 1),
(793, 19, 2000.00, '2017-12-01 00:00:00', 1),
(795, 21, 0.00, '2017-12-01 00:00:00', 1),
(800, 26, 500.00, '2017-12-01 00:00:00', 1),
(801, 27, 1200.00, '2017-12-01 00:00:00', 1),
(807, 33, 24154.00, '2017-12-01 00:00:00', 1),
(808, 34, 6471.00, '2017-12-01 00:00:00', 1),
(812, 38, 0.00, '2017-12-01 00:00:00', 1),
(814, 40, 4000.00, '2017-12-01 00:00:00', 1),
(819, 45, 3000.00, '2017-12-01 00:00:00', 1),
(825, 51, 916.67, '2017-12-01 00:00:00', 1),
(826, 52, 2500.00, '2017-12-01 00:00:00', 1),
(827, 53, 7500.00, '2017-12-01 00:00:00', 1),
(828, 54, 833.33, '2017-12-01 00:00:00', 1),
(829, 55, 700.00, '2017-12-01 00:00:00', 1),
(830, 56, 750.00, '2017-12-01 00:00:00', 1),
(831, 57, 916.67, '2017-12-01 00:00:00', 1),
(832, 58, 4000.00, '2017-12-01 00:00:00', 1),
(833, 59, 233.33, '2017-12-01 00:00:00', 1),
(835, 61, 0.00, '2017-12-01 00:00:00', 1),
(840, 68, 55000.00, '2017-12-01 00:00:00', 1),
(841, 69, 1.00, '2017-12-01 00:00:00', 1),
(842, 70, 1.00, '2017-12-01 00:00:00', 1),
(843, 71, 1.00, '2017-12-01 00:00:00', 1),
(844, 72, 1.00, '2017-12-01 00:00:00', 1),
(845, 1, 1150.00, '2018-01-01 00:00:00', 1),
(846, 2, 500.00, '2018-01-01 00:00:00', 1),
(847, 3, 600.00, '2018-01-01 00:00:00', 1),
(848, 4, 1200.00, '2018-01-01 00:00:00', 1),
(849, 5, 500.00, '2018-01-01 00:00:00', 1),
(850, 6, 1400.00, '2018-01-01 00:00:00', 1),
(851, 7, 100.00, '2018-01-01 00:00:00', 1),
(852, 8, 250.00, '2018-01-01 00:00:00', 1),
(857, 13, 2000.00, '2018-01-01 00:00:00', 1),
(858, 14, 500.00, '2018-01-01 00:00:00', 1),
(859, 15, 1000.00, '2018-01-01 00:00:00', 1),
(860, 16, 1000.00, '2018-01-01 00:00:00', 1),
(861, 17, 1000.00, '2018-01-01 00:00:00', 1),
(863, 19, 2000.00, '2018-01-01 00:00:00', 1),
(865, 21, 0.00, '2018-01-01 00:00:00', 1),
(870, 26, 500.00, '2018-01-01 00:00:00', 1),
(871, 27, 1200.00, '2018-01-01 00:00:00', 1),
(877, 33, 24154.00, '2018-01-01 00:00:00', 1),
(878, 34, 6471.00, '2018-01-01 00:00:00', 1),
(882, 38, 0.00, '2018-01-01 00:00:00', 1),
(884, 40, 4000.00, '2018-01-01 00:00:00', 1),
(889, 45, 3000.00, '2018-01-01 00:00:00', 1),
(895, 51, 916.67, '2018-01-01 00:00:00', 1),
(896, 52, 2500.00, '2018-01-01 00:00:00', 1),
(897, 53, 7500.00, '2018-01-01 00:00:00', 1),
(898, 54, 833.33, '2018-01-01 00:00:00', 1),
(899, 55, 700.00, '2018-01-01 00:00:00', 1),
(900, 56, 750.00, '2018-01-01 00:00:00', 1),
(901, 57, 916.67, '2018-01-01 00:00:00', 1),
(902, 58, 4000.00, '2018-01-01 00:00:00', 1),
(903, 59, 233.33, '2018-01-01 00:00:00', 1),
(905, 61, 0.00, '2018-01-01 00:00:00', 1),
(910, 68, 33000.00, '2018-01-01 00:00:00', 1),
(911, 69, 1.00, '2018-01-01 00:00:00', 1),
(912, 70, 1.00, '2018-01-01 00:00:00', 1),
(913, 71, 1.00, '2018-01-01 00:00:00', 1),
(914, 72, 1.00, '2018-01-01 00:00:00', 1),
(915, 1, 1150.00, '2018-02-01 00:00:00', 1),
(916, 2, 600.00, '2018-02-01 00:00:00', 1),
(917, 3, 600.00, '2018-02-01 00:00:00', 1),
(918, 4, 1200.00, '2018-02-01 00:00:00', 1),
(919, 5, 500.00, '2018-02-01 00:00:00', 1),
(920, 6, 1400.00, '2018-02-01 00:00:00', 1),
(921, 7, 100.00, '2018-02-01 00:00:00', 1),
(922, 8, 250.00, '2018-02-01 00:00:00', 1),
(927, 13, 2000.00, '2018-02-01 00:00:00', 1),
(928, 14, 500.00, '2018-02-01 00:00:00', 1),
(929, 15, 1000.00, '2018-02-01 00:00:00', 1),
(930, 16, 1000.00, '2018-02-01 00:00:00', 1),
(931, 17, 1000.00, '2018-02-01 00:00:00', 1),
(933, 19, 2000.00, '2018-02-01 00:00:00', 1),
(935, 21, 0.00, '2018-02-01 00:00:00', 1),
(940, 26, 500.00, '2018-02-01 00:00:00', 1),
(941, 27, 1200.00, '2018-02-01 00:00:00', 1),
(947, 33, 24154.00, '2018-02-01 00:00:00', 1),
(948, 34, 6471.00, '2018-02-01 00:00:00', 1),
(952, 38, 0.00, '2018-02-01 00:00:00', 1),
(954, 40, 4000.00, '2018-02-01 00:00:00', 1),
(959, 45, 3000.00, '2018-02-01 00:00:00', 1),
(965, 51, 916.67, '2018-02-01 00:00:00', 1),
(966, 52, 2500.00, '2018-02-01 00:00:00', 1),
(967, 53, 7500.00, '2018-02-01 00:00:00', 1),
(968, 54, 833.33, '2018-02-01 00:00:00', 1),
(969, 55, 700.00, '2018-02-01 00:00:00', 1),
(970, 56, 750.00, '2018-02-01 00:00:00', 1),
(971, 57, 916.67, '2018-02-01 00:00:00', 1),
(972, 58, 4000.00, '2018-02-01 00:00:00', 1),
(973, 59, 233.33, '2018-02-01 00:00:00', 1),
(975, 61, 0.00, '2018-02-01 00:00:00', 1),
(980, 68, 12000.00, '2018-02-01 00:00:00', 1),
(981, 69, 1.00, '2018-02-01 00:00:00', 1),
(982, 70, 1.00, '2018-02-01 00:00:00', 1),
(983, 71, 1.00, '2018-02-01 00:00:00', 1),
(984, 72, 1.00, '2018-02-01 00:00:00', 1),
(985, 1, 1150.00, '2018-03-01 00:00:00', 1),
(986, 2, 600.00, '2018-03-01 00:00:00', 1),
(987, 3, 600.00, '2018-03-01 00:00:00', 1),
(988, 4, 1400.00, '2018-03-01 00:00:00', 1),
(989, 5, 500.00, '2018-03-01 00:00:00', 1),
(990, 6, 1400.00, '2018-03-01 00:00:00', 1),
(991, 7, 100.00, '2018-03-01 00:00:00', 1),
(992, 8, 250.00, '2018-03-01 00:00:00', 1),
(997, 13, 2000.00, '2018-03-01 00:00:00', 1),
(998, 14, 500.00, '2018-03-01 00:00:00', 1),
(999, 15, 1000.00, '2018-03-01 00:00:00', 1),
(1000, 16, 1000.00, '2018-03-01 00:00:00', 1),
(1001, 17, 1000.00, '2018-03-01 00:00:00', 1),
(1003, 19, 2000.00, '2018-03-01 00:00:00', 1),
(1005, 21, 0.00, '2018-03-01 00:00:00', 1),
(1010, 26, 500.00, '2018-03-01 00:00:00', 1),
(1011, 27, 1200.00, '2018-03-01 00:00:00', 1),
(1017, 33, 24154.00, '2018-03-01 00:00:00', 1),
(1018, 34, 6471.00, '2018-03-01 00:00:00', 1),
(1022, 38, 0.00, '2018-03-01 00:00:00', 1),
(1024, 40, 4000.00, '2018-03-01 00:00:00', 1),
(1029, 45, 4000.00, '2018-03-01 00:00:00', 1),
(1035, 51, 916.67, '2018-03-01 00:00:00', 1),
(1036, 52, 2500.00, '2018-03-01 00:00:00', 1),
(1037, 53, 7500.00, '2018-03-01 00:00:00', 1),
(1038, 54, 833.33, '2018-03-01 00:00:00', 1),
(1039, 55, 700.00, '2018-03-01 00:00:00', 1),
(1040, 56, 750.00, '2018-03-01 00:00:00', 1),
(1041, 57, 916.67, '2018-03-01 00:00:00', 1),
(1042, 58, 4000.00, '2018-03-01 00:00:00', 1),
(1043, 59, 233.33, '2018-03-01 00:00:00', 1),
(1045, 61, 0.00, '2018-03-01 00:00:00', 1),
(1050, 68, 1.00, '2018-03-01 00:00:00', 1),
(1051, 69, 1.00, '2018-03-01 00:00:00', 1),
(1052, 70, 1.00, '2018-03-01 00:00:00', 1),
(1053, 71, 42000.00, '2018-03-01 00:00:00', 1),
(1054, 72, 1.00, '2018-03-01 00:00:00', 1),
(1055, 1, 1150.00, '2018-04-01 00:00:00', 1),
(1056, 2, 600.00, '2018-04-01 00:00:00', 1),
(1057, 3, 600.00, '2018-04-01 00:00:00', 1),
(1058, 4, 1400.00, '2018-04-01 00:00:00', 1),
(1059, 5, 500.00, '2018-04-01 00:00:00', 1),
(1060, 6, 1400.00, '2018-04-01 00:00:00', 1),
(1061, 7, 100.00, '2018-04-01 00:00:00', 1),
(1062, 8, 250.00, '2018-04-01 00:00:00', 1),
(1067, 13, 2000.00, '2018-04-01 00:00:00', 1),
(1068, 14, 500.00, '2018-04-01 00:00:00', 1),
(1069, 15, 1000.00, '2018-04-01 00:00:00', 1),
(1070, 16, 1000.00, '2018-04-01 00:00:00', 1),
(1071, 17, 1000.00, '2018-04-01 00:00:00', 1),
(1073, 19, 2000.00, '2018-04-01 00:00:00', 1),
(1075, 21, 0.00, '2018-04-01 00:00:00', 1),
(1080, 26, 500.00, '2018-04-01 00:00:00', 1),
(1081, 27, 1200.00, '2018-04-01 00:00:00', 1),
(1087, 33, 24154.00, '2018-04-01 00:00:00', 1),
(1088, 34, 6471.00, '2018-04-01 00:00:00', 1),
(1092, 38, 0.00, '2018-04-01 00:00:00', 1),
(1094, 40, 4000.00, '2018-04-01 00:00:00', 1),
(1099, 45, 4000.00, '2018-04-01 00:00:00', 1),
(1105, 51, 916.67, '2018-04-01 00:00:00', 1),
(1106, 52, 2500.00, '2018-04-01 00:00:00', 1),
(1107, 53, 7500.00, '2018-04-01 00:00:00', 1),
(1108, 54, 833.33, '2018-04-01 00:00:00', 1),
(1109, 55, 700.00, '2018-04-01 00:00:00', 1),
(1110, 56, 750.00, '2018-04-01 00:00:00', 1),
(1111, 57, 916.67, '2018-04-01 00:00:00', 1),
(1112, 58, 4000.00, '2018-04-01 00:00:00', 1),
(1113, 59, 650.00, '2018-04-01 00:00:00', 1),
(1115, 61, 0.00, '2018-04-01 00:00:00', 1),
(1120, 68, 20000.00, '2018-04-01 00:00:00', 1),
(1121, 69, 1.00, '2018-04-01 00:00:00', 1),
(1122, 70, 1.00, '2018-04-01 00:00:00', 1),
(1123, 71, 1.00, '2018-04-01 00:00:00', 1),
(1124, 72, 1.00, '2018-04-01 00:00:00', 1),
(1125, 1, 1150.00, '2018-05-01 00:00:00', 1),
(1126, 2, 600.00, '2018-05-01 00:00:00', 1),
(1127, 3, 600.00, '2018-05-01 00:00:00', 1),
(1128, 4, 1400.00, '2018-05-01 00:00:00', 1),
(1129, 5, 500.00, '2018-05-01 00:00:00', 1),
(1130, 6, 1400.00, '2018-05-01 00:00:00', 1),
(1131, 7, 100.00, '2018-05-01 00:00:00', 1),
(1132, 8, 250.00, '2018-05-01 00:00:00', 1),
(1137, 13, 2000.00, '2018-05-01 00:00:00', 1),
(1138, 14, 500.00, '2018-05-01 00:00:00', 1),
(1139, 15, 1000.00, '2018-05-01 00:00:00', 1),
(1140, 16, 1000.00, '2018-05-01 00:00:00', 1),
(1141, 17, 1000.00, '2018-05-01 00:00:00', 1),
(1143, 19, 2000.00, '2018-05-01 00:00:00', 1),
(1145, 21, 0.00, '2018-05-01 00:00:00', 1),
(1150, 26, 500.00, '2018-05-01 00:00:00', 1),
(1151, 27, 1200.00, '2018-05-01 00:00:00', 1),
(1157, 33, 24154.00, '2018-05-01 00:00:00', 1),
(1158, 34, 6471.00, '2018-05-01 00:00:00', 1),
(1162, 38, 0.00, '2018-05-01 00:00:00', 1),
(1164, 40, 4000.00, '2018-05-01 00:00:00', 1),
(1169, 45, 4000.00, '2018-05-01 00:00:00', 1),
(1175, 51, 916.67, '2018-05-01 00:00:00', 1),
(1176, 52, 2500.00, '2018-05-01 00:00:00', 1),
(1177, 53, 7500.00, '2018-05-01 00:00:00', 1),
(1178, 54, 833.33, '2018-05-01 00:00:00', 1),
(1179, 55, 700.00, '2018-05-01 00:00:00', 1),
(1180, 56, 750.00, '2018-05-01 00:00:00', 1),
(1181, 57, 916.67, '2018-05-01 00:00:00', 1),
(1182, 58, 4000.00, '2018-05-01 00:00:00', 1),
(1183, 59, 233.33, '2018-05-01 00:00:00', 1),
(1185, 61, 0.00, '2018-05-01 00:00:00', 1),
(1190, 68, 20500.00, '2018-05-01 00:00:00', 1),
(1191, 69, 1.00, '2018-05-01 00:00:00', 1),
(1192, 70, 1.00, '2018-05-01 00:00:00', 1),
(1193, 71, 1.00, '2018-05-01 00:00:00', 1),
(1194, 72, 1.00, '2018-05-01 00:00:00', 1),
(1195, 1, 1150.00, '2018-06-01 00:00:00', 1),
(1196, 2, 600.00, '2018-06-01 00:00:00', 1),
(1197, 3, 600.00, '2018-06-01 00:00:00', 1),
(1198, 4, 1400.00, '2018-06-01 00:00:00', 1),
(1199, 5, 500.00, '2018-06-01 00:00:00', 1),
(1200, 6, 1400.00, '2018-06-01 00:00:00', 1),
(1201, 7, 100.00, '2018-06-01 00:00:00', 1),
(1202, 8, 250.00, '2018-06-01 00:00:00', 1),
(1207, 13, 2000.00, '2018-06-01 00:00:00', 1),
(1208, 14, 500.00, '2018-06-01 00:00:00', 1),
(1209, 15, 1000.00, '2018-06-01 00:00:00', 1),
(1210, 16, 1000.00, '2018-06-01 00:00:00', 1),
(1211, 17, 1000.00, '2018-06-01 00:00:00', 1),
(1213, 19, 2000.00, '2018-06-01 00:00:00', 1),
(1215, 21, 0.00, '2018-06-01 00:00:00', 1),
(1220, 26, 500.00, '2018-06-01 00:00:00', 1),
(1221, 27, 1200.00, '2018-06-01 00:00:00', 1),
(1227, 33, 24154.00, '2018-06-01 00:00:00', 1),
(1228, 34, 6471.00, '2018-06-01 00:00:00', 1),
(1232, 38, 0.00, '2018-06-01 00:00:00', 1),
(1234, 40, 4000.00, '2018-06-01 00:00:00', 1),
(1239, 45, 4000.00, '2018-06-01 00:00:00', 1),
(1245, 51, 916.67, '2018-06-01 00:00:00', 1),
(1246, 52, 2500.00, '2018-06-01 00:00:00', 1),
(1247, 53, 7500.00, '2018-06-01 00:00:00', 1),
(1248, 54, 833.33, '2018-06-01 00:00:00', 1),
(1249, 55, 700.00, '2018-06-01 00:00:00', 1),
(1250, 56, 750.00, '2018-06-01 00:00:00', 1),
(1251, 57, 916.67, '2018-06-01 00:00:00', 1),
(1252, 58, 4000.00, '2018-06-01 00:00:00', 1),
(1253, 59, 233.33, '2018-06-01 00:00:00', 1),
(1255, 61, 0.00, '2018-06-01 00:00:00', 1),
(1260, 68, 20000.00, '2018-06-01 00:00:00', 1),
(1261, 69, 1.00, '2018-06-01 00:00:00', 1),
(1262, 70, 1.00, '2018-06-01 00:00:00', 1),
(1263, 71, 1.00, '2018-06-01 00:00:00', 1),
(1264, 72, 1.00, '2018-06-01 00:00:00', 1),
(1265, 1, 1150.00, '2018-07-01 00:00:00', 1),
(1266, 2, 600.00, '2018-07-01 00:00:00', 1),
(1267, 3, 600.00, '2018-07-01 00:00:00', 1),
(1268, 4, 1400.00, '2018-07-01 00:00:00', 1),
(1269, 5, 500.00, '2018-07-01 00:00:00', 1),
(1270, 6, 1400.00, '2018-07-01 00:00:00', 1),
(1271, 7, 100.00, '2018-07-01 00:00:00', 1),
(1272, 8, 250.00, '2018-07-01 00:00:00', 1),
(1277, 13, 2000.00, '2018-07-01 00:00:00', 1),
(1278, 14, 500.00, '2018-07-01 00:00:00', 1),
(1279, 15, 1000.00, '2018-07-01 00:00:00', 1),
(1280, 16, 1000.00, '2018-07-01 00:00:00', 1),
(1281, 17, 1000.00, '2018-07-01 00:00:00', 1),
(1283, 19, 2000.00, '2018-07-01 00:00:00', 1),
(1285, 21, 0.00, '2018-07-01 00:00:00', 1),
(1290, 26, 500.00, '2018-07-01 00:00:00', 1),
(1291, 27, 1200.00, '2018-07-01 00:00:00', 1),
(1297, 33, 24154.00, '2018-07-01 00:00:00', 1),
(1298, 34, 6471.00, '2018-07-01 00:00:00', 1),
(1302, 38, 0.00, '2018-07-01 00:00:00', 1),
(1304, 40, 4000.00, '2018-07-01 00:00:00', 1),
(1309, 45, 4000.00, '2018-07-01 00:00:00', 1),
(1315, 51, 916.67, '2018-07-01 00:00:00', 1),
(1316, 52, 2500.00, '2018-07-01 00:00:00', 1),
(1317, 53, 7500.00, '2018-07-01 00:00:00', 1),
(1318, 54, 833.33, '2018-07-01 00:00:00', 1),
(1319, 55, 700.00, '2018-07-01 00:00:00', 1),
(1320, 56, 750.00, '2018-07-01 00:00:00', 1),
(1321, 57, 916.67, '2018-07-01 00:00:00', 1),
(1322, 58, 4000.00, '2018-07-01 00:00:00', 1),
(1323, 59, 233.33, '2018-07-01 00:00:00', 1),
(1325, 61, 0.00, '2018-07-01 00:00:00', 1),
(1330, 68, 1.00, '2018-07-01 00:00:00', 1),
(1331, 69, 10000.00, '2018-07-01 00:00:00', 1),
(1332, 70, 1.00, '2018-07-01 00:00:00', 1),
(1333, 71, 1.00, '2018-07-01 00:00:00', 1),
(1334, 72, 1.00, '2018-07-01 00:00:00', 1),
(1336, 74, 4500.00, '2018-07-01 00:00:00', 1),
(2088, 16, 1000.00, '2019-07-01 00:00:00', 1),
(1340, 1, 1150.00, '2018-08-01 00:00:00', 1),
(1341, 2, 600.00, '2018-08-01 00:00:00', 1),
(1342, 3, 600.00, '2018-08-01 00:00:00', 1),
(1343, 4, 1400.00, '2018-08-01 00:00:00', 1),
(1344, 5, 1000.00, '2018-08-01 00:00:00', 1),
(1345, 6, 1400.00, '2018-08-01 00:00:00', 1),
(1346, 7, 200.00, '2018-08-01 00:00:00', 1),
(1347, 8, 250.00, '2018-08-01 00:00:00', 1),
(1352, 13, 2000.00, '2018-08-01 00:00:00', 1),
(1353, 14, 500.00, '2018-08-01 00:00:00', 1),
(1354, 15, 1000.00, '2018-08-01 00:00:00', 1),
(1355, 16, 1000.00, '2018-08-01 00:00:00', 1),
(1356, 17, 1000.00, '2018-08-01 00:00:00', 1),
(1358, 19, 1000.00, '2018-08-01 00:00:00', 1),
(1360, 21, 3000.00, '2018-08-01 00:00:00', 1),
(1365, 26, 500.00, '2018-08-01 00:00:00', 1),
(1366, 27, 1200.00, '2018-08-01 00:00:00', 1),
(1372, 33, 24154.00, '2018-08-01 00:00:00', 1),
(1373, 34, 6471.00, '2018-08-01 00:00:00', 1),
(1377, 38, 0.00, '2018-08-01 00:00:00', 1),
(1379, 40, 4000.00, '2018-08-01 00:00:00', 1),
(1384, 45, 4000.00, '2018-08-01 00:00:00', 1),
(1390, 51, 1000.00, '2018-08-01 00:00:00', 1),
(1391, 52, 2500.00, '2018-08-01 00:00:00', 1),
(1392, 53, 7500.00, '2018-08-01 00:00:00', 1),
(1393, 54, 800.00, '2018-08-01 00:00:00', 1),
(1394, 55, 700.00, '2018-08-01 00:00:00', 1),
(1395, 56, 750.00, '2018-08-01 00:00:00', 1),
(1396, 57, 900.00, '2018-08-01 00:00:00', 1),
(1397, 58, 4000.00, '2018-08-01 00:00:00', 1),
(1398, 59, 300.00, '2018-08-01 00:00:00', 1),
(1400, 61, 0.00, '2018-08-01 00:00:00', 1),
(1405, 68, 1.00, '2018-08-01 00:00:00', 1),
(1406, 69, 1.00, '2018-08-01 00:00:00', 1),
(1407, 70, 1.00, '2018-08-01 00:00:00', 1),
(1408, 71, 1.00, '2018-08-01 00:00:00', 1),
(1409, 72, 1.00, '2018-08-01 00:00:00', 1),
(1411, 74, 3000.00, '2018-08-01 00:00:00', 1),
(2087, 15, 3000.00, '2019-07-01 00:00:00', 1),
(1415, 66, 4000.00, '2018-08-01 00:00:00', 2),
(1416, 67, 3000.00, '2018-08-01 00:00:00', 2),
(1417, 1, 1150.00, '2018-09-01 00:00:00', 1),
(1418, 2, 600.00, '2018-09-01 00:00:00', 1),
(1419, 3, 600.00, '2018-09-01 00:00:00', 1),
(1420, 4, 1400.00, '2018-09-01 00:00:00', 1),
(1421, 5, 1000.00, '2018-09-01 00:00:00', 1),
(1422, 6, 1400.00, '2018-09-01 00:00:00', 1),
(1423, 7, 200.00, '2018-09-01 00:00:00', 1),
(1424, 8, 250.00, '2018-09-01 00:00:00', 1),
(1429, 13, 2000.00, '2018-09-01 00:00:00', 1),
(1430, 14, 500.00, '2018-09-01 00:00:00', 1),
(1431, 15, 1300.00, '2018-09-01 00:00:00', 1),
(1432, 16, 1000.00, '2018-09-01 00:00:00', 1),
(1433, 17, 1000.00, '2018-09-01 00:00:00', 1),
(1435, 19, 1000.00, '2018-09-01 00:00:00', 1),
(1437, 21, 3000.00, '2018-09-01 00:00:00', 1),
(1442, 26, 500.00, '2018-09-01 00:00:00', 1),
(1443, 27, 1200.00, '2018-09-01 00:00:00', 1),
(1449, 33, 24154.00, '2018-09-01 00:00:00', 1),
(1450, 34, 6471.00, '2018-09-01 00:00:00', 1),
(1454, 38, 2000.00, '2018-09-01 00:00:00', 1),
(1456, 40, 4000.00, '2018-09-01 00:00:00', 1),
(1461, 45, 4000.00, '2018-09-01 00:00:00', 1),
(1467, 51, 1000.00, '2018-09-01 00:00:00', 1),
(1468, 52, 2500.00, '2018-09-01 00:00:00', 1),
(1469, 53, 7500.00, '2018-09-01 00:00:00', 1),
(1470, 54, 800.00, '2018-09-01 00:00:00', 1),
(1471, 55, 700.00, '2018-09-01 00:00:00', 1),
(1472, 56, 750.00, '2018-09-01 00:00:00', 1),
(1473, 57, 900.00, '2018-09-01 00:00:00', 1),
(1474, 58, 4000.00, '2018-09-01 00:00:00', 1),
(1475, 59, 300.00, '2018-09-01 00:00:00', 1),
(1477, 61, 0.00, '2018-09-01 00:00:00', 1),
(1482, 68, 1.00, '2018-09-01 00:00:00', 1),
(1483, 69, 1.00, '2018-09-01 00:00:00', 1),
(1484, 70, 1.00, '2018-09-01 00:00:00', 1),
(1485, 71, 1.00, '2018-09-01 00:00:00', 1),
(1486, 72, 1.00, '2018-09-01 00:00:00', 1),
(1488, 74, 3500.00, '2018-09-01 00:00:00', 1),
(2086, 14, 500.00, '2019-07-01 00:00:00', 1),
(1492, 66, 4000.00, '2018-09-01 00:00:00', 2),
(1493, 67, 3000.00, '2018-09-01 00:00:00', 2),
(1494, 1, 1150.00, '2018-10-01 00:00:00', 1),
(1495, 2, 600.00, '2018-10-01 00:00:00', 1),
(1496, 3, 600.00, '2018-10-01 00:00:00', 1),
(1497, 4, 1400.00, '2018-10-01 00:00:00', 1),
(1498, 5, 1000.00, '2018-10-01 00:00:00', 1),
(1499, 6, 1400.00, '2018-10-01 00:00:00', 1),
(1500, 7, 200.00, '2018-10-01 00:00:00', 1),
(1501, 8, 250.00, '2018-10-01 00:00:00', 1),
(1506, 13, 2000.00, '2018-10-01 00:00:00', 1),
(1507, 14, 500.00, '2018-10-01 00:00:00', 1),
(1508, 15, 9000.00, '2018-10-01 00:00:00', 1),
(1509, 16, 1000.00, '2018-10-01 00:00:00', 1),
(1510, 17, 1000.00, '2018-10-01 00:00:00', 1),
(1512, 19, 1000.00, '2018-10-01 00:00:00', 1),
(1514, 21, 3000.00, '2018-10-01 00:00:00', 1),
(1519, 26, 500.00, '2018-10-01 00:00:00', 1),
(1520, 27, 1200.00, '2018-10-01 00:00:00', 1),
(2072, 108, 4500.00, '2019-06-01 00:00:00', 1),
(2071, 105, 2000.00, '2019-06-01 00:00:00', 1),
(1526, 33, 24154.00, '2018-10-01 00:00:00', 1),
(1527, 34, 6471.00, '2018-10-01 00:00:00', 1),
(2070, 104, 4500.00, '2019-06-01 00:00:00', 1),
(2069, 103, 4500.00, '2019-06-01 00:00:00', 1),
(1531, 38, 2000.00, '2018-10-01 00:00:00', 1),
(1533, 40, 4000.00, '2018-10-01 00:00:00', 1),
(1538, 45, 4000.00, '2018-10-01 00:00:00', 1),
(1544, 51, 1000.00, '2018-10-01 00:00:00', 1),
(1545, 52, 2500.00, '2018-10-01 00:00:00', 1),
(1546, 53, 7500.00, '2018-10-01 00:00:00', 1),
(1547, 54, 800.00, '2018-10-01 00:00:00', 1),
(1548, 55, 700.00, '2018-10-01 00:00:00', 1),
(1549, 56, 750.00, '2018-10-01 00:00:00', 1),
(1550, 57, 900.00, '2018-10-01 00:00:00', 1),
(1551, 58, 4000.00, '2018-10-01 00:00:00', 1),
(1552, 59, 300.00, '2018-10-01 00:00:00', 1),
(1554, 61, 0.00, '2018-10-01 00:00:00', 1),
(1559, 68, 1.00, '2018-10-01 00:00:00', 1),
(1560, 69, 1.00, '2018-10-01 00:00:00', 1),
(1561, 70, 1.00, '2018-10-01 00:00:00', 1),
(1562, 71, 1.00, '2018-10-01 00:00:00', 1),
(1563, 72, 1.00, '2018-10-01 00:00:00', 1),
(1565, 74, 3500.00, '2018-10-01 00:00:00', 1),
(2128, 105, 2000.00, '2019-07-01 00:00:00', 1),
(2085, 13, 3000.00, '2019-07-01 00:00:00', 1),
(2127, 111, 500.00, '2019-07-01 00:00:00', 1),
(1569, 1, 1150.00, '2018-11-01 00:00:00', 1),
(1570, 2, 600.00, '2018-11-01 00:00:00', 1),
(1571, 3, 600.00, '2018-11-01 00:00:00', 1),
(1572, 4, 1400.00, '2018-11-01 00:00:00', 1),
(1573, 5, 1000.00, '2018-11-01 00:00:00', 1),
(1574, 6, 1400.00, '2018-11-01 00:00:00', 1),
(1575, 7, 200.00, '2018-11-01 00:00:00', 1),
(1576, 8, 250.00, '2018-11-01 00:00:00', 1),
(2066, 106, 4500.00, '2019-06-01 00:00:00', 1),
(1581, 13, 2000.00, '2018-11-01 00:00:00', 1),
(1582, 14, 500.00, '2018-11-01 00:00:00', 1),
(1583, 15, 1000.00, '2018-11-01 00:00:00', 1),
(1584, 16, 1000.00, '2018-11-01 00:00:00', 1),
(1585, 17, 1000.00, '2018-11-01 00:00:00', 1),
(2126, 104, 4500.00, '2019-07-01 00:00:00', 1),
(1587, 19, 1000.00, '2018-11-01 00:00:00', 1),
(1589, 21, 3000.00, '2018-11-01 00:00:00', 1),
(1773, 93, 0.00, '2019-01-01 00:00:00', 1),
(2094, 27, 3000.00, '2019-07-01 00:00:00', 1),
(1594, 26, 500.00, '2018-11-01 00:00:00', 1),
(1595, 27, 1200.00, '2018-11-01 00:00:00', 1),
(2125, 103, 4500.00, '2019-07-01 00:00:00', 1),
(2084, 8, 250.00, '2019-07-01 00:00:00', 1),
(2060, 74, 3000.00, '2019-06-01 00:00:00', 1),
(1601, 33, 24154.00, '2018-11-01 00:00:00', 1),
(1602, 34, 6471.00, '2018-11-01 00:00:00', 1),
(1771, 92, 100.00, '2019-01-01 00:00:00', 6),
(2058, 72, 1.00, '2019-06-01 00:00:00', 1),
(1606, 38, 2000.00, '2018-11-01 00:00:00', 1),
(1770, 91, 100.00, '2019-01-01 00:00:00', 5),
(1608, 40, 4000.00, '2018-11-01 00:00:00', 1),
(1769, 90, 100.00, '2019-01-01 00:00:00', 4),
(1768, 89, 400.00, '2019-01-01 00:00:00', 2),
(1767, 88, 400.00, '2019-01-01 00:00:00', 2),
(1766, 67, 3000.00, '2019-01-01 00:00:00', 2),
(1613, 45, 4000.00, '2018-11-01 00:00:00', 1),
(2057, 71, 1.00, '2019-06-01 00:00:00', 1),
(1765, 66, 4000.00, '2019-01-01 00:00:00', 2),
(2056, 70, 1.00, '2019-06-01 00:00:00', 1),
(1764, 87, 2000.00, '2019-01-01 00:00:00', 1),
(1763, 86, 400.00, '2019-01-01 00:00:00', 3),
(1619, 51, 1000.00, '2018-11-01 00:00:00', 1),
(1620, 52, 2500.00, '2018-11-01 00:00:00', 1),
(1621, 53, 7500.00, '2018-11-01 00:00:00', 1),
(1622, 54, 800.00, '2018-11-01 00:00:00', 1),
(1623, 55, 700.00, '2018-11-01 00:00:00', 1),
(1624, 56, 750.00, '2018-11-01 00:00:00', 1),
(1625, 57, 900.00, '2018-11-01 00:00:00', 1),
(1626, 58, 4000.00, '2018-11-01 00:00:00', 1),
(1627, 59, 300.00, '2018-11-01 00:00:00', 1),
(1762, 85, 400.00, '2019-01-01 00:00:00', 3),
(1629, 61, 3000.00, '2018-11-01 00:00:00', 1),
(1761, 84, 400.00, '2019-01-01 00:00:00', 3),
(1760, 83, 100.00, '2019-01-01 00:00:00', 3),
(1759, 82, 4500.00, '2019-01-01 00:00:00', 1),
(1634, 68, 1.00, '2018-11-01 00:00:00', 1),
(1635, 69, 1.00, '2018-11-01 00:00:00', 1),
(1636, 70, 1.00, '2018-11-01 00:00:00', 1),
(1637, 71, 1.00, '2018-11-01 00:00:00', 1),
(1638, 72, 1.00, '2018-11-01 00:00:00', 1),
(2122, 106, 4500.00, '2019-07-01 00:00:00', 1),
(1640, 74, 3500.00, '2018-11-01 00:00:00', 1),
(2083, 7, 200.00, '2019-07-01 00:00:00', 1),
(2120, 112, 6000.00, '2019-07-01 00:00:00', 1),
(1644, 1, 1150.00, '2018-12-01 00:00:00', 1),
(1645, 2, 600.00, '2018-12-01 00:00:00', 1),
(1646, 3, 600.00, '2018-12-01 00:00:00', 1),
(1647, 4, 1400.00, '2018-12-01 00:00:00', 1),
(1648, 5, 1000.00, '2018-12-01 00:00:00', 1),
(1649, 6, 1400.00, '2018-12-01 00:00:00', 1),
(1650, 7, 200.00, '2018-12-01 00:00:00', 1),
(1651, 8, 250.00, '2018-12-01 00:00:00', 1),
(2055, 69, 1.00, '2019-06-01 00:00:00', 1),
(1653, 13, 2000.00, '2018-12-01 00:00:00', 1),
(1654, 14, 500.00, '2018-12-01 00:00:00', 1),
(1655, 15, 1000.00, '2018-12-01 00:00:00', 1),
(1656, 16, 1000.00, '2018-12-01 00:00:00', 1),
(1657, 17, 1000.00, '2018-12-01 00:00:00', 1),
(2119, 74, 3000.00, '2019-07-01 00:00:00', 1),
(1659, 19, 1000.00, '2018-12-01 00:00:00', 1),
(2054, 68, 1.00, '2019-06-01 00:00:00', 1),
(1661, 21, 3000.00, '2018-12-01 00:00:00', 1),
(1663, 26, 500.00, '2018-12-01 00:00:00', 1),
(1664, 27, 1200.00, '2018-12-01 00:00:00', 1),
(2052, 82, 4500.00, '2019-06-01 00:00:00', 1),
(2051, 61, 3000.00, '2019-06-01 00:00:00', 1),
(1668, 33, 24154.00, '2018-12-01 00:00:00', 1),
(1669, 34, 6471.00, '2018-12-01 00:00:00', 1),
(2050, 59, 500.00, '2019-06-01 00:00:00', 1),
(2049, 58, 5000.00, '2019-06-01 00:00:00', 1),
(1672, 38, 2000.00, '2018-12-01 00:00:00', 1),
(1673, 40, 4000.00, '2018-12-01 00:00:00', 1),
(1674, 45, 4000.00, '2018-12-01 00:00:00', 1),
(2048, 57, 900.00, '2019-06-01 00:00:00', 1),
(2047, 56, 700.00, '2019-06-01 00:00:00', 1),
(1677, 51, 1000.00, '2018-12-01 00:00:00', 1),
(1678, 52, 2500.00, '2018-12-01 00:00:00', 1),
(1679, 53, 7500.00, '2018-12-01 00:00:00', 1),
(1680, 54, 800.00, '2018-12-01 00:00:00', 1),
(1681, 55, 700.00, '2018-12-01 00:00:00', 1),
(1682, 56, 750.00, '2018-12-01 00:00:00', 1),
(1683, 57, 900.00, '2018-12-01 00:00:00', 1),
(1684, 58, 4000.00, '2018-12-01 00:00:00', 1),
(1685, 59, 300.00, '2018-12-01 00:00:00', 1),
(1686, 61, 3000.00, '2018-12-01 00:00:00', 1),
(1687, 68, 1.00, '2018-12-01 00:00:00', 1),
(1688, 69, 1.00, '2018-12-01 00:00:00', 1),
(1689, 70, 1.00, '2018-12-01 00:00:00', 1),
(1690, 71, 1.00, '2018-12-01 00:00:00', 1),
(1691, 72, 1.00, '2018-12-01 00:00:00', 1),
(2118, 72, 1.00, '2019-07-01 00:00:00', 1),
(1693, 74, 3500.00, '2018-12-01 00:00:00', 1),
(2117, 71, 1.00, '2019-07-01 00:00:00', 1),
(2082, 6, 1400.00, '2019-07-01 00:00:00', 1),
(2116, 70, 1.00, '2019-07-01 00:00:00', 1),
(2093, 26, 500.00, '2019-07-01 00:00:00', 1),
(1698, 1, 1500.00, '2019-01-01 00:00:00', 1),
(1699, 2, 600.00, '2019-01-01 00:00:00', 1),
(1700, 3, 600.00, '2019-01-01 00:00:00', 1),
(1701, 4, 1400.00, '2019-01-01 00:00:00', 1),
(1702, 5, 1000.00, '2019-01-01 00:00:00', 1),
(1703, 6, 1400.00, '2019-01-01 00:00:00', 1),
(1704, 7, 200.00, '2019-01-01 00:00:00', 1),
(1705, 8, 250.00, '2019-01-01 00:00:00', 1),
(2046, 55, 1000.00, '2019-06-01 00:00:00', 1),
(1707, 13, 3000.00, '2019-01-01 00:00:00', 1),
(1708, 14, 500.00, '2019-01-01 00:00:00', 1),
(1709, 15, 4000.00, '2019-01-01 00:00:00', 1),
(1710, 16, 1000.00, '2019-01-01 00:00:00', 1),
(1711, 17, 1000.00, '2019-01-01 00:00:00', 1),
(2115, 69, 1.00, '2019-07-01 00:00:00', 1),
(1713, 19, 3500.00, '2019-01-01 00:00:00', 1),
(2045, 54, 1000.00, '2019-06-01 00:00:00', 1),
(1715, 21, 3000.00, '2019-01-01 00:00:00', 1),
(1716, 26, 500.00, '2019-01-01 00:00:00', 1),
(1717, 27, 1200.00, '2019-01-01 00:00:00', 1),
(2044, 53, 10000.00, '2019-06-01 00:00:00', 1),
(1720, 33, 24154.00, '2019-01-01 00:00:00', 1),
(1721, 34, 6471.00, '2019-01-01 00:00:00', 1),
(2043, 52, 3000.00, '2019-06-01 00:00:00', 1),
(2042, 51, 1000.00, '2019-06-01 00:00:00', 1),
(1724, 38, 2000.00, '2019-01-01 00:00:00', 1),
(1725, 40, 4000.00, '2019-01-01 00:00:00', 1),
(1726, 45, 4000.00, '2019-01-01 00:00:00', 1),
(2041, 45, 4000.00, '2019-06-01 00:00:00', 1),
(2040, 87, 1000.00, '2019-06-01 00:00:00', 1),
(1729, 51, 1000.00, '2019-01-01 00:00:00', 1),
(1730, 52, 3000.00, '2019-01-01 00:00:00', 1),
(1731, 53, 10000.00, '2019-01-01 00:00:00', 1),
(1732, 54, 1000.00, '2019-01-01 00:00:00', 1),
(1733, 55, 700.00, '2019-01-01 00:00:00', 1),
(1734, 56, 750.00, '2019-01-01 00:00:00', 1),
(1735, 57, 900.00, '2019-01-01 00:00:00', 1),
(1736, 58, 5000.00, '2019-01-01 00:00:00', 1),
(1737, 59, 500.00, '2019-01-01 00:00:00', 1),
(1738, 61, 3000.00, '2019-01-01 00:00:00', 1),
(1739, 68, 1.00, '2019-01-01 00:00:00', 1),
(1740, 69, 1.00, '2019-01-01 00:00:00', 1),
(1741, 70, 1.00, '2019-01-01 00:00:00', 1),
(1742, 71, 1.00, '2019-01-01 00:00:00', 1),
(1743, 72, 1.00, '2019-01-01 00:00:00', 1),
(2114, 68, 1.00, '2019-07-01 00:00:00', 1),
(1745, 74, 4000.00, '2019-01-01 00:00:00', 1),
(2113, 82, 4500.00, '2019-07-01 00:00:00', 1),
(2081, 5, 1000.00, '2019-07-01 00:00:00', 1),
(2112, 61, 3000.00, '2019-07-01 00:00:00', 1),
(2092, 93, 4500.00, '2019-07-01 00:00:00', 1),
(2039, 40, 4000.00, '2019-06-01 00:00:00', 1),
(2038, 38, 2000.00, '2019-06-01 00:00:00', 1),
(2037, 34, 6471.00, '2019-06-01 00:00:00', 1),
(2036, 33, 24154.00, '2019-06-01 00:00:00', 1),
(2034, 27, 3000.00, '2019-06-01 00:00:00', 1),
(2033, 26, 500.00, '2019-06-01 00:00:00', 1),
(1774, 1, 1500.00, '2019-02-01 00:00:00', 1),
(1775, 2, 600.00, '2019-02-01 00:00:00', 1),
(1776, 3, 600.00, '2019-02-01 00:00:00', 1),
(1777, 4, 1400.00, '2019-02-01 00:00:00', 1),
(1778, 5, 1000.00, '2019-02-01 00:00:00', 1),
(1779, 6, 1400.00, '2019-02-01 00:00:00', 1),
(1780, 7, 200.00, '2019-02-01 00:00:00', 1),
(1781, 8, 250.00, '2019-02-01 00:00:00', 1),
(1900, 1, 1500.00, '2019-04-01 00:00:00', 1),
(1783, 13, 3000.00, '2019-02-01 00:00:00', 1),
(1784, 14, 500.00, '2019-02-01 00:00:00', 1),
(1785, 15, 3000.00, '2019-02-01 00:00:00', 1),
(1786, 16, 1000.00, '2019-02-01 00:00:00', 1),
(1787, 17, 1000.00, '2019-02-01 00:00:00', 1),
(2111, 59, 500.00, '2019-07-01 00:00:00', 1),
(1789, 19, 3500.00, '2019-02-01 00:00:00', 1),
(2032, 93, 4500.00, '2019-06-01 00:00:00', 1),
(1791, 21, 3000.00, '2019-02-01 00:00:00', 1),
(1792, 93, 4500.00, '2019-02-01 00:00:00', 1),
(1793, 26, 500.00, '2019-02-01 00:00:00', 1),
(1794, 27, 1000.00, '2019-02-01 00:00:00', 1),
(2031, 21, 3000.00, '2019-06-01 00:00:00', 1),
(1797, 33, 24154.00, '2019-02-01 00:00:00', 1),
(1798, 34, 6471.00, '2019-02-01 00:00:00', 1),
(2030, 19, 3500.00, '2019-06-01 00:00:00', 1),
(2110, 58, 5000.00, '2019-07-01 00:00:00', 1),
(1801, 38, 2000.00, '2019-02-01 00:00:00', 1),
(1802, 40, 4000.00, '2019-02-01 00:00:00', 1),
(1803, 87, 1000.00, '2019-02-01 00:00:00', 1),
(1804, 45, 4000.00, '2019-02-01 00:00:00', 1),
(2028, 17, 1000.00, '2019-06-01 00:00:00', 1),
(2027, 16, 1000.00, '2019-06-01 00:00:00', 1),
(1807, 51, 1000.00, '2019-02-01 00:00:00', 1),
(1808, 52, 3000.00, '2019-02-01 00:00:00', 1),
(1809, 53, 10000.00, '2019-02-01 00:00:00', 1),
(1810, 54, 1000.00, '2019-02-01 00:00:00', 1),
(1811, 55, 600.00, '2019-02-01 00:00:00', 1),
(1812, 56, 700.00, '2019-02-01 00:00:00', 1),
(1813, 57, 900.00, '2019-02-01 00:00:00', 1),
(1814, 58, 5000.00, '2019-02-01 00:00:00', 1),
(1815, 59, 500.00, '2019-02-01 00:00:00', 1),
(1816, 61, 3000.00, '2019-02-01 00:00:00', 1),
(1817, 82, 4500.00, '2019-02-01 00:00:00', 1),
(1819, 68, 1.00, '2019-02-01 00:00:00', 1),
(1820, 69, 1.00, '2019-02-01 00:00:00', 1),
(1821, 70, 1.00, '2019-02-01 00:00:00', 1),
(1822, 71, 1.00, '2019-02-01 00:00:00', 1),
(1823, 72, 1.00, '2019-02-01 00:00:00', 1),
(2109, 57, 900.00, '2019-07-01 00:00:00', 1),
(1825, 74, 4000.00, '2019-02-01 00:00:00', 1),
(2108, 56, 700.00, '2019-07-01 00:00:00', 1),
(2080, 4, 1400.00, '2019-07-01 00:00:00', 1),
(2107, 55, 1000.00, '2019-07-01 00:00:00', 1),
(2091, 21, 3000.00, '2019-07-01 00:00:00', 1),
(2026, 15, 3000.00, '2019-06-01 00:00:00', 1),
(2025, 14, 500.00, '2019-06-01 00:00:00', 1),
(1832, 94, 110.00, '2019-02-01 00:00:00', 7),
(1833, 95, 40.00, '2019-02-01 00:00:00', 7),
(1834, 96, 50.00, '2019-02-01 00:00:00', 7),
(1835, 90, 100.00, '2019-02-01 00:00:00', 4),
(1836, 97, 400.00, '2019-02-01 00:00:00', 4),
(1837, 98, 500.00, '2019-02-01 00:00:00', 4),
(1840, 101, 20.00, '2019-02-01 00:00:00', 7),
(1841, 102, 20.00, '2019-02-01 00:00:00', 7),
(1842, 1, 1500.00, '2019-03-01 00:00:00', 1),
(1843, 2, 600.00, '2019-03-01 00:00:00', 1),
(1844, 3, 600.00, '2019-03-01 00:00:00', 1),
(1845, 4, 1400.00, '2019-03-01 00:00:00', 1),
(1846, 5, 1000.00, '2019-03-01 00:00:00', 1),
(1847, 6, 1400.00, '2019-03-01 00:00:00', 1),
(1848, 7, 200.00, '2019-03-01 00:00:00', 1),
(1849, 8, 250.00, '2019-03-01 00:00:00', 1),
(1850, 13, 3000.00, '2019-03-01 00:00:00', 1),
(1851, 14, 500.00, '2019-03-01 00:00:00', 1),
(1852, 15, 3000.00, '2019-03-01 00:00:00', 1),
(1853, 16, 1000.00, '2019-03-01 00:00:00', 1),
(1854, 17, 1000.00, '2019-03-01 00:00:00', 1),
(2106, 54, 1000.00, '2019-07-01 00:00:00', 1),
(1856, 19, 3500.00, '2019-03-01 00:00:00', 1),
(2024, 13, 3000.00, '2019-06-01 00:00:00', 1),
(1858, 21, 3000.00, '2019-03-01 00:00:00', 1),
(1859, 93, 4500.00, '2019-03-01 00:00:00', 1),
(1860, 26, 500.00, '2019-03-01 00:00:00', 1),
(1861, 27, 1000.00, '2019-03-01 00:00:00', 1),
(1863, 33, 24154.00, '2019-03-01 00:00:00', 1),
(1864, 34, 6471.00, '2019-03-01 00:00:00', 1),
(2023, 8, 250.00, '2019-06-01 00:00:00', 1),
(1866, 38, 2000.00, '2019-03-01 00:00:00', 1),
(1867, 40, 4000.00, '2019-03-01 00:00:00', 1),
(1868, 87, 1000.00, '2019-03-01 00:00:00', 1),
(1869, 45, 4000.00, '2019-03-01 00:00:00', 1),
(2022, 7, 200.00, '2019-06-01 00:00:00', 1),
(2021, 6, 1400.00, '2019-06-01 00:00:00', 1),
(1872, 51, 1000.00, '2019-03-01 00:00:00', 1),
(1873, 52, 3000.00, '2019-03-01 00:00:00', 1),
(1874, 53, 10000.00, '2019-03-01 00:00:00', 1),
(1875, 54, 1000.00, '2019-03-01 00:00:00', 1),
(1876, 55, 600.00, '2019-03-01 00:00:00', 1),
(1877, 56, 700.00, '2019-03-01 00:00:00', 1),
(1878, 57, 900.00, '2019-03-01 00:00:00', 1),
(1879, 58, 5000.00, '2019-03-01 00:00:00', 1),
(1880, 59, 500.00, '2019-03-01 00:00:00', 1),
(1881, 61, 3000.00, '2019-03-01 00:00:00', 1),
(1882, 82, 4500.00, '2019-03-01 00:00:00', 1),
(1884, 68, 1.00, '2019-03-01 00:00:00', 1),
(1885, 69, 1.00, '2019-03-01 00:00:00', 1),
(1886, 70, 1.00, '2019-03-01 00:00:00', 1),
(1887, 71, 1.00, '2019-03-01 00:00:00', 1),
(1888, 72, 1.00, '2019-03-01 00:00:00', 1),
(2105, 53, 10000.00, '2019-07-01 00:00:00', 1),
(1890, 74, 4000.00, '2019-03-01 00:00:00', 1),
(2104, 52, 3000.00, '2019-07-01 00:00:00', 1),
(2079, 3, 3000.00, '2019-07-01 00:00:00', 1),
(2103, 51, 1000.00, '2019-07-01 00:00:00', 1),
(2090, 19, 3500.00, '2019-07-01 00:00:00', 1),
(2020, 5, 1000.00, '2019-06-01 00:00:00', 1),
(2019, 4, 1400.00, '2019-06-01 00:00:00', 1),
(1899, 103, 4500.00, '2019-03-01 00:00:00', 1),
(1901, 2, 600.00, '2019-04-01 00:00:00', 1),
(1902, 3, 2000.00, '2019-04-01 00:00:00', 1),
(1903, 4, 1400.00, '2019-04-01 00:00:00', 1),
(1904, 5, 1000.00, '2019-04-01 00:00:00', 1),
(1905, 6, 1400.00, '2019-04-01 00:00:00', 1),
(1906, 7, 200.00, '2019-04-01 00:00:00', 1),
(1907, 8, 250.00, '2019-04-01 00:00:00', 1),
(1908, 13, 3000.00, '2019-04-01 00:00:00', 1),
(1909, 14, 500.00, '2019-04-01 00:00:00', 1),
(1910, 15, 5000.00, '2019-04-01 00:00:00', 1),
(1911, 16, 1000.00, '2019-04-01 00:00:00', 1),
(1912, 17, 1000.00, '2019-04-01 00:00:00', 1),
(2102, 108, 4500.00, '2019-07-01 00:00:00', 1),
(1914, 19, 3500.00, '2019-04-01 00:00:00', 1),
(1915, 21, 3000.00, '2019-04-01 00:00:00', 1),
(1916, 93, 4500.00, '2019-04-01 00:00:00', 1),
(1917, 26, 500.00, '2019-04-01 00:00:00', 1),
(1918, 27, 1000.00, '2019-04-01 00:00:00', 1),
(1920, 33, 24154.00, '2019-04-01 00:00:00', 1);
INSERT INTO `ec_deposit` (`ID`, `DEPO_ITEM_ID`, `DEPO_AMT`, `DEPO_DATE`, `USER_ID`) VALUES
(1921, 34, 6471.00, '2019-04-01 00:00:00', 1),
(2018, 3, 3000.00, '2019-06-01 00:00:00', 1),
(1923, 38, 2000.00, '2019-04-01 00:00:00', 1),
(1924, 40, 4000.00, '2019-04-01 00:00:00', 1),
(1925, 87, 1000.00, '2019-04-01 00:00:00', 1),
(1926, 45, 4000.00, '2019-04-01 00:00:00', 1),
(2017, 2, 600.00, '2019-06-01 00:00:00', 1),
(2016, 1, 1500.00, '2019-06-01 00:00:00', 1),
(1929, 51, 1000.00, '2019-04-01 00:00:00', 1),
(1930, 52, 3000.00, '2019-04-01 00:00:00', 1),
(1931, 53, 10000.00, '2019-04-01 00:00:00', 1),
(1932, 54, 1000.00, '2019-04-01 00:00:00', 1),
(1933, 55, 1000.00, '2019-04-01 00:00:00', 1),
(1934, 56, 700.00, '2019-04-01 00:00:00', 1),
(1935, 57, 900.00, '2019-04-01 00:00:00', 1),
(1936, 58, 5000.00, '2019-04-01 00:00:00', 1),
(1937, 59, 500.00, '2019-04-01 00:00:00', 1),
(1938, 61, 3000.00, '2019-04-01 00:00:00', 1),
(1939, 82, 4500.00, '2019-04-01 00:00:00', 1),
(1941, 68, 1.00, '2019-04-01 00:00:00', 1),
(1942, 69, 1.00, '2019-04-01 00:00:00', 1),
(1943, 70, 1.00, '2019-04-01 00:00:00', 1),
(1944, 71, 1.00, '2019-04-01 00:00:00', 1),
(1945, 72, 1.00, '2019-04-01 00:00:00', 1),
(2101, 45, 4000.00, '2019-07-01 00:00:00', 1),
(1947, 74, 4000.00, '2019-04-01 00:00:00', 1),
(2100, 87, 1000.00, '2019-07-01 00:00:00', 1),
(2078, 2, 600.00, '2019-07-01 00:00:00', 1),
(2099, 40, 4000.00, '2019-07-01 00:00:00', 1),
(2089, 17, 1000.00, '2019-07-01 00:00:00', 1),
(2075, 111, 500.00, '2019-06-01 00:00:00', 1),
(1955, 103, 4500.00, '2019-04-01 00:00:00', 1),
(1956, 104, 4500.00, '2019-04-01 00:00:00', 1),
(1957, 105, 2000.00, '2019-04-01 00:00:00', 1),
(1958, 1, 1500.00, '2019-05-01 00:00:00', 1),
(1959, 2, 600.00, '2019-05-01 00:00:00', 1),
(1960, 3, 2000.00, '2019-05-01 00:00:00', 1),
(1961, 4, 1400.00, '2019-05-01 00:00:00', 1),
(1962, 5, 1000.00, '2019-05-01 00:00:00', 1),
(1963, 6, 1400.00, '2019-05-01 00:00:00', 1),
(1964, 7, 200.00, '2019-05-01 00:00:00', 1),
(1965, 8, 250.00, '2019-05-01 00:00:00', 1),
(1966, 13, 3000.00, '2019-05-01 00:00:00', 1),
(1967, 14, 500.00, '2019-05-01 00:00:00', 1),
(1968, 15, 5000.00, '2019-05-01 00:00:00', 1),
(1969, 16, 1000.00, '2019-05-01 00:00:00', 1),
(1970, 17, 1000.00, '2019-05-01 00:00:00', 1),
(2098, 38, 2000.00, '2019-07-01 00:00:00', 1),
(1972, 19, 3500.00, '2019-05-01 00:00:00', 1),
(1973, 21, 3000.00, '2019-05-01 00:00:00', 1),
(1974, 93, 4500.00, '2019-05-01 00:00:00', 1),
(1975, 26, 500.00, '2019-05-01 00:00:00', 1),
(1976, 27, 3000.00, '2019-05-01 00:00:00', 1),
(1978, 33, 24154.00, '2019-05-01 00:00:00', 1),
(1979, 34, 6471.00, '2019-05-01 00:00:00', 1),
(1980, 38, 2000.00, '2019-05-01 00:00:00', 1),
(1981, 40, 4000.00, '2019-05-01 00:00:00', 1),
(1982, 87, 1000.00, '2019-05-01 00:00:00', 1),
(1983, 45, 4000.00, '2019-05-01 00:00:00', 1),
(2014, 106, 4500.00, '2019-05-01 00:00:00', 1),
(1986, 51, 1000.00, '2019-05-01 00:00:00', 1),
(1987, 52, 3000.00, '2019-05-01 00:00:00', 1),
(1988, 53, 10000.00, '2019-05-01 00:00:00', 1),
(1989, 54, 1000.00, '2019-05-01 00:00:00', 1),
(1990, 55, 1000.00, '2019-05-01 00:00:00', 1),
(1991, 56, 700.00, '2019-05-01 00:00:00', 1),
(1992, 57, 900.00, '2019-05-01 00:00:00', 1),
(1993, 58, 5000.00, '2019-05-01 00:00:00', 1),
(1994, 59, 500.00, '2019-05-01 00:00:00', 1),
(1995, 61, 3000.00, '2019-05-01 00:00:00', 1),
(1996, 82, 4500.00, '2019-05-01 00:00:00', 1),
(2129, 113, 4500.00, '2019-07-01 00:00:00', 1),
(1998, 68, 1.00, '2019-05-01 00:00:00', 1),
(1999, 69, 1.00, '2019-05-01 00:00:00', 1),
(2000, 70, 1.00, '2019-05-01 00:00:00', 1),
(2001, 71, 1.00, '2019-05-01 00:00:00', 1),
(2002, 72, 1.00, '2019-05-01 00:00:00', 1),
(2097, 34, 6471.00, '2019-07-01 00:00:00', 1),
(2004, 74, 4000.00, '2019-05-01 00:00:00', 1),
(2096, 33, 24154.00, '2019-07-01 00:00:00', 1),
(2077, 1, 1500.00, '2019-07-01 00:00:00', 1),
(2076, 112, 6000.00, '2019-06-01 00:00:00', 1),
(2011, 103, 4500.00, '2019-05-01 00:00:00', 1),
(2012, 104, 4500.00, '2019-05-01 00:00:00', 1),
(2013, 105, 2000.00, '2019-05-01 00:00:00', 1);

-- --------------------------------------------------------

--
-- Table structure for table `ec_expenditure`
--

DROP TABLE IF EXISTS `ec_expenditure`;
CREATE TABLE IF NOT EXISTS `ec_expenditure` (
  `ID` int(11) NOT NULL AUTO_INCREMENT,
  `EXP_ITEM_ID` int(11) NOT NULL,
  `EXP_AMT` float(10,2) NOT NULL,
  `EXP_DATE` datetime DEFAULT NULL,
  `EXP_SLOT` tinyint(4) NOT NULL DEFAULT '1',
  `USER_ID` int(11) NOT NULL,
  PRIMARY KEY (`ID`)
) ENGINE=MyISAM  DEFAULT CHARSET=latin1 AUTO_INCREMENT=2374 ;

--
-- Dumping data for table `ec_expenditure`
--

INSERT INTO `ec_expenditure` (`ID`, `EXP_ITEM_ID`, `EXP_AMT`, `EXP_DATE`, `EXP_SLOT`, `USER_ID`) VALUES
(1, 1, 1150.00, '2017-01-10 00:00:00', 3, 1),
(2, 2, 500.00, '2017-01-10 00:00:00', 2, 1),
(3, 3, 600.00, '2017-01-10 00:00:00', 3, 1),
(4, 4, 1200.00, '2017-01-10 00:00:00', 3, 1),
(5, 5, 500.00, '2017-01-10 00:00:00', 3, 1),
(6, 6, 1200.00, '2017-01-10 00:00:00', 1, 1),
(7, 7, 100.00, '2017-01-10 00:00:00', 3, 1),
(8, 8, 200.00, '2017-01-10 00:00:00', 2, 1),
(9, 8, 50.00, '2017-01-10 00:00:00', 3, 1),
(11, 13, 1000.00, '2017-01-10 00:00:00', 2, 1),
(12, 13, 500.00, '2017-01-10 00:00:00', 3, 1),
(13, 13, 400.00, '2017-01-10 00:00:00', 4, 1),
(14, 13, 100.00, '2017-01-10 00:00:00', 5, 1),
(15, 14, 500.00, '2017-01-10 00:00:00', 2, 1),
(16, 15, 500.00, '2017-01-10 00:00:00', 3, 1),
(17, 15, 500.00, '2017-01-10 00:00:00', 4, 1),
(18, 16, 500.00, '2017-01-10 00:00:00', 2, 1),
(19, 16, 500.00, '2017-01-10 00:00:00', 4, 1),
(20, 17, 500.00, '2017-01-10 00:00:00', 3, 1),
(21, 17, 500.00, '2017-01-10 00:00:00', 4, 1),
(25, 19, 500.00, '2017-01-10 00:00:00', 2, 1),
(26, 19, 500.00, '2017-01-10 00:00:00', 3, 1),
(27, 19, 500.00, '2017-01-10 00:00:00', 4, 1),
(28, 19, 500.00, '2017-01-10 00:00:00', 5, 1),
(30, 21, 0.00, '2017-01-10 00:00:00', 1, 1),
(32, 26, 500.00, '2017-01-10 00:00:00', 2, 1),
(33, 27, 800.00, '2017-01-10 00:00:00', 1, 1),
(36, 33, 24154.00, '2017-01-10 00:00:00', 3, 1),
(37, 34, 6471.00, '2017-01-10 00:00:00', 3, 1),
(40, 40, 4000.00, '2017-01-10 00:00:00', 2, 1),
(41, 45, 3000.00, '2017-01-10 00:00:00', 2, 1),
(44, 52, 5977.00, '2017-01-10 00:00:00', 2, 1),
(45, 59, 600.00, '2017-01-10 00:00:00', 2, 1),
(46, 61, 0.00, '2017-01-10 00:00:00', 1, 1),
(48, 1, 0.00, '2017-02-01 01:12:13', 1, 1),
(49, 1, 1150.00, '2017-02-01 01:12:13', 2, 1),
(50, 2, 500.00, '2017-02-10 00:00:00', 2, 1),
(51, 3, 600.00, '2017-02-10 00:00:00', 2, 1),
(52, 4, 1200.00, '2017-02-10 00:00:00', 2, 1),
(53, 5, 500.00, '2017-02-10 00:00:00', 2, 1),
(54, 6, 1200.00, '2017-02-10 00:00:00', 2, 1),
(55, 7, 100.00, '2017-02-10 00:00:00', 2, 1),
(56, 8, 50.00, '2017-02-10 00:00:00', 2, 1),
(57, 8, 200.00, '2017-02-10 00:00:00', 4, 1),
(59, 13, 1500.00, '2017-02-10 00:00:00', 2, 1),
(60, 13, 500.00, '2017-02-10 00:00:00', 5, 1),
(61, 14, 500.00, '2017-02-10 00:00:00', 5, 1),
(62, 15, 1000.00, '2017-02-10 00:00:00', 2, 1),
(63, 16, 500.00, '2017-02-10 00:00:00', 2, 1),
(64, 16, 500.00, '2017-02-10 00:00:00', 5, 1),
(65, 17, 500.00, '2017-02-10 00:00:00', 2, 1),
(66, 17, 500.00, '2017-02-10 00:00:00', 5, 1),
(71, 19, 1000.00, '2017-02-01 08:55:24', 2, 1),
(72, 19, 500.00, '2017-02-01 08:55:24', 4, 1),
(73, 19, 500.00, '2017-02-01 08:55:24', 5, 1),
(75, 21, 0.00, '2017-02-10 00:00:00', 1, 1),
(77, 26, 500.00, '2017-02-10 00:00:00', 2, 1),
(78, 27, 800.00, '2017-02-10 00:00:00', 2, 1),
(81, 33, 24154.00, '2017-02-01 08:29:07', 2, 1),
(82, 34, 6471.00, '2017-02-10 00:00:00', 2, 1),
(85, 40, 4000.00, '2017-02-01 11:24:52', 1, 1),
(86, 45, 3000.00, '2017-02-10 00:00:00', 1, 1),
(89, 58, 3750.00, '2017-02-10 00:00:00', 2, 1),
(90, 61, 0.00, '2017-02-10 00:00:00', 2, 1),
(92, 1, 1150.00, '2017-03-10 00:00:00', 3, 1),
(93, 2, 500.00, '2017-03-10 00:00:00', 2, 1),
(94, 3, 600.00, '2017-03-10 00:00:00', 2, 1),
(95, 4, 1200.00, '2017-03-10 00:00:00', 3, 1),
(96, 5, 500.00, '2017-03-10 00:00:00', 2, 1),
(97, 6, 1200.00, '2017-03-10 00:00:00', 2, 1),
(98, 7, 100.00, '2017-03-10 00:00:00', 2, 1),
(99, 8, 250.00, '2017-03-10 00:00:00', 2, 1),
(101, 13, 500.00, '2017-03-10 00:00:00', 1, 1),
(102, 13, 500.00, '2017-03-10 00:00:00', 2, 1),
(103, 13, 500.00, '2017-03-10 00:00:00', 3, 1),
(104, 13, 500.00, '2017-03-10 00:00:00', 4, 1),
(105, 14, 500.00, '2017-03-10 00:00:00', 3, 1),
(106, 15, 1000.00, '2017-03-10 00:00:00', 3, 1),
(107, 16, 200.00, '2017-03-10 00:00:00', 1, 1),
(108, 16, 200.00, '2017-03-10 00:00:00', 2, 1),
(109, 16, 200.00, '2017-03-10 00:00:00', 3, 1),
(110, 16, 400.00, '2017-03-10 00:00:00', 4, 1),
(111, 17, 200.00, '2017-03-10 00:00:00', 1, 1),
(112, 17, 200.00, '2017-03-10 00:00:00', 2, 1),
(113, 17, 200.00, '2017-03-10 00:00:00', 3, 1),
(114, 17, 400.00, '2017-03-10 00:00:00', 4, 1),
(119, 19, 500.00, '2017-03-10 00:00:00', 2, 1),
(120, 19, 500.00, '2017-03-10 00:00:00', 3, 1),
(121, 19, 500.00, '2017-03-10 00:00:00', 4, 1),
(122, 19, 500.00, '2017-03-10 00:00:00', 5, 1),
(125, 26, 500.00, '2017-03-10 00:00:00', 2, 1),
(126, 27, 800.00, '2017-03-10 00:00:00', 2, 1),
(128, 33, 24154.00, '2017-03-10 00:00:00', 2, 1),
(129, 34, 6471.00, '2017-03-10 00:00:00', 2, 1),
(132, 40, 4000.00, '2017-03-10 00:00:00', 2, 1),
(133, 45, 3000.00, '2017-03-10 00:00:00', 2, 1),
(135, 58, 0.00, '2017-03-01 12:32:45', 2, 1),
(136, 61, 0.00, '2017-03-10 00:00:00', 1, 1),
(137, 1, 1150.00, '2017-04-10 00:00:00', 2, 1),
(138, 2, 500.00, '2017-04-10 00:00:00', 2, 1),
(139, 3, 600.00, '2017-04-10 00:00:00', 2, 1),
(140, 4, 1200.00, '2017-04-10 00:00:00', 2, 1),
(141, 6, 1200.00, '2017-04-10 00:00:00', 2, 1),
(142, 7, 100.00, '2017-04-10 00:00:00', 1, 1),
(143, 8, 100.00, '2017-04-10 00:00:00', 2, 1),
(145, 13, 1000.00, '2017-04-01 11:22:06', 1, 1),
(146, 14, 500.00, '2017-04-10 00:00:00', 1, 1),
(147, 15, 500.00, '2017-04-10 00:00:00', 1, 1),
(148, 16, 500.00, '2017-04-10 00:00:00', 1, 1),
(149, 17, 500.00, '2017-04-10 00:00:00', 1, 1),
(151, 19, 1000.00, '2017-04-10 00:00:00', 1, 1),
(154, 26, 500.00, '2017-04-10 00:00:00', 1, 1),
(156, 33, 24154.00, '2017-04-10 00:00:00', 2, 1),
(157, 34, 6471.00, '2017-04-10 00:00:00', 2, 1),
(159, 40, 4000.00, '2017-04-10 00:00:00', 2, 1),
(160, 45, 3000.00, '2017-04-10 00:00:00', 2, 1),
(162, 52, 7200.00, '2017-04-10 00:00:00', 2, 1),
(166, 13, 0.00, '2017-04-01 11:22:06', 3, 1),
(165, 40, 0.00, '2017-02-01 11:24:52', 3, 1),
(167, 13, 0.00, '2017-04-01 11:22:06', 5, 1),
(169, 5, 0.00, '2017-04-01 00:00:00', 1, 1),
(173, 21, 0.00, '2017-04-01 00:00:00', 1, 1),
(177, 27, 0.00, '2017-04-01 00:00:00', 1, 1),
(184, 38, 0.00, '2017-04-01 00:00:00', 1, 1),
(194, 51, 5500.00, '2017-04-01 03:41:25', 1, 1),
(195, 53, 0.00, '2017-04-01 00:00:00', 1, 1),
(196, 54, 0.00, '2017-04-01 00:00:00', 1, 1),
(197, 55, 0.00, '2017-04-01 00:00:00', 1, 1),
(198, 56, 0.00, '2017-04-01 00:00:00', 1, 1),
(199, 57, 0.00, '2017-04-01 00:00:00', 1, 1),
(200, 58, 0.00, '2017-04-01 00:00:00', 1, 1),
(201, 59, 0.00, '2017-04-01 00:00:00', 1, 1),
(203, 61, 0.00, '2017-04-01 00:00:00', 1, 1),
(211, 21, 0.00, '2017-03-01 00:00:00', 1, 1),
(220, 38, 0.00, '2017-03-01 00:00:00', 1, 1),
(230, 51, 0.00, '2017-03-01 00:00:00', 1, 1),
(231, 52, 0.00, '2017-03-01 00:00:00', 1, 1),
(232, 53, 0.00, '2017-03-01 00:00:00', 1, 1),
(233, 54, 0.00, '2017-03-01 00:00:00', 1, 1),
(234, 55, 0.00, '2017-03-01 00:00:00', 1, 1),
(235, 56, 0.00, '2017-03-01 00:00:00', 1, 1),
(236, 57, 0.00, '2017-03-01 00:00:00', 1, 1),
(237, 59, 0.00, '2017-03-01 00:00:00', 1, 1),
(253, 38, 0.00, '2017-02-01 00:00:00', 1, 1),
(262, 51, 0.00, '2017-02-01 00:00:00', 1, 1),
(263, 52, 0.00, '2017-02-01 00:00:00', 1, 1),
(264, 53, 0.00, '2017-02-01 00:00:00', 1, 1),
(265, 54, 0.00, '2017-02-01 00:00:00', 1, 1),
(266, 55, 0.00, '2017-02-01 00:00:00', 1, 1),
(267, 56, 0.00, '2017-02-01 00:00:00', 1, 1),
(268, 57, 0.00, '2017-02-01 00:00:00', 1, 1),
(269, 59, 0.00, '2017-02-01 00:00:00', 1, 1),
(284, 38, 0.00, '2017-01-01 00:00:00', 1, 1),
(293, 51, 0.00, '2017-01-01 00:00:00', 1, 1),
(294, 53, 0.00, '2017-01-01 00:00:00', 1, 1),
(295, 54, 0.00, '2017-01-01 00:00:00', 1, 1),
(296, 55, 0.00, '2017-01-01 00:00:00', 1, 1),
(297, 56, 0.00, '2017-01-01 00:00:00', 1, 1),
(298, 57, 0.00, '2017-01-01 00:00:00', 1, 1),
(299, 58, 0.00, '2017-01-01 00:00:00', 1, 1),
(305, 6, 0.00, '2017-04-01 11:33:45', 1, 1),
(306, 5, 500.00, '2017-04-10 00:00:00', 3, 1),
(307, 8, 150.00, '2017-04-10 00:00:00', 3, 1),
(308, 13, 1000.00, '2017-04-01 11:22:06', 2, 1),
(309, 15, 500.00, '2017-04-10 00:00:00', 2, 1),
(310, 16, 500.00, '2017-04-10 00:00:00', 2, 1),
(311, 17, 500.00, '2017-04-10 00:00:00', 2, 1),
(313, 19, 1000.00, '2017-04-10 00:00:00', 2, 1),
(314, 27, 800.00, '2017-04-10 00:00:00', 2, 1),
(317, 61, 0.00, '2017-04-10 00:00:00', 2, 1),
(318, 1, 1150.00, '2017-05-01 10:39:21', 1, 1),
(319, 2, 500.00, '2017-05-01 07:55:35', 1, 1),
(320, 3, 600.00, '2017-05-01 10:39:45', 1, 1),
(321, 4, 400.00, '2017-05-01 12:16:36', 1, 1),
(322, 5, 500.00, '2017-05-01 08:36:48', 1, 1),
(323, 6, 1200.00, '2017-05-01 08:36:29', 1, 1),
(324, 7, 100.00, '2017-05-01 10:39:32', 1, 1),
(325, 8, 100.00, '2017-05-01 10:38:52', 1, 1),
(330, 13, 1000.00, '2017-05-01 10:40:28', 1, 1),
(331, 14, 500.00, '2017-05-01 10:03:45', 1, 1),
(332, 15, 1000.00, '2017-05-01 08:39:36', 1, 1),
(333, 16, 500.00, '2017-05-01 10:40:07', 1, 1),
(334, 17, 500.00, '2017-05-01 10:40:15', 1, 1),
(336, 19, 1300.00, '2017-05-01 10:39:55', 1, 1),
(338, 21, 0.00, '2017-05-01 00:00:00', 1, 1),
(343, 26, 460.00, '2017-05-01 10:17:21', 1, 1),
(344, 27, 1410.00, '2017-05-01 01:40:39', 1, 1),
(350, 33, 24154.00, '2017-05-01 07:53:46', 1, 1),
(351, 34, 6471.00, '2017-05-01 07:54:15', 1, 1),
(355, 38, 0.00, '2017-05-01 00:00:00', 1, 1),
(357, 40, 4000.00, '2017-05-01 10:04:19', 1, 1),
(362, 45, 3000.00, '2017-05-01 12:43:11', 1, 1),
(368, 51, 0.00, '2017-05-01 00:00:00', 1, 1),
(369, 52, 0.00, '2017-05-01 00:00:00', 1, 1),
(370, 53, 30000.00, '2017-05-01 08:12:33', 1, 1),
(371, 54, 0.00, '2017-05-01 00:00:00', 1, 1),
(372, 55, 6850.00, '2017-05-01 09:59:21', 1, 1),
(373, 56, 8160.00, '2017-05-01 12:42:10', 1, 1),
(374, 57, 4830.00, '2017-05-01 12:42:39', 1, 1),
(375, 58, 0.00, '2017-05-01 00:00:00', 1, 1),
(376, 59, 0.00, '2017-05-01 00:00:00', 1, 1),
(378, 61, 0.00, '2017-05-01 07:55:21', 1, 1),
(384, 66, 200.00, '2017-05-01 12:19:42', 1, 2),
(385, 67, 100.00, '2017-05-01 12:19:52', 1, 2),
(386, 66, 500.00, '2017-05-01 12:19:42', 2, 2),
(387, 67, 400.00, '2017-05-01 12:19:52', 2, 2),
(388, 13, 500.00, '2017-05-01 10:40:28', 2, 1),
(389, 8, 150.00, '2017-05-01 10:38:52', 2, 1),
(390, 4, 1475.00, '2017-05-01 12:16:36', 2, 1),
(391, 19, 700.00, '2017-05-01 10:39:55', 2, 1),
(392, 16, 500.00, '2017-05-01 10:40:07', 2, 1),
(393, 17, 500.00, '2017-05-01 10:40:15', 2, 1),
(394, 13, 500.00, '2017-05-01 10:40:28', 3, 1),
(395, 1, 3450.00, '2017-06-01 09:23:47', 1, 1),
(396, 2, 500.00, '2017-06-01 10:26:50', 1, 1),
(397, 3, 600.00, '2017-06-01 07:09:23', 1, 1),
(398, 4, 1200.00, '2017-06-01 07:08:24', 1, 1),
(399, 5, 500.00, '2017-06-01 07:08:47', 1, 1),
(400, 6, 1200.00, '2017-06-01 07:07:55', 1, 1),
(401, 7, 100.00, '2017-06-01 12:23:17', 1, 1),
(402, 8, 200.00, '2017-06-01 12:20:48', 1, 1),
(407, 13, 1000.00, '2017-06-01 08:41:39', 1, 1),
(408, 14, 500.00, '2017-06-01 08:48:30', 1, 1),
(409, 15, 1000.00, '2017-06-01 05:32:10', 1, 1),
(410, 16, 700.00, '2017-06-01 08:41:26', 1, 1),
(411, 17, 1000.00, '2017-06-01 06:53:57', 1, 1),
(413, 19, 1000.00, '2017-06-01 10:27:08', 1, 1),
(415, 21, 0.00, '2017-06-01 00:00:00', 1, 1),
(420, 26, 460.00, '2017-06-01 12:50:02', 1, 1),
(421, 27, 370.00, '2017-06-01 12:49:17', 1, 1),
(427, 33, 24154.00, '2017-06-01 10:17:32', 1, 1),
(428, 34, 6471.00, '2017-06-01 10:18:13', 1, 1),
(432, 38, 0.00, '2017-06-01 00:00:00', 1, 1),
(434, 40, 4000.00, '2017-06-01 10:19:16', 1, 1),
(439, 45, 3000.00, '2017-06-01 12:49:43', 1, 1),
(445, 51, 0.00, '2017-06-01 00:00:00', 1, 1),
(446, 52, 0.00, '2017-06-01 00:00:00', 1, 1),
(447, 53, 6375.00, '2017-06-01 06:13:27', 1, 1),
(448, 54, 0.00, '2017-06-01 00:00:00', 1, 1),
(449, 55, 0.00, '2017-06-01 00:00:00', 1, 1),
(450, 56, 0.00, '2017-06-01 00:00:00', 1, 1),
(451, 57, 0.00, '2017-06-01 00:00:00', 1, 1),
(452, 58, 10000.00, '2017-06-01 12:09:20', 1, 1),
(453, 59, 0.00, '2017-06-01 00:00:00', 1, 1),
(455, 61, 0.00, '2017-06-01 08:47:22', 1, 1),
(460, 66, 0.00, '2017-06-01 00:00:00', 1, 2),
(461, 67, 0.00, '2017-06-01 00:00:00', 1, 2),
(462, 2, 0.00, '2017-06-01 10:26:50', 2, 1),
(463, 13, 500.00, '2017-06-01 08:41:39', 2, 1),
(464, 19, 500.00, '2017-06-01 10:27:08', 2, 1),
(465, 1, 0.00, '2017-07-01 08:59:45', 1, 1),
(466, 2, 1000.00, '2017-07-01 12:32:09', 1, 1),
(467, 3, 600.00, '2017-07-01 09:00:09', 1, 1),
(468, 4, 1200.00, '2017-07-01 08:43:13', 1, 1),
(469, 5, 500.00, '2017-07-01 10:38:49', 1, 1),
(470, 6, 1200.00, '2017-07-01 08:43:03', 1, 1),
(471, 7, 100.00, '2017-07-01 06:15:39', 1, 1),
(472, 8, 200.00, '2017-07-01 12:20:31', 1, 1),
(477, 13, 550.00, '2017-07-01 12:12:36', 1, 1),
(478, 14, 550.00, '2017-07-01 09:01:26', 1, 1),
(479, 15, 800.00, '2017-07-01 10:39:16', 1, 1),
(480, 16, 200.00, '2017-07-01 09:01:13', 1, 1),
(481, 17, 500.00, '2017-07-01 08:57:25', 1, 1),
(483, 19, 1000.00, '2017-07-01 10:29:11', 1, 1),
(485, 21, 0.00, '2017-07-01 00:00:00', 1, 1),
(490, 26, 466.00, '2017-07-01 08:38:25', 1, 1),
(491, 27, 1320.00, '2017-07-01 07:36:06', 1, 1),
(497, 33, 24154.00, '2017-07-01 09:01:30', 1, 1),
(498, 34, 6471.00, '2017-07-01 09:01:49', 1, 1),
(502, 38, 0.00, '2017-07-01 00:00:00', 1, 1),
(504, 40, 4000.00, '2017-07-01 09:02:30', 1, 1),
(509, 45, 3000.00, '2017-07-01 08:46:35', 1, 1),
(515, 51, 0.00, '2017-07-01 00:00:00', 1, 1),
(516, 52, 6750.00, '2017-07-01 09:02:45', 1, 1),
(517, 53, 0.00, '2017-07-01 01:57:38', 1, 1),
(518, 54, 1600.00, '2017-07-01 09:03:46', 1, 1),
(519, 55, 0.00, '2017-07-01 00:00:00', 1, 1),
(520, 56, 0.00, '2017-07-01 00:00:00', 1, 1),
(521, 57, 0.00, '2017-07-01 00:00:00', 1, 1),
(522, 58, 0.00, '2017-07-01 00:00:00', 1, 1),
(523, 59, 580.00, '2017-07-01 07:39:03', 1, 1),
(525, 61, 0.00, '2017-07-01 09:10:06', 1, 1),
(530, 19, 500.00, '2017-06-01 10:27:08', 3, 1),
(531, 16, 300.00, '2017-06-01 08:41:26', 2, 1),
(532, 13, 500.00, '2017-06-01 08:41:39', 3, 1),
(534, 19, 0.00, '2017-06-01 10:27:08', 4, 1),
(535, 19, 500.00, '2017-07-01 10:29:11', 2, 1),
(536, 19, 500.00, '2017-07-01 10:29:11', 3, 1),
(537, 19, 0.00, '2017-07-01 10:29:11', 4, 1),
(538, 5, 0.00, '2017-07-01 10:38:49', 2, 1),
(539, 19, 0.00, '2017-07-01 10:29:11', 5, 1),
(540, 17, 500.00, '2017-07-01 08:57:25', 2, 1),
(541, 15, 0.00, '2017-07-01 10:39:16', 2, 1),
(543, 13, 780.00, '2017-07-01 12:12:36', 2, 1),
(545, 2, 0.00, '2017-07-01 12:32:09', 2, 1),
(546, 16, 400.00, '2017-07-01 09:01:13', 2, 1),
(547, 68, 10000.00, '2017-07-01 06:16:09', 1, 1),
(548, 69, 5000.00, '2017-07-01 10:39:54', 1, 1),
(549, 70, 0.00, '2017-07-01 06:13:41', 1, 1),
(550, 71, 1.00, '2017-07-01 10:16:26', 1, 1),
(551, 72, 25000.00, '2017-07-01 06:55:05', 1, 1),
(552, 68, 1.00, '2017-01-01 10:13:46', 1, 1),
(553, 68, 1.00, '2017-02-01 10:14:29', 1, 1),
(554, 68, 1.00, '2017-03-01 10:14:44', 1, 1),
(555, 68, 1.00, '2017-04-01 10:14:54', 1, 1),
(556, 68, 1.00, '2017-05-01 10:15:06', 1, 1),
(557, 68, 1.00, '2017-06-01 10:15:15', 1, 1),
(558, 71, 1.00, '2017-01-01 10:18:51', 1, 1),
(559, 72, 1.00, '2017-01-01 10:18:58', 1, 1),
(560, 69, 1.00, '2017-01-01 10:19:04', 1, 1),
(561, 70, 1.00, '2017-01-01 10:19:10', 1, 1),
(562, 70, 1.00, '2017-02-01 10:19:23', 1, 1),
(563, 69, 1.00, '2017-02-01 10:19:28', 1, 1),
(564, 71, 1.00, '2017-02-01 10:19:35', 1, 1),
(565, 72, 1.00, '2017-02-01 10:19:43', 1, 1),
(566, 71, 1.00, '2017-03-01 10:19:54', 1, 1),
(567, 72, 1.00, '2017-03-01 10:20:00', 1, 1),
(568, 69, 1.00, '2017-03-01 10:20:09', 1, 1),
(569, 70, 1.00, '2017-03-01 10:20:15', 1, 1),
(570, 71, 1.00, '2017-04-01 10:20:39', 1, 1),
(571, 72, 1.00, '2017-04-01 10:20:45', 1, 1),
(572, 69, 1.00, '2017-04-01 10:20:50', 1, 1),
(573, 70, 1.00, '2017-04-01 10:20:55', 1, 1),
(574, 71, 1.00, '2017-05-01 10:21:04', 1, 1),
(575, 72, 10000.00, '2017-05-01 12:26:10', 1, 1),
(576, 69, 24500.00, '2017-05-01 06:33:38', 1, 1),
(577, 70, 1.00, '2017-05-01 10:21:23', 1, 1),
(578, 71, 1.00, '2017-06-01 10:21:32', 1, 1),
(579, 72, 31000.00, '2017-06-01 06:59:29', 1, 1),
(580, 69, 1.00, '2017-06-01 10:21:43', 1, 1),
(581, 70, 0.00, '2017-06-01 06:12:50', 1, 1),
(582, 1, 0.00, '2017-08-01 00:00:00', 1, 1),
(583, 2, 500.00, '2017-08-01 11:05:21', 1, 1),
(584, 3, 600.00, '2017-08-01 12:31:33', 1, 1),
(585, 4, 1200.00, '2017-08-01 12:31:08', 1, 1),
(586, 5, 500.00, '2017-08-01 12:19:39', 1, 1),
(587, 6, 1200.00, '2017-08-01 12:30:50', 1, 1),
(588, 7, 100.00, '2017-08-01 12:19:34', 1, 1),
(589, 8, 250.00, '2017-08-01 12:19:30', 1, 1),
(594, 13, 600.00, '2017-08-01 06:22:09', 1, 1),
(595, 14, 500.00, '2017-08-01 06:22:19', 1, 1),
(596, 15, 1000.00, '2017-08-01 11:05:35', 1, 1),
(597, 16, 500.00, '2017-08-01 06:19:24', 1, 1),
(598, 17, 500.00, '2017-08-01 01:02:05', 1, 1),
(600, 19, 1000.00, '2017-08-01 06:19:12', 1, 1),
(602, 21, 0.00, '2017-08-01 06:19:59', 1, 1),
(607, 26, 500.00, '2017-08-01 06:21:19', 1, 1),
(608, 27, 1120.00, '2017-08-01 11:06:51', 1, 1),
(614, 33, 24154.00, '2017-08-01 02:22:55', 1, 1),
(615, 34, 6471.00, '2017-08-01 02:23:14', 1, 1),
(619, 38, 0.00, '2017-08-01 00:00:00', 1, 1),
(621, 40, 4000.00, '2017-08-01 06:22:31', 1, 1),
(626, 45, 3000.00, '2017-08-01 02:28:54', 1, 1),
(632, 51, 0.00, '2017-08-01 00:00:00', 1, 1),
(633, 52, 0.00, '2017-08-01 00:00:00', 1, 1),
(634, 53, 0.00, '2017-08-01 00:00:00', 1, 1),
(635, 54, 0.00, '2017-08-01 00:00:00', 1, 1),
(636, 55, 0.00, '2017-08-01 00:00:00', 1, 1),
(637, 56, 0.00, '2017-08-01 00:00:00', 1, 1),
(638, 57, 0.00, '2017-08-01 00:00:00', 1, 1),
(639, 58, 2000.00, '2017-08-01 06:23:01', 1, 1),
(640, 59, 0.00, '2017-08-01 00:00:00', 1, 1),
(642, 61, 0.00, '2017-08-01 06:28:23', 1, 1),
(647, 68, 16000.00, '2017-08-01 06:23:45', 1, 1),
(648, 69, 0.00, '2017-08-01 00:00:00', 1, 1),
(649, 70, 0.00, '2017-08-01 00:00:00', 1, 1),
(650, 71, 0.00, '2017-08-01 00:00:00', 1, 1),
(651, 72, 0.00, '2017-08-01 00:00:00', 1, 1),
(652, 68, 4000.00, '2017-08-01 06:23:45', 2, 1),
(653, 1, 3450.00, '2017-09-01 09:52:47', 1, 1),
(654, 2, 500.00, '2017-09-01 09:52:59', 1, 1),
(655, 3, 600.00, '2017-09-01 06:29:55', 1, 1),
(656, 4, 1200.00, '2017-09-01 06:29:41', 1, 1),
(657, 5, 500.00, '2017-09-01 09:52:16', 1, 1),
(658, 6, 1200.00, '2017-09-01 06:29:29', 1, 1),
(659, 7, 100.00, '2017-09-01 12:22:34', 1, 1),
(660, 8, 250.00, '2017-09-01 09:52:07', 1, 1),
(665, 13, 2000.00, '2017-09-01 09:54:53', 1, 1),
(666, 14, 500.00, '2017-09-01 09:54:40', 1, 1),
(667, 15, 1000.00, '2017-09-01 09:53:26', 1, 1),
(668, 16, 400.00, '2017-09-01 09:53:42', 1, 1),
(669, 17, 1000.00, '2017-09-01 09:54:13', 1, 1),
(671, 19, 2000.00, '2017-09-01 09:53:18', 1, 1),
(673, 21, 0.00, '2017-09-01 00:00:00', 1, 1),
(678, 26, 395.00, '2017-09-01 01:02:44', 1, 1),
(679, 27, 1200.00, '2017-09-01 03:50:43', 1, 1),
(685, 33, 24154.00, '2017-09-01 09:55:30', 1, 1),
(686, 34, 6471.00, '2017-09-01 09:55:49', 1, 1),
(690, 38, 0.00, '2017-09-01 00:00:00', 1, 1),
(692, 40, 4000.00, '2017-09-01 09:56:25', 1, 1),
(697, 45, 3000.00, '2017-09-01 09:56:35', 1, 1),
(703, 51, 0.00, '2017-09-01 00:00:00', 1, 1),
(704, 52, 0.00, '2017-09-01 00:00:00', 1, 1),
(705, 53, 1700.00, '2017-09-01 03:31:55', 1, 1),
(706, 54, 0.00, '2017-09-01 00:00:00', 1, 1),
(707, 55, 0.00, '2017-09-01 00:00:00', 1, 1),
(708, 56, 0.00, '2017-09-01 00:00:00', 1, 1),
(709, 57, 0.00, '2017-09-01 00:00:00', 1, 1),
(710, 58, 3000.00, '2017-09-01 09:59:20', 1, 1),
(711, 59, 0.00, '2017-09-01 00:00:00', 1, 1),
(713, 61, 0.00, '2017-09-01 00:00:00', 1, 1),
(718, 68, 20000.00, '2017-09-01 12:21:40', 1, 1),
(719, 69, 0.00, '2017-09-01 00:00:00', 1, 1),
(720, 70, 0.00, '2017-09-01 00:00:00', 1, 1),
(721, 71, 0.00, '2017-09-01 00:00:00', 1, 1),
(722, 72, 0.00, '2017-09-01 00:00:00', 1, 1),
(723, 19, 1000.00, '2017-08-01 06:19:12', 2, 1),
(724, 16, 500.00, '2017-08-01 06:19:24', 2, 1),
(725, 17, 0.00, '2017-08-01 01:02:05', 2, 1),
(727, 13, 900.00, '2017-08-01 06:22:09', 2, 1),
(728, 13, 600.00, '2017-08-01 06:22:09', 3, 1),
(729, 58, 1000.00, '2017-08-01 06:23:01', 2, 1),
(730, 68, 10000.00, '2017-08-01 06:23:45', 3, 1),
(731, 53, 30000.00, '2017-09-01 03:31:55', 2, 1),
(732, 68, 0.00, '2017-09-01 12:21:40', 2, 1),
(733, 13, 670.00, '2017-07-01 12:12:36', 3, 1),
(734, 16, 600.00, '2017-09-01 09:53:42', 2, 1),
(736, 1, 0.00, '2017-10-01 03:21:46', 1, 1),
(737, 2, 500.00, '2017-10-01 02:06:05', 1, 1),
(738, 3, 600.00, '2017-10-01 03:11:21', 1, 1),
(739, 4, 1200.00, '2017-10-01 02:05:43', 1, 1),
(740, 5, 500.00, '2017-10-01 02:37:10', 1, 1),
(741, 6, 1200.00, '2017-10-01 02:05:23', 1, 1),
(742, 7, 100.00, '2017-10-01 11:12:35', 1, 1),
(743, 8, 250.00, '2017-10-01 05:36:48', 1, 1),
(748, 13, 800.00, '2017-10-01 05:34:33', 1, 1),
(749, 14, 500.00, '2017-10-01 05:33:49', 1, 1),
(750, 15, 1000.00, '2017-10-01 05:33:42', 1, 1),
(751, 16, 400.00, '2017-10-01 05:35:53', 1, 1),
(752, 17, 500.00, '2017-10-01 05:36:27', 1, 1),
(754, 19, 1000.00, '2017-10-01 05:05:34', 1, 1),
(756, 21, 0.00, '2017-10-01 00:00:00', 1, 1),
(761, 26, 500.00, '2017-10-01 05:34:16', 1, 1),
(762, 27, 2000.00, '2017-10-01 03:51:03', 1, 1),
(768, 33, 24154.00, '2017-10-01 02:34:54', 1, 1),
(769, 34, 6471.00, '2017-10-01 02:35:15', 1, 1),
(773, 38, 0.00, '2017-10-01 00:00:00', 1, 1),
(775, 40, 4000.00, '2017-10-01 05:33:32', 1, 1),
(780, 45, 3000.00, '2017-10-01 05:53:31', 1, 1),
(786, 51, 5500.00, '2017-10-01 11:39:26', 1, 1),
(787, 52, 6550.00, '2017-10-01 03:06:49', 1, 1),
(788, 53, 0.00, '2017-10-01 00:00:00', 1, 1),
(789, 54, 0.00, '2017-10-01 00:00:00', 1, 1),
(790, 55, 0.00, '2017-10-01 00:00:00', 1, 1),
(791, 56, 0.00, '2017-10-01 00:00:00', 1, 1),
(792, 57, 4956.00, '2017-10-01 03:46:20', 1, 1),
(793, 58, 1000.00, '2017-10-01 05:35:25', 1, 1),
(794, 59, 570.00, '2017-10-01 02:38:46', 1, 1),
(796, 61, 0.00, '2017-10-01 00:00:00', 1, 1),
(801, 68, 0.00, '2017-10-01 00:00:00', 1, 1),
(802, 69, 0.00, '2017-10-01 00:00:00', 1, 1),
(803, 70, 0.00, '2017-10-01 00:00:00', 1, 1),
(804, 71, 22000.00, '2017-10-01 02:43:32', 1, 1),
(805, 72, 0.00, '2017-10-01 00:00:00', 1, 1),
(806, 13, 500.00, '2017-10-01 05:34:33', 2, 1),
(807, 19, 500.00, '2017-10-01 05:05:34', 2, 1),
(808, 58, 1000.00, '2017-10-01 05:35:25', 2, 1),
(809, 3, 0.00, '2017-10-01 03:11:21', 2, 1),
(810, 3, 0.00, '2017-10-01 03:11:21', 3, 1),
(811, 3, 0.00, '2017-10-01 03:11:21', 4, 1),
(812, 3, 0.00, '2017-10-01 03:11:21', 5, 1),
(813, 1, 0.00, '2017-11-01 00:00:00', 1, 1),
(814, 2, 500.00, '2017-11-01 05:27:08', 1, 1),
(815, 3, 600.00, '2017-11-01 10:54:18', 1, 1),
(816, 4, 1200.00, '2017-11-01 05:26:58', 1, 1),
(817, 5, 500.00, '2017-11-01 02:08:14', 1, 1),
(818, 6, 1200.00, '2017-11-01 05:26:44', 1, 1),
(819, 7, 100.00, '2017-11-01 10:55:28', 1, 1),
(820, 8, 250.00, '2017-11-01 10:54:56', 1, 1),
(825, 13, 1000.00, '2017-11-01 10:53:48', 1, 1),
(826, 14, 500.00, '2017-11-01 02:18:36', 1, 1),
(827, 15, 1000.00, '2017-11-01 05:28:17', 1, 1),
(828, 16, 500.00, '2017-11-01 10:54:07', 1, 1),
(829, 17, 500.00, '2017-11-01 10:53:58', 1, 1),
(831, 19, 1000.00, '2017-11-01 10:54:28', 1, 1),
(833, 21, 0.00, '2017-11-01 00:00:00', 1, 1),
(838, 26, 500.00, '2017-11-01 02:19:39', 1, 1),
(839, 27, 980.00, '2017-11-01 03:51:45', 1, 1),
(845, 33, 24154.00, '2017-11-01 02:19:15', 1, 1),
(846, 34, 6471.00, '2017-11-01 02:19:21', 1, 1),
(850, 38, 0.00, '2017-11-01 00:00:00', 1, 1),
(852, 40, 4000.00, '2017-11-01 06:53:41', 1, 1),
(857, 45, 3000.00, '2017-11-01 05:27:42', 1, 1),
(863, 51, 0.00, '2017-11-01 00:00:00', 1, 1),
(864, 52, 0.00, '2017-11-01 00:00:00', 1, 1),
(865, 53, 0.00, '2017-11-01 00:00:00', 1, 1),
(866, 54, 0.00, '2017-11-01 00:00:00', 1, 1),
(867, 55, 0.00, '2017-11-01 00:00:00', 1, 1),
(868, 56, 0.00, '2017-11-01 00:00:00', 1, 1),
(869, 57, 0.00, '2017-11-01 00:00:00', 1, 1),
(870, 58, 2800.00, '2017-11-01 02:19:58', 1, 1),
(871, 59, 0.00, '2017-11-01 00:00:00', 1, 1),
(873, 61, 0.00, '2017-11-01 00:00:00', 1, 1),
(878, 68, 25000.00, '2017-11-01 05:26:32', 1, 1),
(879, 69, 0.00, '2017-11-01 00:00:00', 1, 1),
(880, 70, 0.00, '2017-11-01 00:00:00', 1, 1),
(881, 71, 0.00, '2017-11-01 00:00:00', 1, 1),
(882, 72, 0.00, '2017-11-01 00:00:00', 1, 1),
(884, 13, 700.00, '2017-10-01 05:34:33', 3, 1),
(886, 16, 600.00, '2017-10-01 05:35:53', 2, 1),
(887, 17, 0.00, '2017-10-01 05:36:27', 2, 1),
(888, 17, 500.00, '2017-10-01 05:36:08', 2, 1),
(889, 19, 500.00, '2017-10-01 05:05:34', 3, 1),
(890, 13, 500.00, '2017-11-01 10:53:48', 2, 1),
(891, 19, 500.00, '2017-11-01 10:54:28', 2, 1),
(892, 1, 1150.00, '2017-12-01 11:33:05', 1, 1),
(893, 2, 500.00, '2017-12-01 10:58:25', 1, 1),
(894, 3, 600.00, '2017-12-01 10:58:29', 1, 1),
(895, 4, 1200.00, '2017-12-01 10:58:20', 1, 1),
(896, 5, 500.00, '2017-12-01 10:58:42', 1, 1),
(897, 6, 1200.00, '2017-12-01 10:58:13', 1, 1),
(898, 7, 100.00, '2017-12-01 10:58:47', 1, 1),
(899, 8, 250.00, '2017-12-01 10:35:04', 1, 1),
(904, 13, 2000.00, '2017-12-01 11:33:55', 1, 1),
(905, 14, 500.00, '2017-12-01 11:33:48', 1, 1),
(906, 15, 1000.00, '2017-12-01 11:33:27', 1, 1),
(907, 16, 1000.00, '2017-12-01 11:33:20', 1, 1),
(908, 17, 1719.00, '2017-12-01 03:41:57', 1, 1),
(910, 19, 2000.00, '2017-12-01 11:33:11', 1, 1),
(912, 21, 0.00, '2017-12-01 00:00:00', 1, 1),
(917, 26, 500.00, '2017-12-01 11:34:13', 1, 1),
(918, 27, 800.00, '2017-12-01 11:34:01', 1, 1),
(924, 33, 24154.00, '2017-12-01 11:34:21', 1, 1),
(925, 34, 6471.00, '2017-12-01 11:34:26', 1, 1),
(929, 38, 0.00, '2017-12-01 00:00:00', 1, 1),
(931, 40, 4000.00, '2017-12-01 11:34:29', 1, 1),
(936, 45, 3000.00, '2017-12-01 11:34:46', 1, 1),
(942, 51, 0.00, '2017-12-01 00:00:00', 1, 1),
(943, 52, 0.00, '2017-12-01 00:00:00', 1, 1),
(944, 53, 25000.00, '2017-12-01 01:00:02', 1, 1),
(945, 54, 0.00, '2017-12-01 00:00:00', 1, 1),
(946, 55, 0.00, '2017-12-01 00:00:00', 1, 1),
(947, 56, 0.00, '2017-12-01 00:00:00', 1, 1),
(948, 57, 0.00, '2017-12-01 00:00:00', 1, 1),
(949, 58, 22000.00, '2017-12-01 05:20:03', 1, 1),
(950, 59, 0.00, '2017-12-01 00:00:00', 1, 1),
(952, 61, 0.00, '2017-12-01 00:00:00', 1, 1),
(957, 68, 55000.00, '2017-12-01 10:57:25', 1, 1),
(958, 69, 0.00, '2017-12-01 00:00:00', 1, 1),
(959, 70, 0.00, '2017-12-01 00:00:00', 1, 1),
(960, 71, 15.00, '2017-12-01 10:47:51', 1, 1),
(961, 72, 0.00, '2017-12-01 00:00:00', 1, 1),
(962, 13, 500.00, '2017-11-01 10:53:48', 3, 1),
(963, 17, 500.00, '2017-11-01 10:53:58', 2, 1),
(964, 16, 500.00, '2017-11-01 10:54:07', 2, 1),
(965, 19, 500.00, '2017-11-01 10:54:28', 3, 1),
(966, 8, 0.00, '2017-11-01 10:54:56', 2, 1),
(967, 58, 2000.00, '2017-10-01 05:35:25', 3, 1),
(968, 1, 3450.00, '2018-01-01 11:33:59', 1, 1),
(969, 2, 500.00, '2018-01-01 11:34:06', 1, 1),
(970, 3, 600.00, '2018-01-01 11:34:08', 1, 1),
(971, 4, 1200.00, '2018-01-01 11:33:39', 1, 1),
(972, 5, 500.00, '2018-01-01 11:33:46', 1, 1),
(973, 6, 1400.00, '2018-01-01 11:33:13', 1, 1),
(974, 7, 100.00, '2018-01-01 12:18:39', 1, 1),
(975, 8, 250.00, '2018-01-01 12:18:34', 1, 1),
(980, 13, 1500.00, '2018-01-01 10:42:26', 1, 1),
(981, 14, 500.00, '2018-01-01 09:23:26', 1, 1),
(982, 15, 1000.00, '2018-01-01 09:22:28', 1, 1),
(983, 16, 1000.00, '2018-01-01 09:22:38', 1, 1),
(984, 17, 1000.00, '2018-01-01 09:23:18', 1, 1),
(986, 19, 2000.00, '2018-01-01 10:41:48', 1, 1),
(988, 21, 0.00, '2018-01-01 00:00:00', 1, 1),
(993, 26, 500.00, '2018-01-01 09:37:35', 1, 1),
(994, 27, 920.00, '2018-01-01 01:18:21', 1, 1),
(1000, 33, 24154.00, '2018-01-01 09:23:42', 1, 1),
(1001, 34, 6471.00, '2018-01-01 09:23:56', 1, 1),
(1005, 38, 0.00, '2018-01-01 00:00:00', 1, 1),
(1007, 40, 4000.00, '2018-01-01 09:23:52', 1, 1),
(1012, 45, 3000.00, '2018-01-01 09:24:03', 1, 1),
(1018, 51, 0.00, '2018-01-01 00:00:00', 1, 1),
(1019, 52, 6526.00, '2018-01-01 03:08:12', 1, 1),
(1020, 53, 0.00, '2018-01-01 00:00:00', 1, 1),
(1021, 54, 0.00, '2018-01-01 00:00:00', 1, 1),
(1022, 55, 0.00, '2018-01-01 00:00:00', 1, 1),
(1023, 56, 0.00, '2018-01-01 00:00:00', 1, 1),
(1024, 57, 0.00, '2018-01-01 00:00:00', 1, 1),
(1025, 58, 3750.00, '2018-01-01 10:44:05', 1, 1),
(1026, 59, 0.00, '2018-01-01 00:00:00', 1, 1),
(1028, 61, 0.00, '2018-01-01 00:00:00', 1, 1),
(1033, 68, 33000.00, '2018-01-01 01:02:30', 1, 1),
(1034, 69, 0.00, '2018-01-01 00:00:00', 1, 1),
(1035, 70, 0.00, '2018-01-01 00:00:00', 1, 1),
(1036, 71, 0.00, '2018-01-01 00:00:00', 1, 1),
(1037, 72, 0.00, '2018-01-01 00:00:00', 1, 1),
(1038, 19, 0.00, '2018-01-01 10:41:48', 2, 1),
(1045, 2, 600.00, '2018-02-01 02:28:54', 1, 1),
(1043, 13, 500.00, '2018-01-01 10:42:26', 2, 1),
(1044, 1, 0.00, '2018-02-01 00:00:00', 1, 1),
(1046, 3, 600.00, '2018-02-01 02:28:59', 1, 1),
(1047, 4, 1200.00, '2018-02-01 02:27:52', 1, 1),
(1048, 5, 500.00, '2018-02-01 02:45:56', 1, 1),
(1049, 6, 1400.00, '2018-02-01 02:27:32', 1, 1),
(1050, 7, 100.00, '2018-02-01 11:28:47', 1, 1),
(1051, 8, 250.00, '2018-02-01 11:28:53', 1, 1),
(1056, 13, 2000.00, '2018-02-01 11:29:57', 1, 1),
(1057, 14, 500.00, '2018-02-01 11:29:47', 1, 1),
(1058, 15, 1000.00, '2018-02-01 11:29:26', 1, 1),
(1059, 16, 1000.00, '2018-02-01 11:29:31', 1, 1),
(1060, 17, 1000.00, '2018-02-01 11:29:41', 1, 1),
(1062, 19, 2000.00, '2018-02-01 11:29:01', 1, 1),
(1064, 21, 0.00, '2018-02-01 00:00:00', 1, 1),
(1069, 26, 500.00, '2018-02-01 02:29:53', 1, 1),
(1070, 27, 550.00, '2018-02-01 03:52:29', 1, 1),
(1076, 33, 24154.00, '2018-02-01 11:29:19', 1, 1),
(1077, 34, 6471.00, '2018-02-01 11:30:46', 1, 1),
(1081, 38, 0.00, '2018-02-01 00:00:00', 1, 1),
(1083, 40, 4000.00, '2018-02-01 02:44:47', 1, 1),
(1088, 45, 3000.00, '2018-02-01 02:40:16', 1, 1),
(1094, 51, 0.00, '2018-02-01 00:00:00', 1, 1),
(1095, 52, 0.00, '2018-02-01 00:00:00', 1, 1),
(1096, 53, 1800.00, '2018-02-01 02:45:25', 1, 1),
(1097, 54, 0.00, '2018-02-01 00:00:00', 1, 1),
(1098, 55, 0.00, '2018-02-01 00:00:00', 1, 1),
(1099, 56, 0.00, '2018-02-01 00:00:00', 1, 1),
(1100, 57, 0.00, '2018-02-01 00:00:00', 1, 1),
(1101, 58, 12500.00, '2018-02-01 11:33:13', 1, 1),
(1102, 59, 0.00, '2018-02-01 00:00:00', 1, 1),
(1104, 61, 0.00, '2018-02-01 00:00:00', 1, 1),
(1109, 68, 12000.00, '2018-02-01 02:54:06', 1, 1),
(1110, 69, 0.00, '2018-02-01 00:00:00', 1, 1),
(1111, 70, 0.00, '2018-02-01 00:00:00', 1, 1),
(1112, 71, 0.00, '2018-02-01 00:00:00', 1, 1),
(1113, 72, 0.00, '2018-02-01 00:00:00', 1, 1),
(1114, 27, 910.00, '2018-02-01 03:52:29', 2, 1),
(1115, 1, 0.00, '2018-03-01 00:00:00', 1, 1),
(1116, 2, 600.00, '2018-03-01 12:24:22', 1, 1),
(1117, 3, 600.00, '2018-03-01 12:24:25', 1, 1),
(1118, 4, 1400.00, '2018-03-01 12:24:02', 1, 1),
(1119, 5, 500.00, '2018-03-01 12:24:10', 1, 1),
(1120, 6, 1400.00, '2018-03-01 12:23:36', 1, 1),
(1121, 7, 100.00, '2018-03-01 12:24:17', 1, 1),
(1122, 8, 250.00, '2018-03-01 12:15:55', 1, 1),
(1127, 13, 1000.00, '2018-03-01 11:22:38', 1, 1),
(1128, 14, 500.00, '2018-03-01 11:22:51', 1, 1),
(1129, 15, 1000.00, '2018-03-01 04:04:12', 1, 1),
(1130, 16, 1000.00, '2018-03-01 04:04:21', 1, 1),
(1131, 17, 500.00, '2018-03-01 11:22:16', 1, 1),
(1133, 19, 2000.00, '2018-03-01 04:16:31', 1, 1),
(1135, 21, 0.00, '2018-03-01 00:00:00', 1, 1),
(1140, 26, 500.00, '2018-03-01 11:23:14', 1, 1),
(1141, 27, 800.00, '2018-03-01 11:23:03', 1, 1),
(1147, 33, 24154.00, '2018-03-01 04:04:04', 1, 1),
(1148, 34, 6471.00, '2018-03-01 04:06:20', 1, 1),
(1152, 38, 0.00, '2018-03-01 00:00:00', 1, 1),
(1154, 40, 4000.00, '2018-03-01 12:15:59', 1, 1),
(1159, 45, 4000.00, '2018-03-01 04:06:09', 1, 1),
(1165, 51, 0.00, '2018-03-01 00:00:00', 1, 1),
(1166, 52, 0.00, '2018-03-01 00:00:00', 1, 1),
(1167, 53, 0.00, '2018-03-01 00:00:00', 1, 1),
(1168, 54, 0.00, '2018-03-01 00:00:00', 1, 1),
(1169, 55, 0.00, '2018-03-01 00:00:00', 1, 1),
(1170, 56, 0.00, '2018-03-01 00:00:00', 1, 1),
(1171, 57, 0.00, '2018-03-01 00:00:00', 1, 1),
(1172, 58, 3750.00, '2018-03-01 12:11:22', 1, 1),
(1173, 59, 0.00, '2018-03-01 00:00:00', 1, 1),
(1175, 61, 0.00, '2018-03-01 00:00:00', 1, 1),
(1180, 68, 0.00, '2018-03-01 00:00:00', 1, 1),
(1181, 69, 0.00, '2018-03-01 00:00:00', 1, 1),
(1182, 70, 0.00, '2018-03-01 00:00:00', 1, 1),
(1183, 71, 42000.00, '2018-03-01 03:40:18', 1, 1),
(1184, 72, 0.00, '2018-03-01 00:00:00', 1, 1),
(1185, 19, 0.00, '2018-03-01 04:16:31', 2, 1),
(1186, 17, 500.00, '2018-03-01 11:22:16', 2, 1),
(1187, 13, 1000.00, '2018-03-01 11:22:38', 2, 1),
(1188, 1, 2300.00, '2018-04-01 03:11:54', 1, 1),
(1189, 2, 600.00, '2018-04-01 10:09:19', 1, 1),
(1190, 3, 600.00, '2018-04-01 10:09:22', 1, 1),
(1191, 4, 1400.00, '2018-04-01 10:09:07', 1, 1),
(1192, 5, 500.00, '2018-04-01 10:39:51', 1, 1),
(1193, 6, 1400.00, '2018-04-01 10:03:16', 1, 1),
(1194, 7, 100.00, '2018-04-01 10:39:57', 1, 1),
(1195, 8, 250.00, '2018-04-01 03:12:03', 1, 1),
(1200, 13, 500.00, '2018-04-01 03:10:50', 1, 1),
(1201, 14, 500.00, '2018-04-01 03:10:59', 1, 1),
(1202, 15, 1000.00, '2018-04-01 03:10:01', 1, 1),
(1203, 16, 1000.00, '2018-04-01 03:09:18', 1, 1),
(1204, 17, 1000.00, '2018-04-01 03:10:29', 1, 1),
(1206, 19, 1000.00, '2018-04-01 03:09:10', 1, 1),
(1208, 21, 0.00, '2018-04-01 00:00:00', 1, 1),
(1213, 26, 500.00, '2018-04-01 03:12:41', 1, 1),
(1214, 27, 970.00, '2018-04-01 03:12:20', 1, 1),
(1220, 33, 24154.00, '2018-04-01 03:12:57', 1, 1),
(1221, 34, 6471.00, '2018-04-01 03:13:07', 1, 1),
(1225, 38, 0.00, '2018-04-01 00:00:00', 1, 1),
(1227, 40, 4000.00, '2018-04-01 03:13:22', 1, 1),
(1232, 45, 4000.00, '2018-04-01 05:59:32', 1, 1),
(1238, 51, 5439.00, '2018-04-01 03:20:21', 1, 1),
(1239, 52, 7200.00, '2018-04-01 03:15:28', 1, 1),
(1240, 53, 0.00, '2018-04-01 00:00:00', 1, 1),
(1241, 54, 7010.00, '2018-04-01 03:21:44', 1, 1),
(1242, 55, 7100.00, '2018-04-01 03:21:05', 1, 1),
(1243, 56, 0.00, '2018-04-01 00:00:00', 1, 1),
(1244, 57, 4996.00, '2018-04-01 03:15:51', 1, 1),
(1245, 58, 2200.00, '2018-04-01 05:58:46', 1, 1),
(1246, 59, 650.00, '2018-04-01 03:16:04', 1, 1),
(1248, 61, 0.00, '2018-04-01 00:00:00', 1, 1),
(1253, 68, 20000.00, '2018-04-01 03:40:58', 1, 1),
(1254, 69, 0.00, '2018-04-01 00:00:00', 1, 1),
(1255, 70, 0.00, '2018-04-01 00:00:00', 1, 1),
(1256, 71, 0.00, '2018-04-01 00:00:00', 1, 1),
(1257, 72, 0.00, '2018-04-01 00:00:00', 1, 1),
(1258, 13, 500.00, '2018-04-01 03:10:50', 2, 1),
(1259, 19, 1000.00, '2018-04-01 03:09:10', 2, 1),
(1260, 15, 0.00, '2018-04-01 03:10:01', 2, 1),
(1261, 17, 0.00, '2018-04-01 03:10:29', 2, 1),
(1262, 13, 1000.00, '2018-04-01 03:10:50', 3, 1),
(1263, 54, 0.00, '2018-04-01 03:21:44', 2, 1),
(1264, 1, 0.00, '2018-05-01 00:00:00', 1, 1),
(1265, 2, 600.00, '2018-05-01 03:00:08', 1, 1),
(1266, 3, 600.00, '2018-05-01 03:00:09', 1, 1),
(1267, 4, 1400.00, '2018-05-01 02:59:24', 1, 1),
(1268, 5, 500.00, '2018-05-01 02:59:34', 1, 1),
(1269, 6, 1400.00, '2018-05-01 02:59:10', 1, 1),
(1270, 7, 100.00, '2018-05-01 03:00:01', 1, 1),
(1271, 8, 0.00, '2018-05-01 05:02:55', 1, 1),
(1276, 13, 1000.00, '2018-05-01 01:16:29', 1, 1),
(1277, 14, 500.00, '2018-05-01 01:15:59', 1, 1),
(1278, 15, 1000.00, '2018-05-01 01:15:45', 1, 1),
(1279, 16, 1000.00, '2018-05-01 01:15:47', 1, 1),
(1280, 17, 1000.00, '2018-05-01 01:15:53', 1, 1),
(1282, 19, 2000.00, '2018-05-01 01:15:40', 1, 1),
(1284, 21, 0.00, '2018-05-01 00:00:00', 1, 1),
(1289, 26, 500.00, '2018-05-01 03:02:22', 1, 1),
(1290, 27, 800.00, '2018-05-01 03:02:28', 1, 1),
(1296, 33, 24154.00, '2018-05-01 01:16:39', 1, 1),
(1297, 34, 6471.00, '2018-05-01 01:16:51', 1, 1),
(1301, 38, 0.00, '2018-05-01 00:00:00', 1, 1),
(1303, 40, 4000.00, '2018-05-01 03:12:41', 1, 1),
(1308, 45, 4000.00, '2018-05-01 03:12:31', 1, 1),
(1314, 51, 0.00, '2018-05-01 00:00:00', 1, 1),
(1315, 52, 0.00, '2018-05-01 00:00:00', 1, 1),
(1316, 53, 0.00, '2018-05-01 00:00:00', 1, 1),
(1317, 54, 1830.00, '2018-05-01 01:19:17', 1, 1),
(1318, 55, 0.00, '2018-05-01 00:00:00', 1, 1),
(1319, 56, 8700.00, '2018-05-01 01:18:37', 1, 1),
(1320, 57, 0.00, '2018-05-01 00:00:00', 1, 1),
(1321, 58, 3000.00, '2018-05-01 03:13:23', 1, 1),
(1322, 59, 0.00, '2018-05-01 00:00:00', 1, 1),
(1324, 61, 0.00, '2018-05-01 00:00:00', 1, 1),
(1329, 68, 20500.00, '2018-05-01 03:12:06', 1, 1),
(1330, 69, 0.00, '2018-05-01 00:00:00', 1, 1),
(1331, 70, 0.00, '2018-05-01 00:00:00', 1, 1),
(1332, 71, 0.00, '2018-05-01 00:00:00', 1, 1),
(1333, 72, 0.00, '2018-05-01 00:00:00', 1, 1),
(1334, 58, 0.00, '2018-05-01 03:13:23', 2, 1),
(1335, 1, 2300.00, '2018-06-01 12:11:12', 1, 1),
(1336, 2, 600.00, '2018-06-01 04:59:20', 1, 1),
(1337, 3, 600.00, '2018-06-01 04:59:25', 1, 1),
(1338, 4, 1400.00, '2018-06-01 04:58:55', 1, 1),
(1339, 5, 500.00, '2018-06-01 04:59:02', 1, 1),
(1340, 6, 1400.00, '2018-06-01 01:20:16', 1, 1),
(1341, 7, 100.00, '2018-06-01 04:59:16', 1, 1),
(1342, 8, 250.00, '2018-06-01 04:59:09', 1, 1),
(1347, 13, 1850.00, '2018-06-01 12:11:47', 1, 1),
(1348, 14, 500.00, '2018-06-01 05:00:43', 1, 1),
(1349, 15, 1000.00, '2018-06-01 05:33:27', 1, 1),
(1350, 16, 1000.00, '2018-06-01 05:00:03', 1, 1),
(1351, 17, 1000.00, '2018-06-01 05:00:37', 1, 1),
(1353, 19, 1500.00, '2018-06-01 12:12:58', 1, 1),
(1355, 21, 0.00, '2018-06-01 00:00:00', 1, 1),
(1360, 26, 500.00, '2018-06-01 05:02:03', 1, 1),
(1361, 27, 1970.00, '2018-06-01 12:11:51', 1, 1),
(1367, 33, 24154.00, '2018-06-01 05:01:01', 1, 1),
(1368, 34, 6471.00, '2018-06-01 05:01:10', 1, 1),
(1372, 38, 0.00, '2018-06-01 00:00:00', 1, 1),
(1374, 40, 4000.00, '2018-06-01 05:01:19', 1, 1),
(1379, 45, 4000.00, '2018-06-01 05:01:31', 1, 1),
(1385, 51, 0.00, '2018-06-01 00:00:00', 1, 1),
(1386, 52, 0.00, '2018-06-01 00:00:00', 1, 1),
(1387, 53, 0.00, '2018-06-01 00:00:00', 1, 1),
(1388, 54, 0.00, '2018-06-01 00:00:00', 1, 1),
(1389, 55, 0.00, '2018-06-01 00:00:00', 1, 1),
(1390, 56, 0.00, '2018-06-01 00:00:00', 1, 1),
(1391, 57, 0.00, '2018-06-01 00:00:00', 1, 1),
(1392, 58, 4600.00, '2018-06-01 01:13:37', 1, 1),
(1393, 59, 750.00, '2018-06-01 01:20:13', 1, 1),
(1395, 61, 0.00, '2018-06-01 00:00:00', 1, 1),
(1400, 68, 20000.00, '2018-06-01 01:25:13', 1, 1),
(1401, 69, 0.00, '2018-06-01 00:00:00', 1, 1),
(1402, 70, 0.00, '2018-06-01 00:00:00', 1, 1),
(1403, 71, 0.00, '2018-06-01 00:00:00', 1, 1),
(1404, 72, 0.00, '2018-06-01 00:00:00', 1, 1),
(1405, 13, 1000.00, '2018-05-01 01:16:29', 2, 1),
(1406, 1, 2300.00, '2018-07-01 11:24:13', 1, 1),
(1407, 2, 1800.00, '2018-07-01 11:00:12', 1, 1),
(1408, 3, 600.00, '2018-07-01 11:24:28', 1, 1),
(1409, 4, 1400.00, '2018-07-01 11:23:51', 1, 1),
(1410, 5, 500.00, '2018-07-01 11:23:56', 1, 1),
(1411, 6, 1400.00, '2018-07-01 11:23:42', 1, 1),
(1412, 7, 100.00, '2018-07-01 11:24:20', 1, 1),
(1413, 8, 250.00, '2018-07-01 11:23:46', 1, 1),
(1418, 13, 2000.00, '2018-07-01 11:25:13', 1, 1),
(1419, 14, 500.00, '2018-07-01 11:25:09', 1, 1),
(1420, 15, 1000.00, '2018-07-01 11:24:37', 1, 1),
(1421, 16, 1000.00, '2018-07-01 11:24:40', 1, 1),
(1422, 17, 1000.00, '2018-07-01 11:25:01', 1, 1),
(1424, 19, 2000.00, '2018-07-01 02:24:34', 1, 1),
(1426, 21, 0.00, '2018-07-01 00:00:00', 1, 1),
(1431, 26, 500.00, '2018-07-01 11:26:25', 1, 1),
(1432, 27, 800.00, '2018-07-01 12:25:53', 1, 1),
(1438, 33, 24154.00, '2018-07-01 11:25:43', 1, 1),
(1439, 34, 6471.00, '2018-07-01 11:26:17', 1, 1),
(1443, 38, 0.00, '2018-07-01 00:00:00', 1, 1),
(1445, 40, 4000.00, '2018-07-01 11:26:04', 1, 1),
(1450, 45, 4000.00, '2018-07-01 11:26:13', 1, 1),
(1456, 51, 0.00, '2018-07-01 00:00:00', 1, 1),
(1457, 52, 0.00, '2018-07-01 00:00:00', 1, 1),
(1458, 53, 60000.00, '2018-07-01 11:27:48', 1, 1),
(1459, 54, 0.00, '2018-07-01 00:00:00', 1, 1),
(1460, 55, 0.00, '2018-07-01 00:00:00', 1, 1),
(1461, 56, 0.00, '2018-07-01 00:00:00', 1, 1),
(1462, 57, 0.00, '2018-07-01 00:00:00', 1, 1),
(1463, 58, 2129.00, '2018-07-01 12:29:53', 1, 1),
(1464, 59, 0.00, '2018-07-01 00:00:00', 1, 1),
(1466, 61, 0.00, '2018-07-01 00:00:00', 1, 1),
(1471, 68, 0.00, '2018-07-01 11:54:49', 1, 1),
(1472, 69, 10000.00, '2018-07-01 11:58:16', 1, 1),
(1473, 70, 0.00, '2018-07-01 00:00:00', 1, 1),
(1474, 71, 0.00, '2018-07-01 00:00:00', 1, 1),
(1475, 72, 0.00, '2018-07-01 00:00:00', 1, 1),
(1476, 19, 500.00, '2018-06-01 12:12:58', 2, 1),
(1477, 58, 0.00, '2018-07-01 12:29:53', 2, 1),
(1478, 53, 0.00, '2018-07-01 11:27:48', 2, 1),
(1480, 74, 4500.00, '2018-07-01 11:58:46', 1, 1),
(2329, 14, 500.00, '2019-07-01 11:18:11', 1, 1),
(1484, 1, 0.00, '2018-08-01 10:10:08', 1, 1),
(1485, 2, 0.00, '2018-08-01 10:07:48', 1, 1),
(1486, 3, 600.00, '2018-08-01 10:06:58', 1, 1),
(1487, 4, 975.00, '2018-08-01 10:09:30', 1, 1),
(1488, 5, 1000.00, '2018-08-01 10:08:34', 1, 1),
(1489, 6, 1400.00, '2018-08-01 01:37:31', 1, 1),
(1490, 7, 200.00, '2018-08-01 09:37:00', 1, 1),
(1491, 8, 250.00, '2018-08-01 01:18:56', 1, 1),
(1496, 13, 1000.00, '2018-08-01 09:46:34', 1, 1),
(1497, 14, 500.00, '2018-08-01 11:21:46', 1, 1),
(1498, 15, 1000.00, '2018-08-01 10:29:23', 1, 1),
(1499, 16, 500.00, '2018-08-01 12:24:26', 1, 1),
(1500, 17, 500.00, '2018-08-01 09:46:48', 1, 1),
(1502, 19, 500.00, '2018-08-01 11:22:32', 1, 1),
(1504, 21, 3000.00, '2018-08-01 10:53:10', 1, 1),
(1509, 26, 500.00, '2018-08-01 10:46:31', 1, 1),
(1510, 27, 2000.00, '2018-08-01 03:49:24', 1, 1),
(1516, 33, 24154.00, '2018-08-01 09:32:36', 1, 1),
(1517, 34, 6471.00, '2018-08-01 09:32:46', 1, 1),
(1521, 38, 0.00, '2018-08-01 00:00:00', 1, 1),
(1523, 40, 4000.00, '2018-08-01 10:27:00', 1, 1),
(1528, 45, 4000.00, '2018-08-01 10:55:00', 1, 1),
(1534, 51, 0.00, '2018-08-01 00:00:00', 1, 1),
(1535, 52, 7890.00, '2018-08-01 11:01:32', 1, 1),
(1536, 53, 0.00, '2018-08-01 00:00:00', 1, 1),
(1537, 54, 0.00, '2018-08-01 00:00:00', 1, 1),
(1538, 55, 0.00, '2018-08-01 00:00:00', 1, 1),
(1539, 56, 0.00, '2018-08-01 00:00:00', 1, 1),
(1540, 57, 0.00, '2018-08-01 11:11:40', 1, 1),
(1541, 58, 0.00, '2018-08-01 00:00:00', 1, 1),
(1542, 59, 0.00, '2018-08-01 00:00:00', 1, 1),
(1544, 61, 0.00, '2018-08-01 00:00:00', 1, 1),
(1549, 68, 55.00, '2018-08-01 11:57:06', 1, 1),
(1550, 69, 0.00, '2018-08-01 00:00:00', 1, 1),
(1551, 70, 0.00, '2018-08-01 00:00:00', 1, 1),
(1552, 71, 0.00, '2018-08-01 00:00:00', 1, 1),
(1553, 72, 0.00, '2018-08-01 00:00:00', 1, 1),
(1555, 74, 3000.00, '2018-08-01 01:13:56', 1, 1),
(2328, 13, 1000.00, '2019-07-01 11:48:46', 1, 1),
(1559, 13, 500.00, '2018-08-01 09:46:34', 2, 1),
(1562, 8, 50.00, '2017-07-01 12:20:31', 2, 1),
(1563, 8, 50.00, '2017-06-01 12:20:48', 2, 1),
(1564, 19, 500.00, '2018-08-01 11:22:32', 2, 1),
(1565, 66, 3000.00, '2018-08-01 11:56:09', 1, 2),
(1566, 67, 500.00, '2018-08-01 11:56:18', 1, 2),
(1567, 13, 500.00, '2018-08-01 09:46:34', 3, 1),
(1568, 17, 500.00, '2018-08-01 09:46:48', 2, 1),
(1569, 1, 0.00, '2018-09-01 00:00:00', 1, 1),
(1570, 2, 0.00, '2018-09-01 10:29:01', 1, 1),
(1571, 3, 600.00, '2018-09-01 10:25:54', 1, 1),
(1572, 4, 1400.00, '2018-09-01 11:48:07', 1, 1),
(1573, 5, 1000.00, '2018-09-01 11:48:07', 1, 1),
(1574, 6, 1400.00, '2018-09-01 11:48:07', 1, 1),
(1575, 7, 200.00, '2018-09-01 11:48:07', 1, 1),
(1576, 8, 100.00, '2018-09-01 11:59:23', 1, 1),
(1581, 13, 1000.00, '2018-09-01 12:14:08', 1, 1),
(1582, 14, 500.00, '2018-09-01 10:25:54', 1, 1),
(1583, 15, 1800.00, '2018-09-01 04:05:45', 1, 1),
(1584, 16, 500.00, '2018-09-01 11:59:54', 1, 1),
(1585, 17, 500.00, '2018-09-01 01:58:36', 1, 1),
(1587, 19, 500.00, '2018-09-01 01:58:02', 1, 1),
(1589, 21, 3000.00, '2018-09-01 10:03:54', 1, 1),
(1594, 26, 500.00, '2018-09-01 09:35:15', 1, 1),
(1595, 27, 1000.00, '2018-09-01 10:03:54', 1, 1),
(1601, 33, 24154.00, '2018-09-01 03:18:15', 1, 1),
(1602, 34, 6471.00, '2018-09-01 03:18:15', 1, 1),
(1606, 38, 2000.00, '2018-09-01 03:18:15', 1, 1),
(1608, 40, 4000.00, '2018-09-01 11:45:40', 1, 1),
(1613, 45, 4000.00, '2018-09-01 11:45:40', 1, 1),
(1619, 51, 0.00, '2018-09-01 00:00:00', 1, 1),
(1620, 52, 0.00, '2018-09-01 00:00:00', 1, 1),
(1621, 53, 0.00, '2018-09-01 00:00:00', 1, 1),
(1622, 54, 0.00, '2018-09-01 00:00:00', 1, 1),
(1623, 55, 0.00, '2018-09-01 00:00:00', 1, 1),
(1624, 56, 0.00, '2018-09-01 00:00:00', 1, 1),
(1625, 57, 0.00, '2018-09-01 00:00:00', 1, 1),
(1626, 58, 3500.00, '2018-09-01 09:38:05', 1, 1),
(1627, 59, 870.00, '2018-09-01 01:19:10', 1, 1),
(1629, 61, 0.00, '2018-09-01 00:00:00', 1, 1),
(1634, 68, 0.00, '2018-09-01 00:00:00', 1, 1),
(1635, 69, 0.00, '2018-09-01 00:00:00', 1, 1),
(1636, 70, 0.00, '2018-09-01 00:00:00', 1, 1),
(1637, 71, 0.00, '2018-09-01 00:00:00', 1, 1),
(1638, 72, 0.00, '2018-09-01 00:00:00', 1, 1),
(1640, 74, 3500.00, '2018-09-01 04:38:53', 1, 1),
(2327, 8, 0.00, '2019-07-01 00:00:00', 1, 1),
(1644, 66, 4000.00, '2018-09-01 11:55:30', 1, 2),
(1645, 67, 0.00, '2018-09-01 00:00:00', 1, 2),
(1646, 16, 500.00, '2018-08-01 12:24:26', 2, 1),
(1647, 13, 1000.00, '2018-09-01 12:14:08', 2, 1),
(1648, 8, 150.00, '2018-09-01 11:59:23', 2, 1),
(1649, 19, 500.00, '2018-09-01 01:58:02', 2, 1),
(1650, 16, 500.00, '2018-09-01 11:59:54', 2, 1),
(1651, 17, 500.00, '2018-09-01 01:58:36', 2, 1),
(1652, 19, 500.00, '2018-06-01 12:12:58', 3, 1),
(1653, 13, 0.00, '2018-09-01 12:14:08', 3, 1),
(1654, 19, 0.00, '2018-09-01 01:58:02', 3, 1),
(1655, 17, 0.00, '2018-09-01 01:58:36', 3, 1),
(2326, 7, 200.00, '2019-07-01 12:04:25', 1, 1),
(1658, 19, 789.00, '2018-07-01 02:24:34', 2, 1),
(1659, 1, 3450.00, '2018-10-01 11:10:28', 1, 1),
(1660, 2, 1800.00, '2018-10-01 11:10:50', 1, 1),
(1661, 3, 600.00, '2018-10-01 11:48:48', 1, 1),
(1662, 4, 1400.00, '2018-10-01 04:32:57', 1, 1),
(1663, 5, 1000.00, '2018-10-01 04:32:57', 1, 1),
(1664, 6, 1400.00, '2018-10-01 04:32:57', 1, 1),
(1665, 7, 200.00, '2018-10-01 04:32:57', 1, 1),
(1666, 8, 250.00, '2018-10-01 11:00:51', 1, 1),
(1671, 13, 700.00, '2018-10-01 11:06:03', 1, 1),
(1672, 14, 500.00, '2018-10-01 11:14:09', 1, 1),
(1673, 15, 10000.00, '2018-10-01 12:03:35', 1, 1),
(1674, 16, 500.00, '2018-10-01 11:06:27', 1, 1),
(1675, 17, 500.00, '2018-10-01 11:06:38', 1, 1),
(2371, 105, 2000.00, '2019-07-01 12:04:25', 1, 1),
(1677, 19, 500.00, '2018-10-01 10:46:56', 1, 1),
(1679, 21, 3000.00, '2018-10-01 10:47:26', 1, 1),
(2306, 108, 4500.00, '2019-06-01 12:11:45', 1, 1),
(1684, 26, 500.00, '2018-10-01 11:06:59', 1, 1),
(1685, 27, 730.00, '2018-10-01 12:43:10', 1, 1),
(2305, 105, 2000.00, '2019-06-01 01:30:24', 1, 1),
(2304, 104, 4500.00, '2019-06-01 12:08:33', 1, 1),
(2303, 103, 4500.00, '2019-06-01 01:30:24', 1, 1),
(1691, 33, 24154.00, '2018-10-01 11:48:48', 1, 1),
(1692, 34, 6471.00, '2018-10-01 11:48:48', 1, 1),
(2300, 106, 4500.00, '2019-06-01 01:30:24', 1, 1),
(1696, 38, 2000.00, '2018-10-01 11:48:48', 1, 1),
(1698, 40, 4000.00, '2018-10-01 11:06:59', 1, 1),
(1703, 45, 4000.00, '2018-10-01 11:06:59', 1, 1),
(1972, 93, 0.00, '2019-01-01 00:00:00', 1, 1),
(2335, 93, 4500.00, '2019-07-01 12:04:25', 1, 1),
(1970, 92, 10.00, '2019-01-01 00:00:00', 1, 6),
(1709, 51, 5439.00, '2018-10-01 11:49:48', 1, 1),
(1710, 52, 7800.00, '2018-10-01 01:15:10', 1, 1),
(1711, 53, 0.00, '2018-10-01 00:00:00', 1, 1),
(1712, 54, 0.00, '2018-10-01 00:00:00', 1, 1),
(1713, 55, 0.00, '2018-10-01 00:00:00', 1, 1),
(1714, 56, 0.00, '2018-10-01 00:00:00', 1, 1),
(1715, 57, 4030.00, '2018-10-01 11:04:50', 1, 1),
(1716, 58, 1500.00, '2018-10-01 11:01:14', 1, 1),
(1717, 59, 0.00, '2018-10-01 00:00:00', 1, 1),
(1969, 91, 10.00, '2019-01-01 00:00:00', 1, 5),
(1719, 61, 0.00, '2018-10-01 00:00:00', 1, 1),
(1968, 90, 10.00, '2019-01-01 00:00:00', 1, 4),
(1967, 89, 0.00, '2019-01-01 00:00:00', 1, 2),
(1966, 88, 0.00, '2019-01-01 00:00:00', 1, 2),
(1965, 67, 0.00, '2019-01-01 00:00:00', 1, 2),
(1724, 68, 0.00, '2018-10-01 00:00:00', 1, 1),
(1725, 69, 0.00, '2018-10-01 00:00:00', 1, 1),
(1726, 70, 0.00, '2018-10-01 00:00:00', 1, 1),
(1727, 71, 0.00, '2018-10-01 00:00:00', 1, 1),
(1728, 72, 0.00, '2018-10-01 00:00:00', 1, 1),
(2370, 111, 500.00, '2019-07-01 10:34:45', 1, 1),
(1730, 74, 0.00, '2018-10-01 00:00:00', 1, 1),
(2369, 104, 4500.00, '2019-07-01 10:13:10', 1, 1),
(2325, 6, 1400.00, '2019-07-01 12:04:25', 1, 1),
(2368, 103, 4500.00, '2019-07-01 12:04:25', 1, 1),
(1734, 74, 2000.00, '2018-09-01 04:38:53', 2, 1),
(1735, 13, 500.00, '2018-10-01 11:06:03', 2, 1),
(1736, 27, 810.00, '2018-10-01 12:43:10', 2, 1),
(1737, 13, 500.00, '2018-10-01 11:06:03', 3, 1),
(1738, 16, 200.00, '2018-10-01 11:06:27', 2, 1),
(1739, 58, 2500.00, '2018-10-01 11:01:14', 2, 1),
(1740, 13, 300.00, '2018-10-01 11:06:03', 4, 1),
(1741, 16, 200.00, '2018-10-01 11:06:27', 3, 1),
(1742, 17, 500.00, '2018-10-01 11:06:38', 2, 1),
(1743, 1, 0.00, '2018-11-01 00:00:00', 1, 1),
(1744, 2, 0.00, '2018-11-01 00:00:00', 1, 1),
(1745, 3, 600.00, '2018-11-01 11:40:46', 1, 1),
(1746, 4, 1400.00, '2018-11-01 10:43:25', 1, 1),
(1747, 5, 1000.00, '2018-11-01 10:43:25', 1, 1),
(1748, 6, 1400.00, '2018-11-01 10:43:25', 1, 1),
(1749, 7, 200.00, '2018-11-01 10:43:25', 1, 1),
(1750, 8, 250.00, '2018-11-01 12:32:01', 1, 1),
(1964, 66, 4000.00, '2019-01-01 05:21:58', 1, 2),
(1963, 19, 200.00, '2017-10-01 05:05:34', 4, 1),
(1962, 58, 100.00, '2018-12-01 01:52:28', 2, 1),
(1755, 13, 500.00, '2018-11-01 12:31:39', 1, 1),
(1756, 14, 500.00, '2018-11-01 11:40:46', 1, 1),
(1757, 15, 1000.00, '2018-11-01 05:24:03', 1, 1),
(1758, 16, 1000.00, '2018-11-01 12:31:47', 1, 1),
(1759, 17, 500.00, '2018-11-01 12:31:29', 1, 1),
(1761, 19, 500.00, '2018-11-01 12:31:55', 1, 1),
(2324, 5, 1000.00, '2019-07-01 12:04:25', 1, 1),
(1763, 21, 3000.00, '2018-11-01 01:15:23', 1, 1),
(1961, 87, 2000.00, '2019-01-01 12:13:47', 1, 1),
(1960, 13, 500.00, '2019-01-01 12:30:22', 4, 1),
(1959, 17, 500.00, '2019-01-01 12:30:09', 2, 1),
(2365, 106, 4500.00, '2019-07-01 12:04:25', 1, 1),
(1768, 26, 500.00, '2018-11-01 01:15:23', 1, 1),
(1769, 27, 820.00, '2018-11-01 12:32:16', 1, 1),
(2294, 74, 0.00, '2019-06-01 00:00:00', 1, 1),
(2292, 72, 1.00, '2019-06-01 12:08:33', 1, 1),
(2291, 71, 1.00, '2019-06-01 12:08:33', 1, 1),
(1775, 33, 24154.00, '2018-11-01 10:19:22', 1, 1),
(1776, 34, 6471.00, '2018-11-01 10:19:22', 1, 1),
(2290, 70, 1.00, '2019-06-01 12:08:33', 1, 1),
(1958, 19, 500.00, '2019-01-01 10:28:58', 3, 1),
(2289, 69, 1.00, '2019-06-01 12:08:33', 1, 1),
(1780, 38, 2000.00, '2018-11-01 10:19:22', 1, 1),
(1957, 8, 150.00, '2019-01-01 11:51:43', 2, 1),
(1782, 40, 4000.00, '2018-11-01 01:15:23', 1, 1),
(1956, 13, 1000.00, '2019-01-01 12:30:22', 3, 1),
(1955, 86, 0.00, '2019-01-01 00:00:00', 1, 3),
(1954, 85, 0.00, '2019-01-01 00:00:00', 1, 3),
(1953, 84, 0.00, '2019-01-01 00:00:00', 1, 3),
(1787, 45, 4000.00, '2018-11-01 01:15:23', 1, 1),
(2288, 68, 1.00, '2019-06-01 12:08:33', 1, 1),
(1952, 58, 2401.00, '2019-01-01 11:42:55', 2, 1),
(1951, 83, 10.00, '2019-01-01 00:00:00', 1, 3),
(1950, 19, 500.00, '2019-01-01 10:28:58', 2, 1),
(1793, 51, 0.00, '2018-11-01 00:00:00', 1, 1),
(1794, 52, 0.00, '2018-11-01 00:00:00', 1, 1),
(1795, 53, 0.00, '2018-11-01 00:00:00', 1, 1),
(1796, 54, 0.00, '2018-11-01 00:00:00', 1, 1),
(1797, 55, 0.00, '2018-11-01 00:00:00', 1, 1),
(1798, 56, 0.00, '2018-11-01 00:00:00', 1, 1),
(1799, 57, 0.00, '2018-11-01 00:00:00', 1, 1),
(1800, 58, 3500.00, '2018-11-01 01:37:47', 1, 1),
(1801, 59, 0.00, '2018-11-01 00:00:00', 1, 1),
(1949, 13, 500.00, '2019-01-01 12:30:22', 2, 1),
(1803, 61, 3000.00, '2018-11-01 01:46:50', 1, 1),
(1948, 8, 200.00, '2017-12-01 10:35:04', 2, 1),
(1947, 17, 0.00, '2017-12-01 03:41:57', 2, 1),
(1946, 82, 4500.00, '2019-01-01 06:25:56', 1, 1),
(1808, 68, 0.00, '2018-11-01 00:00:00', 1, 1),
(1809, 69, 0.00, '2018-11-01 00:00:00', 1, 1),
(1810, 70, 0.00, '2018-11-01 00:00:00', 1, 1),
(1811, 71, 0.00, '2018-11-01 00:00:00', 1, 1),
(1812, 72, 0.00, '2018-11-01 00:00:00', 1, 1),
(2363, 112, 6000.00, '2019-07-01 12:04:25', 1, 1),
(1814, 74, 3500.00, '2018-11-01 12:32:54', 1, 1),
(2362, 74, 0.00, '2019-07-01 00:00:00', 1, 1),
(2323, 4, 1400.00, '2019-07-01 12:04:25', 1, 1),
(2361, 72, 1.00, '2019-07-01 10:13:10', 1, 1),
(1818, 19, 500.00, '2018-10-01 10:46:56', 2, 1),
(1819, 13, 500.00, '2018-11-01 12:31:39', 2, 1),
(1820, 15, 0.00, '2018-11-01 05:24:03', 2, 1),
(1821, 1, 0.00, '2018-12-01 00:00:00', 1, 1),
(1822, 2, 600.00, '2018-12-01 12:59:44', 1, 1),
(1823, 3, 600.00, '2018-12-01 12:52:53', 1, 1),
(1824, 4, 1200.00, '2018-12-01 12:52:41', 1, 1),
(1825, 5, 1000.00, '2018-12-01 12:53:10', 1, 1),
(1826, 6, 1400.00, '2018-12-01 12:52:22', 1, 1),
(1827, 7, 200.00, '2018-12-01 09:20:52', 1, 1),
(1828, 8, 150.00, '2018-12-01 12:58:25', 1, 1),
(2286, 82, 4500.00, '2019-06-01 12:02:49', 1, 1),
(1830, 13, 600.00, '2018-12-01 12:59:02', 1, 1),
(1831, 14, 500.00, '2018-12-01 08:37:41', 1, 1),
(1832, 15, 1000.00, '2018-12-01 10:08:43', 1, 1),
(1833, 16, 500.00, '2018-12-01 01:00:09', 1, 1),
(1834, 17, 500.00, '2018-12-01 01:00:21', 1, 1),
(2360, 71, 1.00, '2019-07-01 10:13:10', 1, 1),
(1836, 19, 500.00, '2018-12-01 12:59:56', 1, 1),
(2285, 61, 3000.00, '2019-06-01 09:45:26', 1, 1),
(1838, 21, 3000.00, '2018-12-01 04:10:13', 1, 1),
(2284, 59, 0.00, '2019-06-01 00:00:00', 1, 1),
(1840, 26, 500.00, '2018-12-01 04:10:13', 1, 1),
(1841, 27, 1000.00, '2018-12-01 04:10:13', 1, 1),
(2283, 58, 2500.00, '2019-06-01 08:08:31', 1, 1),
(2282, 57, 0.00, '2019-06-01 00:00:00', 1, 1),
(1845, 33, 24154.00, '2018-12-01 04:10:13', 1, 1);
INSERT INTO `ec_expenditure` (`ID`, `EXP_ITEM_ID`, `EXP_AMT`, `EXP_DATE`, `EXP_SLOT`, `USER_ID`) VALUES
(1846, 34, 6471.00, '2018-12-01 04:10:13', 1, 1),
(2281, 56, 8197.00, '2019-06-01 12:11:23', 1, 1),
(2280, 55, 0.00, '2019-06-01 00:00:00', 1, 1),
(1849, 38, 2000.00, '2018-12-01 04:10:13', 1, 1),
(1850, 40, 4000.00, '2018-12-01 04:10:13', 1, 1),
(1851, 45, 4000.00, '2018-12-01 04:10:13', 1, 1),
(2279, 54, 0.00, '2019-06-01 00:00:00', 1, 1),
(2278, 53, 0.00, '2019-06-01 00:00:00', 1, 1),
(1854, 51, 0.00, '2018-12-01 00:00:00', 1, 1),
(1855, 52, 0.00, '2018-12-01 00:00:00', 1, 1),
(1856, 53, 25000.00, '2018-12-01 01:51:06', 1, 1),
(1857, 54, 0.00, '2018-12-01 00:00:00', 1, 1),
(1858, 55, 0.00, '2018-12-01 00:00:00', 1, 1),
(1859, 56, 0.00, '2018-12-01 00:00:00', 1, 1),
(1860, 57, 0.00, '2018-12-01 00:00:00', 1, 1),
(1861, 58, 3500.00, '2018-12-01 01:52:28', 1, 1),
(1862, 59, 0.00, '2018-12-01 00:00:00', 1, 1),
(1863, 61, 3000.00, '2018-12-01 04:10:13', 1, 1),
(1864, 68, 1.00, '2018-12-01 12:57:59', 1, 1),
(1865, 69, 1.00, '2018-12-01 12:57:59', 1, 1),
(1866, 70, 1.00, '2018-12-01 12:57:59', 1, 1),
(1867, 71, 1.00, '2018-12-01 12:57:59', 1, 1),
(1868, 72, 1.00, '2018-12-01 12:57:59', 1, 1),
(2359, 70, 1.00, '2019-07-01 10:13:10', 1, 1),
(1870, 74, 3500.00, '2018-12-01 08:41:16', 1, 1),
(2358, 69, 1.00, '2019-07-01 10:13:10', 1, 1),
(2322, 3, 0.00, '2019-07-01 00:00:00', 1, 1),
(2357, 68, 1.00, '2019-07-01 10:13:10', 1, 1),
(1874, 17, 500.00, '2018-11-01 12:31:29', 2, 1),
(1875, 13, 1000.00, '2018-11-01 12:31:39', 3, 1),
(1876, 19, 500.00, '2018-11-01 12:31:55', 2, 1),
(1877, 27, 320.00, '2018-11-01 12:32:16', 2, 1),
(2334, 21, 3000.00, '2019-07-01 10:34:45', 1, 1),
(1879, 8, 100.00, '2018-12-01 12:58:25', 2, 1),
(1880, 13, 800.00, '2018-12-01 12:59:02', 2, 1),
(1881, 13, 600.00, '2018-12-01 12:59:02', 3, 1),
(1882, 19, 500.00, '2018-12-01 12:59:56', 2, 1),
(1883, 16, 500.00, '2018-12-01 01:00:09', 2, 1),
(1884, 17, 500.00, '2018-12-01 01:00:21', 2, 1),
(1885, 1, 3450.00, '2019-01-01 12:25:22', 1, 1),
(1886, 2, 1800.00, '2019-01-01 11:11:17', 1, 1),
(1887, 3, 600.00, '2019-01-01 10:58:56', 1, 1),
(1888, 4, 1400.00, '2019-01-01 12:59:07', 1, 1),
(1889, 5, 1000.00, '2019-01-01 12:59:07', 1, 1),
(1890, 6, 1400.00, '2019-01-01 12:59:07', 1, 1),
(1891, 7, 200.00, '2019-01-01 12:59:07', 1, 1),
(1892, 8, 100.00, '2019-01-01 11:51:43', 1, 1),
(2277, 52, 0.00, '2019-06-01 00:00:00', 1, 1),
(1894, 13, 1000.00, '2019-01-01 12:30:22', 1, 1),
(1895, 14, 500.00, '2019-01-01 10:58:56', 1, 1),
(1896, 15, 4000.00, '2019-01-01 10:55:27', 1, 1),
(1897, 16, 1000.00, '2019-01-01 11:52:15', 1, 1),
(1898, 17, 500.00, '2019-01-01 12:30:09', 1, 1),
(2356, 82, 4500.00, '2019-07-01 11:18:11', 1, 1),
(1900, 19, 2500.00, '2019-01-01 10:28:58', 1, 1),
(2276, 51, 0.00, '2019-06-01 00:00:00', 1, 1),
(1902, 21, 3000.00, '2019-01-01 12:59:07', 1, 1),
(1903, 26, 500.00, '2019-01-01 09:13:56', 1, 1),
(1904, 27, 1000.00, '2019-01-01 12:59:07', 1, 1),
(2275, 45, 4000.00, '2019-06-01 12:47:12', 1, 1),
(1907, 33, 24154.00, '2019-01-01 10:45:11', 1, 1),
(1908, 34, 6471.00, '2019-01-01 10:45:11', 1, 1),
(2274, 87, 1000.00, '2019-06-01 08:07:37', 1, 1),
(2273, 40, 4000.00, '2019-06-01 12:47:12', 1, 1),
(1911, 38, 2000.00, '2019-01-01 10:45:11', 1, 1),
(1912, 40, 4000.00, '2019-01-01 09:13:56', 1, 1),
(1913, 45, 4000.00, '2019-01-01 09:13:56', 1, 1),
(2272, 38, 2000.00, '2019-06-01 03:33:35', 1, 1),
(2271, 34, 6471.00, '2019-06-01 03:33:35', 1, 1),
(1916, 51, 0.00, '2019-01-01 00:00:00', 1, 1),
(1917, 52, 7093.00, '2019-01-01 12:25:46', 1, 1),
(1918, 53, 0.00, '2019-01-01 01:50:44', 1, 1),
(1919, 54, 0.00, '2019-01-01 00:00:00', 1, 1),
(1920, 55, 0.00, '2019-01-01 00:00:00', 1, 1),
(1921, 56, 0.00, '2019-01-01 00:00:00', 1, 1),
(1922, 57, 0.00, '2019-01-01 00:00:00', 1, 1),
(1923, 58, 2000.00, '2019-01-01 11:42:55', 1, 1),
(1924, 59, 0.00, '2019-01-01 00:00:00', 1, 1),
(1925, 61, 3000.00, '2019-01-01 12:59:07', 1, 1),
(1926, 68, 1.00, '2019-01-01 11:13:17', 1, 1),
(1927, 69, 1.00, '2019-01-01 11:13:36', 1, 1),
(1928, 70, 1.00, '2019-01-01 11:13:41', 1, 1),
(1929, 71, 1.00, '2019-01-01 11:13:25', 1, 1),
(1930, 72, 1.00, '2019-01-01 11:13:31', 1, 1),
(2355, 61, 3000.00, '2019-07-01 10:34:45', 1, 1),
(1932, 74, 7800.00, '2019-01-01 01:49:35', 1, 1),
(2354, 59, 780.00, '2019-07-01 12:06:55', 1, 1),
(2321, 2, 0.00, '2019-07-01 00:00:00', 1, 1),
(2353, 58, 2500.00, '2019-07-01 12:01:00', 1, 1),
(2333, 19, 1000.00, '2019-07-01 12:01:36', 1, 1),
(2270, 33, 24154.00, '2019-06-01 03:33:35', 1, 1),
(1938, 15, 0.00, '2018-12-01 10:08:43', 2, 1),
(2268, 27, 3000.00, '2019-06-01 08:06:29', 1, 1),
(2267, 26, 500.00, '2019-06-01 12:09:22', 1, 1),
(2266, 93, 4500.00, '2019-06-01 01:30:24', 1, 1),
(2265, 21, 3000.00, '2019-06-01 09:45:26', 1, 1),
(2264, 19, 1000.00, '2019-06-01 08:07:27', 1, 1),
(1973, 1, 0.00, '2019-02-01 00:00:00', 1, 1),
(1974, 2, 600.00, '2019-02-01 08:21:25', 1, 1),
(1975, 3, 600.00, '2019-02-01 07:37:43', 1, 1),
(1976, 4, 1400.00, '2019-02-01 11:20:56', 1, 1),
(1977, 5, 1000.00, '2019-02-01 11:20:56', 1, 1),
(1978, 6, 1400.00, '2019-02-01 11:20:56', 1, 1),
(1979, 7, 200.00, '2019-02-01 11:20:56', 1, 1),
(1980, 8, 250.00, '2019-02-01 07:37:43', 1, 1),
(2320, 1, 0.00, '2019-07-01 00:00:00', 1, 1),
(1982, 13, 500.00, '2019-02-01 07:38:25', 1, 1),
(1983, 14, 500.00, '2019-02-01 07:37:43', 1, 1),
(1984, 15, 3000.00, '2019-02-01 07:39:36', 1, 1),
(1985, 16, 1000.00, '2019-02-01 07:39:59', 1, 1),
(1986, 17, 500.00, '2019-02-01 07:38:39', 1, 1),
(2352, 57, 0.00, '2019-07-01 00:00:00', 1, 1),
(1988, 19, 1000.00, '2019-02-01 07:39:17', 1, 1),
(2351, 56, 0.00, '2019-07-01 00:00:00', 1, 1),
(1990, 21, 3000.00, '2019-02-01 03:19:55', 1, 1),
(1991, 93, 4500.00, '2019-02-01 11:31:16', 1, 1),
(1992, 26, 500.00, '2019-02-01 07:38:52', 1, 1),
(1993, 27, 520.00, '2019-02-01 12:35:55', 1, 1),
(2262, 17, 500.00, '2019-06-01 08:07:08', 1, 1),
(1996, 33, 24154.00, '2019-02-01 12:52:46', 1, 1),
(1997, 34, 6471.00, '2019-02-01 12:52:46', 1, 1),
(2261, 16, 500.00, '2019-06-01 08:08:43', 1, 1),
(2260, 15, 3000.00, '2019-06-01 08:08:09', 1, 1),
(2000, 38, 2000.00, '2019-02-01 12:52:46', 1, 1),
(2001, 40, 4000.00, '2019-02-01 12:37:04', 1, 1),
(2002, 87, 1000.00, '2019-02-01 08:22:35', 1, 1),
(2003, 45, 4000.00, '2019-02-01 12:14:41', 1, 1),
(2259, 14, 500.00, '2019-06-01 12:09:31', 1, 1),
(2258, 13, 1000.00, '2019-06-01 08:06:48', 1, 1),
(2006, 51, 0.00, '2019-02-01 00:00:00', 1, 1),
(2007, 52, 0.00, '2019-02-01 00:00:00', 1, 1),
(2008, 53, 0.00, '2019-02-01 00:00:00', 1, 1),
(2009, 54, 0.00, '2019-02-01 00:00:00', 1, 1),
(2010, 55, 0.00, '2019-02-01 00:00:00', 1, 1),
(2011, 56, 0.00, '2019-02-01 00:00:00', 1, 1),
(2012, 57, 0.00, '2019-02-01 00:00:00', 1, 1),
(2013, 58, 5000.00, '2019-02-01 08:21:58', 1, 1),
(2014, 59, 650.00, '2019-02-01 03:23:38', 1, 1),
(2015, 61, 3000.00, '2019-02-01 03:19:55', 1, 1),
(2016, 82, 4500.00, '2019-02-01 12:52:46', 1, 1),
(2018, 68, 1.00, '2019-02-01 11:20:56', 1, 1),
(2019, 69, 1.00, '2019-02-01 11:20:56', 1, 1),
(2020, 70, 1.00, '2019-02-01 11:20:56', 1, 1),
(2021, 71, 1.00, '2019-02-01 11:20:56', 1, 1),
(2022, 72, 1.00, '2019-02-01 11:20:56', 1, 1),
(2350, 55, 0.00, '2019-07-01 00:00:00', 1, 1),
(2024, 74, 0.00, '2019-02-01 12:13:01', 1, 1),
(2349, 54, 0.00, '2019-07-01 00:00:00', 1, 1),
(2319, 58, 2401.00, '2019-06-01 08:08:31', 2, 1),
(2348, 53, 0.00, '2019-07-01 00:00:00', 1, 1),
(2332, 17, 0.00, '2019-07-01 00:00:00', 1, 1),
(2257, 8, 150.00, '2019-06-01 03:34:39', 1, 1),
(2256, 7, 200.00, '2019-06-01 01:30:24', 1, 1),
(2031, 94, 0.00, '2019-02-01 12:27:34', 1, 7),
(2032, 95, 0.00, '2019-02-01 12:27:39', 1, 7),
(2033, 96, 0.00, '2019-02-01 00:00:00', 1, 7),
(2034, 90, 0.00, '2019-02-01 00:00:00', 1, 4),
(2035, 97, 0.00, '2019-02-01 00:00:00', 1, 4),
(2036, 98, 0.00, '2019-02-01 00:00:00', 1, 4),
(2037, 27, 2000.00, '2017-09-01 03:50:43', 2, 1),
(2347, 52, 0.00, '2019-07-01 00:00:00', 1, 1),
(2040, 13, 500.00, '2019-02-01 07:38:25', 2, 1),
(2042, 101, 0.00, '2019-02-01 00:00:00', 1, 7),
(2043, 102, 0.00, '2019-02-01 00:00:00', 1, 7),
(2044, 13, 1000.00, '2019-02-01 07:38:25', 3, 1),
(2045, 13, 500.00, '2019-02-01 07:38:25', 4, 1),
(2046, 13, 500.00, '2019-02-01 07:38:25', 5, 1),
(2047, 17, 500.00, '2019-02-01 07:38:39', 2, 1),
(2048, 19, 2500.00, '2019-02-01 07:39:17', 2, 1),
(2049, 16, 0.00, '2019-02-01 07:39:59', 2, 1),
(2050, 1, 0.00, '2019-03-01 00:00:00', 1, 1),
(2051, 2, 0.00, '2019-03-01 00:00:00', 1, 1),
(2052, 3, 2000.00, '2019-03-01 11:32:42', 1, 1),
(2053, 4, 1400.00, '2019-03-01 12:05:04', 1, 1),
(2054, 5, 1000.00, '2019-03-01 12:05:08', 1, 1),
(2055, 6, 1400.00, '2019-03-01 12:04:51', 1, 1),
(2056, 7, 200.00, '2019-03-01 12:05:13', 1, 1),
(2057, 8, 200.00, '2019-03-01 01:38:18', 1, 1),
(2058, 13, 500.00, '2019-03-01 11:38:43', 1, 1),
(2059, 14, 500.00, '2019-03-01 01:36:06', 1, 1),
(2060, 15, 500.00, '2019-03-01 01:37:09', 1, 1),
(2061, 16, 500.00, '2019-03-01 01:37:20', 1, 1),
(2062, 17, 200.00, '2019-03-01 01:39:32', 1, 1),
(2346, 51, 0.00, '2019-07-01 00:00:00', 1, 1),
(2064, 19, 1000.00, '2019-03-01 01:36:55', 1, 1),
(2255, 6, 1400.00, '2019-06-01 01:30:24', 1, 1),
(2066, 21, 3000.00, '2019-03-01 01:19:28', 1, 1),
(2067, 93, 4500.00, '2019-03-01 01:03:13', 1, 1),
(2068, 26, 117.00, '2019-03-01 02:08:26', 1, 1),
(2069, 27, 1000.00, '2019-03-01 01:03:13', 1, 1),
(2071, 33, 24154.00, '2019-03-01 02:02:13', 1, 1),
(2072, 34, 6471.00, '2019-03-01 02:02:13', 1, 1),
(2254, 5, 1000.00, '2019-06-01 01:30:24', 1, 1),
(2074, 38, 2000.00, '2019-03-01 02:02:13', 1, 1),
(2075, 40, 4000.00, '2019-03-01 11:17:22', 1, 1),
(2076, 87, 500.00, '2019-03-01 11:55:33', 1, 1),
(2077, 45, 4000.00, '2019-03-01 02:49:42', 1, 1),
(2253, 4, 1400.00, '2019-06-01 01:30:24', 1, 1),
(2252, 3, 18000.00, '2019-06-01 08:09:11', 1, 1),
(2080, 51, 0.00, '2019-03-01 00:00:00', 1, 1),
(2081, 52, 0.00, '2019-03-01 00:00:00', 1, 1),
(2082, 53, 0.00, '2019-03-01 00:00:00', 1, 1),
(2083, 54, 0.00, '2019-03-01 00:00:00', 1, 1),
(2084, 55, 0.00, '2019-03-01 00:00:00', 1, 1),
(2085, 56, 0.00, '2019-03-01 00:00:00', 1, 1),
(2086, 57, 0.00, '2019-03-01 00:00:00', 1, 1),
(2087, 58, 2500.00, '2019-03-01 01:40:44', 1, 1),
(2088, 59, 0.00, '2019-03-01 00:00:00', 1, 1),
(2089, 61, 3000.00, '2019-03-01 01:19:28', 1, 1),
(2090, 82, 4500.00, '2019-03-01 02:02:13', 1, 1),
(2092, 68, 1.00, '2019-03-01 12:00:07', 1, 1),
(2093, 69, 1.00, '2019-03-01 12:00:07', 1, 1),
(2094, 70, 1.00, '2019-03-01 12:00:07', 1, 1),
(2095, 71, 1.00, '2019-03-01 12:00:07', 1, 1),
(2096, 72, 1.00, '2019-03-01 12:00:07', 1, 1),
(2345, 108, 4500.00, '2019-07-01 10:13:10', 1, 1),
(2098, 74, 2000.00, '2019-03-01 02:11:47', 1, 1),
(2344, 45, 4000.00, '2019-07-01 10:34:45', 1, 1),
(2318, 15, 11000.00, '2019-06-01 08:08:09', 2, 1),
(2343, 87, 0.00, '2019-07-01 00:00:00', 1, 1),
(2331, 16, 0.00, '2019-07-01 00:00:00', 1, 1),
(2251, 2, 1800.00, '2019-06-01 12:10:50', 1, 1),
(2250, 1, 0.00, '2019-06-01 00:00:00', 1, 1),
(2107, 103, 4500.00, '2019-03-01 01:03:13', 1, 1),
(2109, 15, 1500.00, '2019-03-01 01:37:09', 2, 1),
(2110, 17, 300.00, '2019-03-01 01:39:32', 2, 1),
(2111, 58, 2401.00, '2019-03-01 01:40:44', 2, 1),
(2112, 13, 500.00, '2019-03-01 11:38:43', 2, 1),
(2113, 13, 1000.00, '2019-03-01 11:38:43', 3, 1),
(2114, 19, 1000.00, '2019-03-01 01:36:55', 2, 1),
(2115, 15, 500.00, '2019-03-01 01:37:09', 3, 1),
(2317, 19, 2500.00, '2019-06-01 08:07:27', 2, 1),
(2117, 19, 1500.00, '2019-03-01 01:36:55', 3, 1),
(2118, 15, 500.00, '2019-03-01 01:37:09', 4, 1),
(2119, 16, 500.00, '2019-03-01 01:37:20', 2, 1),
(2120, 13, 500.00, '2019-03-01 11:38:43', 4, 1),
(2121, 17, 300.00, '2019-03-01 01:39:32', 3, 1),
(2122, 74, 1000.00, '2019-03-01 02:11:47', 2, 1),
(2123, 58, 99.00, '2019-03-01 01:40:44', 3, 1),
(2124, 74, 1000.00, '2019-03-01 02:11:47', 3, 1),
(2342, 40, 4000.00, '2019-07-01 10:34:45', 1, 1),
(2126, 87, 500.00, '2019-03-01 11:55:33', 2, 1),
(2341, 38, 2000.00, '2019-07-01 11:18:11', 1, 1),
(2340, 34, 6471.00, '2019-07-01 11:18:11', 1, 1),
(2129, 1, 3450.00, '2019-04-01 01:10:13', 1, 1),
(2130, 2, 0.00, '2019-04-01 00:00:00', 1, 1),
(2131, 3, 0.00, '2019-04-01 00:00:00', 1, 1),
(2132, 4, 1400.00, '2019-04-01 09:03:13', 1, 1),
(2133, 5, 1000.00, '2019-04-01 09:03:13', 1, 1),
(2134, 6, 1400.00, '2019-04-01 09:03:13', 1, 1),
(2135, 7, 200.00, '2019-04-01 09:03:13', 1, 1),
(2136, 8, 250.00, '2019-04-01 01:00:07', 1, 1),
(2137, 13, 3000.00, '2019-04-01 01:00:07', 1, 1),
(2138, 14, 500.00, '2019-04-01 01:00:07', 1, 1),
(2139, 15, 2000.00, '2019-04-01 01:06:59', 1, 1),
(2140, 16, 1000.00, '2019-04-01 01:07:11', 1, 1),
(2141, 17, 1000.00, '2019-04-01 01:06:25', 1, 1),
(2339, 33, 24154.00, '2019-07-01 11:18:11', 1, 1),
(2143, 19, 1500.00, '2019-04-01 01:06:47', 1, 1),
(2144, 21, 3000.00, '2019-04-01 01:54:32', 1, 1),
(2145, 93, 4500.00, '2019-04-01 09:03:13', 1, 1),
(2146, 26, 500.00, '2019-04-01 01:06:33', 1, 1),
(2147, 27, 1000.00, '2019-04-01 01:00:07', 1, 1),
(2149, 33, 24154.00, '2019-04-01 07:55:00', 1, 1),
(2150, 34, 6471.00, '2019-04-01 07:55:00', 1, 1),
(2249, 58, 1000.00, '2019-04-01 01:11:51', 3, 1),
(2152, 38, 2000.00, '2019-04-01 07:55:00', 1, 1),
(2153, 40, 4000.00, '2019-04-01 01:54:32', 1, 1),
(2154, 87, 0.00, '2019-04-01 00:00:00', 1, 1),
(2155, 45, 4000.00, '2019-04-01 07:46:18', 1, 1),
(2248, 15, 3000.00, '2019-04-01 01:06:59', 2, 1),
(2247, 19, 2000.00, '2019-04-01 01:06:47', 2, 1),
(2158, 51, 5439.00, '2019-04-01 01:08:08', 1, 1),
(2159, 52, 7287.00, '2019-04-01 02:42:26', 1, 1),
(2160, 53, 35000.00, '2019-04-01 01:10:37', 1, 1),
(2161, 54, 7680.00, '2019-04-01 01:10:58', 1, 1),
(2162, 55, 7261.00, '2019-04-01 09:08:43', 1, 1),
(2163, 56, 0.00, '2019-04-01 00:00:00', 1, 1),
(2164, 57, 4039.00, '2019-04-01 01:07:35', 1, 1),
(2165, 58, 3500.00, '2019-04-01 01:11:51', 1, 1),
(2166, 59, 700.00, '2019-04-01 01:08:33', 1, 1),
(2167, 61, 3000.00, '2019-04-01 01:54:32', 1, 1),
(2168, 82, 4500.00, '2019-04-01 07:55:00', 1, 1),
(2170, 68, 1.00, '2019-04-01 07:52:14', 1, 1),
(2171, 69, 1.00, '2019-04-01 07:52:14', 1, 1),
(2172, 70, 1.00, '2019-04-01 07:52:14', 1, 1),
(2173, 71, 1.00, '2019-04-01 07:52:14', 1, 1),
(2174, 72, 1.00, '2019-04-01 07:52:14', 1, 1),
(2176, 74, 0.00, '2019-04-01 00:00:00', 1, 1),
(2337, 27, 3000.00, '2019-07-01 11:18:11', 1, 1),
(2316, 17, 500.00, '2019-06-01 08:07:08', 2, 1),
(2336, 26, 0.00, '2019-07-01 00:00:00', 1, 1),
(2330, 15, 1000.00, '2019-07-01 12:01:47', 1, 1),
(2309, 111, 500.00, '2019-06-01 05:00:24', 1, 1),
(2184, 103, 4500.00, '2019-04-01 09:03:13', 1, 1),
(2185, 104, 4500.00, '2019-04-01 07:59:37', 1, 1),
(2186, 105, 2000.00, '2019-04-01 11:10:33', 1, 1),
(2187, 58, 500.00, '2019-04-01 01:11:51', 2, 1),
(2188, 13, 500.00, '2019-03-01 11:38:43', 5, 1),
(2189, 1, 0.00, '2019-05-01 00:00:00', 1, 1),
(2190, 2, 0.00, '2019-05-01 00:00:00', 1, 1),
(2191, 3, 0.00, '2019-05-01 00:00:00', 1, 1),
(2192, 4, 1400.00, '2019-05-01 01:30:18', 1, 1),
(2193, 5, 1000.00, '2019-05-01 01:30:18', 1, 1),
(2194, 6, 1400.00, '2019-05-01 01:30:18', 1, 1),
(2195, 7, 200.00, '2019-05-01 01:30:18', 1, 1),
(2196, 8, 250.00, '2019-05-01 10:48:24', 1, 1),
(2197, 13, 3000.00, '2019-05-01 10:48:24', 1, 1),
(2198, 14, 500.00, '2019-05-01 10:48:24', 1, 1),
(2199, 15, 5000.00, '2019-05-01 10:49:28', 1, 1),
(2200, 16, 1000.00, '2019-05-01 10:49:53', 1, 1),
(2201, 17, 1000.00, '2019-05-01 10:49:40', 1, 1),
(2313, 13, 1000.00, '2019-06-01 08:06:48', 2, 1),
(2203, 19, 3500.00, '2019-05-01 10:49:34', 1, 1),
(2204, 21, 3000.00, '2019-05-01 01:30:18', 1, 1),
(2205, 93, 4500.00, '2019-05-01 01:30:18', 1, 1),
(2206, 26, 500.00, '2019-05-01 10:49:46', 1, 1),
(2207, 27, 3000.00, '2019-05-01 10:48:24', 1, 1),
(2209, 33, 24154.00, '2019-05-01 10:48:24', 1, 1),
(2210, 34, 6471.00, '2019-05-01 10:48:24', 1, 1),
(2211, 38, 2000.00, '2019-05-01 10:48:24', 1, 1),
(2212, 40, 4000.00, '2019-05-01 01:30:18', 1, 1),
(2213, 87, 1000.00, '2019-05-01 10:50:12', 1, 1),
(2214, 45, 4000.00, '2019-05-01 01:30:18', 1, 1),
(2245, 106, 4500.00, '2019-05-01 01:30:18', 1, 1),
(2217, 51, 0.00, '2019-05-01 00:00:00', 1, 1),
(2218, 52, 0.00, '2019-05-01 00:00:00', 1, 1),
(2219, 53, 0.00, '2019-05-01 00:00:00', 1, 1),
(2220, 54, 1700.00, '2019-05-01 01:56:05', 1, 1),
(2221, 55, 0.00, '2019-05-01 00:00:00', 1, 1),
(2222, 56, 0.00, '2019-05-01 00:00:00', 1, 1),
(2223, 57, 0.00, '2019-05-01 00:00:00', 1, 1),
(2224, 58, 5000.00, '2019-05-01 10:49:17', 1, 1),
(2225, 59, 0.00, '2019-05-01 00:00:00', 1, 1),
(2226, 61, 3000.00, '2019-05-01 01:30:18', 1, 1),
(2227, 82, 4500.00, '2019-05-01 10:48:24', 1, 1),
(2372, 113, 4500.00, '2019-07-01 12:04:25', 1, 1),
(2229, 68, 1.00, '2019-05-01 12:22:24', 1, 1),
(2230, 69, 1.00, '2019-05-01 12:22:24', 1, 1),
(2231, 70, 1.00, '2019-05-01 12:22:24', 1, 1),
(2232, 71, 1.00, '2019-05-01 12:22:24', 1, 1),
(2233, 72, 1.00, '2019-05-01 12:22:24', 1, 1),
(2312, 58, 37.34, '2017-10-01 05:35:25', 4, 1),
(2235, 74, 4000.00, '2019-05-01 10:50:25', 1, 1),
(2311, 15, 11350.00, '2018-06-01 05:33:27', 2, 1),
(2315, 13, 1000.00, '2019-06-01 08:06:48', 3, 1),
(2310, 15, 11000.00, '2017-06-01 05:32:10', 2, 1),
(2314, 112, 6000.00, '2019-06-01 11:38:19', 1, 1),
(2242, 103, 4500.00, '2019-05-01 01:30:18', 1, 1),
(2243, 104, 4500.00, '2019-05-01 12:22:24', 1, 1),
(2244, 105, 2000.00, '2019-05-01 01:30:18', 1, 1);

-- --------------------------------------------------------

--
-- Table structure for table `ec_items`
--

DROP TABLE IF EXISTS `ec_items`;
CREATE TABLE IF NOT EXISTS `ec_items` (
  `ID` int(11) NOT NULL AUTO_INCREMENT,
  `EXP_ITEM_NAME` varchar(255) CHARACTER SET utf8 COLLATE utf8_unicode_ci DEFAULT NULL,
  `EXP_ITEM_CAT_ID` int(11) NOT NULL,
  `EXP_ACCOUNT_ID` int(11) NOT NULL,
  `DEFAULT_DEPO_AMT` float(10,2) NOT NULL,
  `ACTIVE` varchar(1) NOT NULL DEFAULT 'Y',
  `EXPIRED` enum('N','Y') NOT NULL DEFAULT 'N',
  `FIXED_PAYEE` enum('N','Y') NOT NULL,
  `PAY_DAY` tinyint(2) NOT NULL,
  `USER_ID` int(11) NOT NULL,
  PRIMARY KEY (`ID`)
) ENGINE=MyISAM  DEFAULT CHARSET=latin1 AUTO_INCREMENT=115 ;

--
-- Dumping data for table `ec_items`
--

INSERT INTO `ec_items` (`ID`, `EXP_ITEM_NAME`, `EXP_ITEM_CAT_ID`, `EXP_ACCOUNT_ID`, `DEFAULT_DEPO_AMT`, `ACTIVE`, `EXPIRED`, `FIXED_PAYEE`, `PAY_DAY`, `USER_ID`) VALUES
(1, 'School Van', 1, 7, 1500.00, 'Y', 'N', 'N', 0, 1),
(2, 'Sonu Trainings', 1, 7, 600.00, 'Y', 'N', 'N', 0, 1),
(3, 'Sonu Tutions', 1, 7, 3000.00, 'Y', 'N', 'N', 0, 1),
(4, 'Milk', 2, 1, 1400.00, 'Y', 'N', 'Y', 2, 1),
(5, 'Rinku', 24, 1, 1000.00, 'Y', 'N', 'Y', 2, 1),
(6, 'Byee', 2, 1, 1400.00, 'Y', 'N', 'Y', 2, 1),
(7, 'Sonu', 24, 1, 200.00, 'Y', 'N', 'Y', 2, 1),
(8, 'Dhobi', 2, 1, 250.00, 'Y', 'N', 'Y', 28, 1),
(13, 'Veg-Nonveg-Fruits', 2, 2, 3000.00, 'Y', 'N', 'Y', 28, 1),
(14, 'Phone - Rinku', 2, 2, 500.00, 'Y', 'N', 'Y', 20, 1),
(15, 'Bday/Ani/BC/Others', 24, 7, 3000.00, 'Y', 'N', 'N', 0, 1),
(16, 'Bike', 2, 7, 1000.00, 'Y', 'N', 'N', 0, 1),
(17, 'Office', 2, 3, 1000.00, 'Y', 'N', 'N', 0, 1),
(19, 'Aakash', 24, 7, 3500.00, 'Y', 'N', 'N', 0, 1),
(21, 'ICICI_RIN REC_Aug18_Aug19', 4, 2, 3000.00, 'Y', 'N', 'Y', 3, 1),
(93, 'HDFC REC_Feb19_Feb20', 4, 6, 4500.00, 'Y', 'N', 'Y', 2, 1),
(92, 'Def Item', 19, 19, 100.00, 'Y', 'N', 'N', 0, 6),
(26, 'Phone - Aakash', 2, 3, 500.00, 'Y', 'N', 'N', 0, 1),
(27, 'Electricity Bill', 2, 6, 3000.00, 'Y', 'N', 'Y', 19, 1),
(33, 'SBI Home Loan', 5, 4, 24154.00, 'Y', 'N', 'Y', 15, 1),
(34, 'SBI TOPUP', 5, 4, 6471.00, 'Y', 'N', 'Y', 15, 1),
(91, 'Def Item', 18, 18, 100.00, 'Y', 'N', 'N', 0, 5),
(38, 'SBI REC_Sep18_Sep19', 4, 4, 2000.00, 'Y', 'N', 'Y', 15, 1),
(40, 'LIC_UBI', 6, 5, 4000.00, 'Y', 'N', 'Y', 7, 1),
(90, 'Beauty Parlour', 17, 17, 100.00, 'Y', 'N', 'N', 0, 4),
(89, 'Shuttle', 16, 16, 400.00, 'Y', 'N', 'N', 0, 2),
(88, 'Movie CD', 8, 9, 400.00, 'Y', 'N', 'N', 0, 2),
(87, 'Medicine', 15, 7, 1000.00, 'Y', 'N', 'N', 0, 1),
(45, 'Mummy', 2, 6, 4000.00, 'Y', 'N', 'Y', 8, 1),
(86, 'TV Repair', 10, 15, 400.00, 'Y', 'N', 'N', 0, 3),
(108, 'SBI_OD REC_Jun19_Jun20', 4, 7, 4500.00, 'Y', 'N', 'Y', 1, 1),
(85, 'Movie CD', 13, 13, 400.00, 'Y', 'N', 'N', 0, 3),
(84, 'Shuttle', 12, 14, 4020.00, 'Y', 'N', 'N', 0, 3),
(51, 'LIC_SBI_OD', 6, 7, 1000.00, 'Y', 'N', 'N', 0, 1),
(52, 'Society Bill', 2, 7, 3000.00, 'Y', 'N', 'N', 0, 1),
(53, 'School Fee', 1, 7, 10000.00, 'Y', 'N', 'N', 0, 1),
(54, 'School Dress/Books', 1, 7, 1000.00, 'Y', 'N', 'N', 0, 1),
(55, 'Property Tax', 2, 7, 1000.00, 'Y', 'N', 'N', 0, 1),
(56, 'D2H', 2, 7, 700.00, 'Y', 'N', 'N', 0, 1),
(57, 'Internet', 2, 7, 900.00, 'Y', 'N', 'N', 0, 1),
(58, 'Rasan', 2, 7, 5000.00, 'Y', 'N', 'N', 0, 1),
(59, 'Gas', 2, 7, 500.00, 'Y', 'N', 'N', 0, 1),
(83, 'Def Item', 10, 11, 100.00, 'Y', 'N', 'Y', 4, 3),
(61, 'SBI_OD REC_Nov18_Nov19', 4, 7, 3000.00, 'Y', 'N', 'Y', 3, 1),
(82, 'HDFC REC_Jan19_Jan20', 4, 6, 4500.00, 'Y', 'N', 'Y', 14, 1),
(66, 'Crocin', 7, 8, 4000.00, 'Y', 'N', 'Y', 2, 2),
(67, 'IceCream', 8, 9, 3000.00, 'Y', 'N', 'N', 0, 2),
(68, 'Ext_Aakash', 9, 10, 1.00, 'Y', 'N', 'Y', 1, 1),
(69, 'Ext_Rinku', 9, 10, 1.00, 'Y', 'N', 'Y', 1, 1),
(70, 'Ext_Yash', 9, 10, 1.00, 'Y', 'N', 'Y', 1, 1),
(71, 'Ext_Home', 9, 10, 1.00, 'Y', 'N', 'Y', 1, 1),
(72, 'Ext_missllenious', 9, 10, 1.00, 'Y', 'N', 'Y', 1, 1),
(74, 'Nutrition - Credit Card', 25, 7, 3000.00, 'Y', 'N', 'N', 0, 1),
(112, 'ICICI REC_Jun19_Dec19', 4, 3, 6000.00, 'Y', 'N', 'Y', 2, 1),
(113, 'SBI_OD REC_Jul19_Jul20', 4, 7, 4500.00, 'Y', 'N', 'Y', 2, 1),
(106, 'SBI_OD REC_May19_May20', 4, 7, 4500.00, 'Y', 'N', 'Y', 2, 1),
(94, 'Badminton', 20, 20, 110.00, 'Y', 'N', 'N', 0, 7),
(95, 'Chips', 21, 20, 40.00, 'Y', 'N', 'N', 0, 7),
(96, 'Iccream', 21, 20, 50.00, 'Y', 'N', 'N', 0, 7),
(97, 'Cloths', 22, 17, 400.00, 'Y', 'N', 'N', 0, 4),
(98, 'Mislleneous', 22, 17, 500.00, 'Y', 'N', 'N', 0, 4),
(99, 'ICICI REC_Feb19_Oct19', 4, 3, 5000.00, 'Y', 'Y', 'N', 0, 1),
(101, 'Motor', 23, 20, 20.00, 'Y', 'N', 'N', 0, 7),
(102, 'Printout', 23, 20, 20.00, 'Y', 'N', 'N', 0, 7),
(103, 'SBI_OD REC_Mar19_Mar20', 4, 7, 4500.00, 'Y', 'N', 'Y', 2, 1),
(104, 'SBI_OD REC_Apr19_Apr20', 4, 7, 4500.00, 'Y', 'N', 'Y', 1, 1),
(111, 'HOME_CASH_Saving', 3, 1, 500.00, 'Y', 'N', 'Y', 3, 1),
(105, 'ICICI_RIN REC_S_Apr19_Apr20', 4, 2, 2000.00, 'Y', 'N', 'Y', 2, 1);

-- --------------------------------------------------------

--
-- Table structure for table `ec_items_cat`
--

DROP TABLE IF EXISTS `ec_items_cat`;
CREATE TABLE IF NOT EXISTS `ec_items_cat` (
  `ID` int(11) NOT NULL AUTO_INCREMENT,
  `EXP_ITEM_CAT` varchar(255) CHARACTER SET utf8 COLLATE utf8_unicode_ci DEFAULT NULL,
  `USER_ID` int(11) NOT NULL,
  PRIMARY KEY (`ID`)
) ENGINE=MyISAM  DEFAULT CHARSET=latin1 AUTO_INCREMENT=26 ;

--
-- Dumping data for table `ec_items_cat`
--

INSERT INTO `ec_items_cat` (`ID`, `EXP_ITEM_CAT`, `USER_ID`) VALUES
(1, 'School', 1),
(2, 'Home Exp', 1),
(3, 'Savings', 1),
(4, 'Recurring', 1),
(5, 'Loan', 1),
(6, 'Insurance', 1),
(7, 'Medical', 2),
(8, 'Party', 2),
(9, 'CC Exp', 1),
(10, 'Def Category', 3),
(12, 'Tenis Exp', 3),
(13, 'Tenis Exp2', 3),
(14, 'Football Exp', 3),
(15, 'Health Care', 1),
(16, 'Tenis Exp2', 2),
(17, 'Fashion', 4),
(18, 'Def Category', 5),
(19, 'Def Category', 6),
(20, 'Sports', 7),
(21, 'Snacks', 7),
(22, 'Shopping', 4),
(23, 'Project', 7),
(24, 'Life Style', 1),
(25, 'Fitness', 1);

-- --------------------------------------------------------

--
-- Table structure for table `ec_meta_info`
--

DROP TABLE IF EXISTS `ec_meta_info`;
CREATE TABLE IF NOT EXISTS `ec_meta_info` (
  `ID` tinyint(4) NOT NULL AUTO_INCREMENT,
  `META_TITLE` varchar(255) NOT NULL,
  `META_DESC` text NOT NULL,
  `META_KEYS` text NOT NULL,
  `META_ROBOT` varchar(255) NOT NULL,
  PRIMARY KEY (`ID`)
) ENGINE=MyISAM  DEFAULT CHARSET=latin1 AUTO_INCREMENT=2 ;

--
-- Dumping data for table `ec_meta_info`
--

INSERT INTO `ec_meta_info` (`ID`, `META_TITLE`, `META_DESC`, `META_KEYS`, `META_ROBOT`) VALUES
(1, 'Expenditure Control System', 'How to control expenditures. We provide help on control and manage your expenditures, accounts, savings and many more related to daily expenditure.', 'Expenditure, Accounts, Deposit, Expenditure, Savings, Recurrings', 'INDEX FOLLOW');

-- --------------------------------------------------------

--
-- Table structure for table `ec_months`
--

DROP TABLE IF EXISTS `ec_months`;
CREATE TABLE IF NOT EXISTS `ec_months` (
  `ID` int(11) NOT NULL AUTO_INCREMENT,
  `MONTH_NUMBER` char(4) NOT NULL,
  `MONTH_SHORT_NAME` varchar(20) CHARACTER SET utf8 COLLATE utf8_unicode_ci DEFAULT NULL,
  `MONTH_FULL_NAME` varchar(20) CHARACTER SET utf8 COLLATE utf8_unicode_ci DEFAULT NULL,
  PRIMARY KEY (`ID`)
) ENGINE=MyISAM  DEFAULT CHARSET=latin1 AUTO_INCREMENT=13 ;

--
-- Dumping data for table `ec_months`
--

INSERT INTO `ec_months` (`ID`, `MONTH_NUMBER`, `MONTH_SHORT_NAME`, `MONTH_FULL_NAME`) VALUES
(1, '01', 'Jan', 'January'),
(2, '02', 'Feb', 'February'),
(3, '03', 'Mar', 'March'),
(4, '04', 'Apr', 'April'),
(5, '05', 'May', 'May'),
(6, '06', 'Jun', 'June'),
(7, '07', 'Jul', 'July'),
(8, '08', 'Aug', 'August'),
(9, '09', 'Sep', 'September'),
(10, '10', 'Oct', 'October'),
(11, '11', 'Nov', 'November'),
(12, '12', 'Dec', 'December');

-- --------------------------------------------------------

--
-- Table structure for table `ec_pay_tenure`
--

DROP TABLE IF EXISTS `ec_pay_tenure`;
CREATE TABLE IF NOT EXISTS `ec_pay_tenure` (
  `ID` int(11) NOT NULL AUTO_INCREMENT,
  `TENURE_NAME` varchar(255) CHARACTER SET utf8 COLLATE utf8_unicode_ci DEFAULT NULL,
  PRIMARY KEY (`ID`)
) ENGINE=MyISAM  DEFAULT CHARSET=latin1 AUTO_INCREMENT=6 ;

--
-- Dumping data for table `ec_pay_tenure`
--

INSERT INTO `ec_pay_tenure` (`ID`, `TENURE_NAME`) VALUES
(1, 'Monthly'),
(2, 'HalfYearly'),
(3, 'Quarterly'),
(4, 'ThreeQuarterly'),
(5, 'Yearly');

-- --------------------------------------------------------

--
-- Table structure for table `ec_themes`
--

DROP TABLE IF EXISTS `ec_themes`;
CREATE TABLE IF NOT EXISTS `ec_themes` (
  `ID` int(11) NOT NULL AUTO_INCREMENT,
  `THEME_NAME` varchar(255) CHARACTER SET utf8 COLLATE utf8_unicode_ci DEFAULT NULL,
  `THEME_HEADER_HTML` text CHARACTER SET utf8 COLLATE utf8_unicode_ci,
  `THEME_FOOTER_HTML` text CHARACTER SET utf8 COLLATE utf8_unicode_ci NOT NULL,
  `THEME_CSS` text CHARACTER SET utf8 COLLATE utf8_unicode_ci NOT NULL,
  `ACTIVE` enum('Y','N') NOT NULL DEFAULT 'N',
  PRIMARY KEY (`ID`)
) ENGINE=MyISAM  DEFAULT CHARSET=latin1 AUTO_INCREMENT=4 ;

--
-- Dumping data for table `ec_themes`
--

INSERT INTO `ec_themes` (`ID`, `THEME_NAME`, `THEME_HEADER_HTML`, `THEME_FOOTER_HTML`, `THEME_CSS`, `ACTIVE`) VALUES
(1, 'DEFUALT_THEME', '<div class="container" style="[PAGE_STYLE]">\r\n	<h2>[SECTION_TITLE]</h2>\r\n	<div class="container-body">\r\n		<h3>[SECTION_DESC]</h3>', '	</div>\r\n	<p class="footer">[SECTION_FOOT_DESC]</p>\r\n</div>', 'html { background-color: #FFF; }\r\n.container{\r\n	margin: 10px;\r\n	border: 1px solid #D0D0D0;\r\n	-webkit-box-shadow: 0 0 8px #D0D0D0;\r\n}\r\n.container-body{\r\n	margin: 0 10px 0 10px;\r\n}\r\nh2 {\r\n	color: #444;\r\n	background-color: transparent;\r\n	border-bottom: 1px solid #D0D0D0;\r\n	font-size: 19px;\r\n	font-weight: normal;\r\n	margin: 0 0 14px 0;\r\n	padding: 14px 15px 10px 15px;\r\ncolor: #666;text-shadow: 2px 2px 4px #ccc;\r\n\r\n}\r\nh3 {\r\ncolor: red;    \r\ndisplay: block;\r\n    font-size: 1.17em;\r\n    margin-block-start: 1em;\r\n    margin-block-end: 1em;\r\n    margin-inline-start: 0px;\r\n    margin-inline-end: 0px;\r\n    font-weight: bold;\r\n	text-shadow: 2px 2px 4px #ccc;\r\n}\r\np.footer{\r\n	text-align: right;\r\n	font-size: 11px;\r\n	border-top: 1px solid #D0D0D0;\r\n	line-height: 32px;\r\n	padding: 0 10px 0 10px;\r\n	margin: 20px 0 0 0;\r\n}', 'Y'),
(2, 'ROUND_TABLE_THEME', '<div class="topdiv">\r\n	<div class="sticker" style="width: 97%;">\r\n		<div class="stickerHeading titillium"><h2>[SECTION_TITLE]</h2></div>\r\n		<h3>[SECTION_DESC]</h3>', '		<p class="footer">[SECTION_FOOT_DESC]</p>\r\n	</div>\r\n</div>', 'html { background-color: #CF5300; }\r\n.sticker {\r\n    background-color: white;\r\n    border-radius: 1em;\r\n    box-shadow: 0 0 1.1em #666;\r\n    margin: 1.5em 0 3em;\r\n    opacity: 0.9;\r\n    padding: 1.25em 1.45em 1.25em 1.55em;\r\n}\r\n* {\r\n    font-size: 100%;\r\n    margin: 0;\r\n    outline: medium none;\r\n    padding: 0;\r\n    text-decoration: none;\r\n}\r\n\r\n\r\n.stickerHeading {\r\n    background-color: rgb(229, 218, 214);\r\n    border-top-left-radius: 1em;\r\n    border-top-right-radius: 1em;\r\n    height: 1.3em;\r\n    margin: -2em -1.45em 1.25em -1.55em;\r\n    padding: 0.7em 1em 1.1em 1.75em;\r\n}\r\n.sticker .heading, .sticker h2 {\r\n    color: #a71500;\r\n    font-size: 1.2em;\r\n    font-weight: bold;\r\n    margin: 0.25em 0;\r\n}\r\np.footer{\r\n	text-align: right;\r\n	font-size: 11px;\r\n	border-top: 1px solid #D0D0D0;\r\n	line-height: 32px;\r\n	padding: 0 10px 0 10px;\r\n	margin: 20px 0 0 0;\r\n}', 'Y'),
(3, 'KO_BOX_THEME', '<div class="ko-box" style="padding: 0">\r\n    <h2 style="margin-left:15px;">[SECTION_TITLE]</h2>\r\n    <div class="well">\r\n		<h3 style="margin-top:0px;">[SECTION_DESC]</h3>', '    </div>\r\n	<p class="footer">[SECTION_FOOT_DESC]</p>\r\n</div>', 'html {\r\n    color: #333;\r\n    font-family: "Helvetica Neue",Helvetica,Arial,sans-serif;\r\n    font-size: 14px;\r\n    line-height: 1.42857;\r\nbackground-color:#DDEBF9;\r\n}\r\n.h2 {\r\n    color: inherit;\r\n    font-family: inherit;\r\n    font-weight: 500;\r\n    line-height: 1.1;\r\n    font-size: 2em;\r\n    margin-left:20px;	\r\n}\r\n.well {\r\n    background-color: #f5f5f5;\r\n    border: 1px solid #e3e3e3;\r\n    border-radius: 12px;\r\n    box-shadow: 0 1px 1px rgba(0, 0, 0, 0.05) inset;\r\n    margin-bottom: 20px;\r\n    min-height: 20px;\r\n    padding: 14px;\r\nmargin:10px;\r\n}\r\n* {\r\n    box-sizing: border-box;\r\n}\r\nelement.style {\r\n    padding: 0;\r\n}\r\n*::before, *::after {\r\n    box-sizing: border-box;\r\n}\r\n*::before, *::after {\r\n    box-sizing: border-box;\r\n}\r\n.ko-box {\r\n    width: 98%;float: left;\r\n    min-height: 1px;\r\n    padding-left: 15px;\r\n    padding-right: 15px;\r\n    position: relative;\r\nborder: 1px solid #bbb;\r\nmargin-bottom:20px;\r\nbackground-color: gainsboro;	\r\n}\r\n* {\r\n    box-sizing: border-box;\r\n}\r\np.footer{\r\n	text-align: right;\r\n	font-size: 11px;\r\n	border-top: 1px solid #D0D0D0;\r\n	line-height: 32px;\r\n	padding: 0 10px 0 10px;\r\n	margin: 20px 0 0 0;\r\n}', 'Y');

-- --------------------------------------------------------

--
-- Table structure for table `ec_users`
--

DROP TABLE IF EXISTS `ec_users`;
CREATE TABLE IF NOT EXISTS `ec_users` (
  `ID` int(11) NOT NULL AUTO_INCREMENT,
  `USER_NAME` varchar(20) NOT NULL,
  `USER_PWD` varchar(20) NOT NULL,
  `USER_EMAIL` varchar(255) NOT NULL,
  `USER_TOKEN` varchar(255) NOT NULL,
  `USER_LAST_LOGGED` datetime DEFAULT NULL,
  `USER_TYPE` enum('U','A') NOT NULL DEFAULT 'U',
  `ACTIVE` enum('Y','N') NOT NULL DEFAULT 'Y',
  PRIMARY KEY (`ID`)
) ENGINE=MyISAM  DEFAULT CHARSET=latin1 AUTO_INCREMENT=8 ;

--
-- Dumping data for table `ec_users`
--

INSERT INTO `ec_users` (`ID`, `USER_NAME`, `USER_PWD`, `USER_EMAIL`, `USER_TOKEN`, `USER_LAST_LOGGED`, `USER_TYPE`, `ACTIVE`) VALUES
(1, 'aakash', 'a@1234', 'aakash_with_u@yahoo.com', 'bb71f36ebc94b9a93250eea8ff938e70', '2019-07-25 11:18:04', 'A', 'Y'),
(2, 'testUser', 'testUser', '', '9e28d44f756e38bf298139ea89a7287b', '2019-01-30 05:21:53', 'U', 'Y'),
(3, 'Yash_ld', 'Sharma', 'rjkrishna2015@gmail.com', '9ea7dbeda822cb54a119650aa0be2267', '2019-01-31 03:48:34', 'U', 'Y'),
(4, 'Rinku', 'Sharma', '', 'fb2387bd16035f5971f8be47af30a53b', '2019-02-02 12:29:40', 'U', 'Y'),
(5, 'Tipu', 'Sharma', '', 'c561d545a459c917900c33bdf8b6410b', '2019-01-30 10:37:55', 'U', 'Y'),
(6, 'Ripu', 'Sharma', 'reepu@gmail.com', '02cb8de7debd41b6ad054d5d36a555e6', '2019-01-31 12:39:35', 'U', 'Y'),
(7, 'Yash', 'Sharma', 'yash21@gmail.com', '9edbc87c7e44891a9835b6a42d8cecee', '2019-02-16 04:17:14', 'U', 'Y');

-- --------------------------------------------------------

--
-- Table structure for table `ec_users_themes`
--

DROP TABLE IF EXISTS `ec_users_themes`;
CREATE TABLE IF NOT EXISTS `ec_users_themes` (
  `ID` int(11) NOT NULL AUTO_INCREMENT,
  `USER_ID` int(11) NOT NULL,
  `THEME_ID` int(11) NOT NULL,
  `ACTIVE` enum('N','Y') NOT NULL DEFAULT 'N',
  PRIMARY KEY (`ID`)
) ENGINE=MyISAM  DEFAULT CHARSET=latin1 AUTO_INCREMENT=23 ;

--
-- Dumping data for table `ec_users_themes`
--

INSERT INTO `ec_users_themes` (`ID`, `USER_ID`, `THEME_ID`, `ACTIVE`) VALUES
(1, 0, 1, 'Y'),
(2, 1, 2, 'N'),
(3, 1, 1, 'Y'),
(4, 1, 3, 'N'),
(5, 2, 3, 'N'),
(6, 2, 1, 'Y'),
(7, 2, 2, 'N'),
(8, 3, 1, 'Y'),
(9, 3, 2, 'N'),
(10, 3, 3, 'N'),
(11, 4, 1, 'Y'),
(12, 4, 2, 'N'),
(13, 4, 3, 'N'),
(14, 5, 1, 'Y'),
(15, 5, 2, 'N'),
(16, 5, 3, 'N'),
(17, 6, 1, 'Y'),
(18, 6, 2, 'N'),
(19, 6, 3, 'N'),
(20, 7, 1, 'Y'),
(21, 7, 2, 'N'),
(22, 7, 3, 'N');
