-- phpMyAdmin SQL Dump
-- version 3.3.9
-- http://www.phpmyadmin.net
--
-- Host: localhost
-- Generation Time: Apr 08, 2020 at 06:31 PM
-- Server version: 5.5.8
-- PHP Version: 5.3.5

SET SQL_MODE="NO_AUTO_VALUE_ON_ZERO";


/*!40101 SET @OLD_CHARACTER_SET_CLIENT=@@CHARACTER_SET_CLIENT */;
/*!40101 SET @OLD_CHARACTER_SET_RESULTS=@@CHARACTER_SET_RESULTS */;
/*!40101 SET @OLD_COLLATION_CONNECTION=@@COLLATION_CONNECTION */;
/*!40101 SET NAMES utf8 */;

--
-- Database: `home_expenditure`
--

-- --------------------------------------------------------

--
-- Table structure for table `busi_tickets`
--

CREATE TABLE IF NOT EXISTS `busi_tickets` (
  `ID` tinyint(4) NOT NULL AUTO_INCREMENT,
  `ticket_sl` tinyint(4) NOT NULL,
  `ticket_name` varchar(255) NOT NULL,
  `ticket_type` enum('Home','Ticket','Lottery','Tax') NOT NULL,
  `ticket_price` int(11) NOT NULL,
  `ticket_mortgage` int(11) NOT NULL,
  `ticket_color` varchar(20) NOT NULL,
  PRIMARY KEY (`ID`)
) ENGINE=InnoDB  DEFAULT CHARSET=latin1 AUTO_INCREMENT=37 ;

--
-- Dumping data for table `busi_tickets`
--

INSERT INTO `busi_tickets` (`ID`, `ticket_sl`, `ticket_name`, `ticket_type`, `ticket_price`, `ticket_mortgage`, `ticket_color`) VALUES
(1, 1, 'Go', 'Home', 2500, 0, '#BC8F8F'),
(2, 2, 'Dubai', 'Ticket', 3000, 1500, '#FFD700'),
(3, 3, 'Com. Chest', 'Lottery', 0, 0, '#BC8F8F'),
(4, 4, 'Railways', 'Ticket', 9500, 4750, '#000000'),
(5, 5, 'Sri Lanka', 'Ticket', 3000, 1500, '#6495ED'),
(6, 6, 'Income Tax', 'Tax', 200, 0, '#BC8F8F'),
(7, 7, 'Bangladesh', 'Ticket', 2000, 1000, '#6495ED'),
(8, 8, 'Water Works', 'Ticket', 3200, 1600, '#000000'),
(9, 9, 'Japan', 'Ticket', 4000, 2000, '#6495ED'),
(10, 10, 'New Zealand', 'Ticket', 4500, 2250, '#FFFF00'),
(11, 11, 'Germany', 'Ticket', 6000, 3000, '#FFB6C1'),
(12, 12, 'France', 'Ticket', 5000, 2500, '#FFB6C1'),
(13, 13, 'Solar Energy', 'Ticket', 2500, 0, '#000000'),
(14, 14, 'Chance', 'Lottery', 0, 0, '#BC8F8F'),
(15, 15, 'Spain', 'Ticket', 4000, 2000, '#32CD32'),
(16, 16, 'Egypt', 'Ticket', 3500, 1750, '#32CD32'),
(17, 17, 'Roadways', 'Ticket', 6500, 3250, '#000000'),
(18, 18, 'Switzerland', 'Ticket', 3500, 2000, '#32CD32'),
(19, 19, 'Jail', 'Lottery', 500, 0, '#BC8F8F'),
(20, 20, 'China', 'Ticket', 4500, 2250, '#FF0000'),
(21, 21, 'Com. Chest', 'Lottery', 0, 0, '#BC8F8F'),
(22, 22, 'Singapore', 'Ticket', 3000, 1500, '#FF0000'),
(23, 23, 'Hong Kong', 'Ticket', 3500, 1750, '#FF0000'),
(24, 24, 'Italy', 'Ticket', 3000, 1500, '#6B8E23'),
(25, 25, 'Airways', 'Ticket', 10500, 5250, '#000000'),
(26, 26, 'South Africa', 'Ticket', 4500, 2250, '#6B8E23'),
(27, 27, 'Pakistan', 'Ticket', 3500, 1500, '#6B8E23'),
(28, 28, 'Australia', 'Ticket', 5000, 2500, '#FFFF00'),
(29, 29, 'Russia', 'Ticket', 5500, 2750, '#FFD700'),
(30, 30, 'Chance', 'Lottery', 0, 0, '#BC8F8F'),
(31, 31, 'Canada', 'Ticket', 4000, 2000, '#FFD700'),
(32, 32, 'Wealth Tax', 'Tax', 200, 0, '#BC8F8F'),
(33, 33, 'London', 'Ticket', 7000, 3500, '#000080'),
(34, 34, 'India', 'Ticket', 6500, 3250, '#000080'),
(35, 35, 'WaterWays', 'Ticket', 5500, 2750, '#000000'),
(36, 36, 'USA', 'Ticket', 9000, 4500, '#000080');

-- --------------------------------------------------------

--
-- Table structure for table `com_jour`
--

CREATE TABLE IF NOT EXISTS `com_jour` (
  `ID` int(11) NOT NULL AUTO_INCREMENT,
  `COM_QUES` text CHARACTER SET utf8 COLLATE utf8_unicode_ci,
  `COM_ANS` text CHARACTER SET utf8 COLLATE utf8_unicode_ci,
  `CREATED_ON` datetime NOT NULL,
  `USER_ID` int(11) NOT NULL,
  PRIMARY KEY (`ID`)
) ENGINE=MyISAM  DEFAULT CHARSET=latin1 AUTO_INCREMENT=52 ;

--
-- Dumping data for table `com_jour`
--

INSERT INTO `com_jour` (`ID`, `COM_QUES`, `COM_ANS`, `CREATED_ON`, `USER_ID`) VALUES
(1, 'Write about going back to school after summer vacation.', NULL, '2017-05-30 15:59:22', 1),
(2, 'Write a thank you note to a friend who gave you onion and garlic-flavored chewing gum.', NULL, '2017-05-30 15:59:22', 1),
(3, 'Draw an imaginary constellation. Write a story such as ancient people might have told about it.', NULL, '2017-05-30 15:59:22', 1),
(4, 'Describe a real made-up dream or nightmare.', NULL, '2017-05-30 15:59:22', 1),
(5, 'Write about your favorite childhood toy.', NULL, '2017-05-30 15:59:22', 1),
(6, 'Write out the best or the worst day of your life.', 'Headline features:\r\n\r\nElegant dependency tracking - automatically updates the right parts of your UI whenever your data model changes.\r\nDeclarative bindings - a simple and obvious way to connect parts of your UI to your data model. You can construct a complex dynamic UIs easily using arbitrarily nested binding contexts.\r\nTrivially extensible - implement custom behaviors as new declarative bindings for easy reuse in just a few lines of code.\r\nAdditional benefits:\r\n\r\nPure JavaScript library - works with any server or client-side technology\r\nCan be added on top of your existing web application without requiring major architectural changes\r\nCompact - around 13kb after gzipping\r\nWorks on any mainstream browser (IE 6+, Firefox 2+, Chrome, Safari, Edge, others)\r\nComprehensive suite of specifications (developed BDD-style) means its correct functioning can easily be verified on new browsers and platforms\r\nDevelopers familiar with Ruby on Rails, ASP.NET MVC, or other MV* technologies may see MVVM as a real-time form of MVC with declarative syntax. In another sense, you can think of KO as a general way to make UIs for editing JSON data… whatever works for you :)', '2017-05-30 15:59:22', 1),
(7, 'Finish this thought: if I could change one thing about myself (if you can not think of anything, you might want to consider telling how you got to be perfect!)', NULL, '2017-05-30 15:59:22', 1),
(8, 'If and when I raise children, I will never...', NULL, '2017-05-30 15:59:22', 1),
(9, 'I have never been more frightened than when...', NULL, '2017-05-30 15:59:22', 1),
(10, 'Persuade a friend to give up drugs.', NULL, '2017-05-30 15:59:22', 1),
(11, 'Five years from now, I will be...', NULL, '2017-05-30 15:59:22', 1),
(12, 'Write about a day you would like to forget.', NULL, '2017-05-30 15:59:22', 1),
(13, 'Invent and describe a new food.', NULL, '2017-05-30 15:59:22', 1),
(14, 'Describe an event that changed your life forever, or make up and describe an event that would change your life forever.', NULL, '2017-05-30 15:59:22', 1),
(15, 'Describe someone who is a hero to you and explain why.', NULL, '2017-05-30 15:59:22', 1),
(16, 'Write about a time in your life when you struggled with a choice and made the right one.', NULL, '2017-05-30 15:59:22', 1),
(17, 'Imagine yourself in a different century and describe an average day in your life.', NULL, '2017-05-30 15:59:22', 1),
(18, 'Which character from a book would you most like to meet and why?', NULL, '2017-05-30 15:59:22', 1),
(19, 'Three goals I have set for myself are...', NULL, '2017-05-30 15:59:22', 1),
(20, 'What would you do if 300 mice had just gotten out of their cages in a pet shop where you worked?', NULL, '2017-05-30 15:59:22', 1),
(21, 'What would you do if you were locked inside your favorite department store overnight?22.  What would you do if you woke up one morning to find yourself invisible?', NULL, '2017-05-30 15:59:22', 1),
(22, 'What would you do if you were able to communicate with animals?', NULL, '2017-05-30 15:59:22', 1),
(23, 'What would you do if you could travel into the future?', NULL, '2017-05-30 15:59:22', 1),
(24, 'What would you do if you could travel into the past?', NULL, '2017-05-30 15:59:22', 1),
(25, 'What would you do if someone just gave you $1 million?', NULL, '2017-05-30 15:59:22', 1),
(26, 'What would you do it all the electricity in the world just stopped?', NULL, '2017-05-30 15:59:22', 1),
(27, 'What would you do if you could travel free anyplace in the world?', NULL, '2017-05-30 15:59:22', 1),
(28, 'What would you do if the dinner served to you in a fancy restaurant came with a fly in the mashed potatoes?', NULL, '2017-05-30 15:59:22', 1),
(29, 'Write a list of at least 50 things that make you feel good.', NULL, '2017-05-30 15:59:22', 1),
(30, 'Describe the perfect day.  Put in as many details as you can.  Make it a possible day, not a "dream day."', NULL, '2017-05-30 15:59:22', 1),
(31, 'Who is the person from history that you would most like to meet and talk to?  Why?  What would you like to ask?', NULL, '2017-05-30 15:59:22', 1),
(32, 'Who is the person from literature that you would most like to meet and talk to?  Why?  What would you like to ask?', NULL, '2017-05-30 15:59:22', 1),
(33, 'Compile a list of words that describe you as a child.  Compile a second list that describes you as you are now.  How are these lists the same?  How are they different?', NULL, '2017-05-30 15:59:22', 1),
(34, 'Compile a list of inanimate or animate objects to which you might compare yourself metaphorically.  (I am a windmill.  I change direction or my thoughts whenever someone talks to me...)', NULL, '2017-05-30 15:59:22', 1),
(35, 'Tell about what triggers anger in you or someone else.', NULL, '2017-05-30 15:59:22', 1),
(36, 'Invent a monster and describe it.  Tell where it lives, what it eats, and what it does.', NULL, '2017-05-30 15:59:22', 1),
(37, 'What is your favorite kind of weather?  Why?', NULL, '2017-05-30 15:59:22', 1),
(38, 'What is the best book you have ever read?  Why did you like it?  Did reading the book change you in any way?  What way?', NULL, '2017-05-30 15:59:22', 1),
(39, 'Write about what you did not do this weekend.', NULL, '2017-05-30 15:59:22', 1),
(40, 'Think about an incident that happened to you and exaggerate in the telling. Make it into a tall tale.', NULL, '2017-05-30 15:59:22', 1),
(41, 'If you were ruler of the world, what things would you banish absolutely for all time (rain on weekends, eggplant, and so forth)?  Make a list.  Use your imagination.', NULL, '2017-05-30 15:59:22', 1),
(42, 'If you could go back in time anywhere and "anywhen," where/when would you go and why?', NULL, '2017-05-30 15:59:22', 1),
(43, 'What law would you like to see enacted which would help people?  How would it help?', NULL, '2017-05-30 15:59:22', 1),
(44, 'What commercial on TV do you dislike beyond all others?  What about it is particularly annoying to you?', NULL, '2017-05-30 15:59:22', 1),
(45, 'Testques', 'TestAns', '2017-06-05 11:15:17', 2),
(46, 'Testques', 'TestAns', '2019-01-21 10:48:01', 3),
(47, 'Testques', 'TestAns', '2019-01-30 10:29:22', 4),
(48, 'Testques', 'TestAns', '2019-01-30 10:38:02', 5),
(49, 'Testques', 'TestAns', '2019-01-31 12:16:29', 6),
(50, 'Testques', 'TestAns', '2019-02-02 12:07:00', 7),
(51, 'Testques', 'TestAns', '2019-09-06 11:50:40', 8);

-- --------------------------------------------------------

--
-- Table structure for table `com_words`
--

CREATE TABLE IF NOT EXISTS `com_words` (
  `ID` int(11) NOT NULL AUTO_INCREMENT,
  `COM_WORD` varchar(255) CHARACTER SET utf8 COLLATE utf8_unicode_ci DEFAULT NULL,
  `COM_WORD_MEAN` text CHARACTER SET utf8 COLLATE utf8_unicode_ci,
  `USER_ID` int(11) NOT NULL,
  PRIMARY KEY (`ID`)
) ENGINE=MyISAM  DEFAULT CHARSET=latin1 AUTO_INCREMENT=9 ;

--
-- Dumping data for table `com_words`
--

INSERT INTO `com_words` (`ID`, `COM_WORD`, `COM_WORD_MEAN`, `USER_ID`) VALUES
(1, 'Clunky', 'ugly', 1),
(2, 'Test', 'Test', 2),
(3, 'Test', 'Test', 3),
(4, 'Test', 'Test', 4),
(5, 'Test', 'Test', 5),
(6, 'Test', 'Test', 6),
(7, 'Test', 'Test', 7),
(8, 'Test', 'Test', 8);

-- --------------------------------------------------------

--
-- Table structure for table `com_words_sent`
--

CREATE TABLE IF NOT EXISTS `com_words_sent` (
  `ID` int(11) NOT NULL AUTO_INCREMENT,
  `COM_WORD_ID` int(11) NOT NULL,
  `COM_WORD_SENT` text CHARACTER SET utf8 COLLATE utf8_unicode_ci,
  `USER_ID` int(11) NOT NULL,
  PRIMARY KEY (`ID`)
) ENGINE=MyISAM  DEFAULT CHARSET=latin1 AUTO_INCREMENT=15 ;

--
-- Dumping data for table `com_words_sent`
--

INSERT INTO `com_words_sent` (`ID`, `COM_WORD_ID`, `COM_WORD_SENT`, `USER_ID`) VALUES
(1, 1, 'Everyone loves jQuery! It’s an outstanding replacement for the clunky, inconsistent DOM API we had to put up with in the past.', 1),
(2, 1, 'the old, clunky Gorn ships I first approached you with.', 1),
(3, 1, 'It was a clunky, metal thing on a yellow and black lanyard.', 1),
(4, 1, 'It was all just a bit clunky and strange and not actually that much fun.', 1),
(5, 1, 'In places the dialogue is so clunky that wincing is involuntary.', 1),
(6, 1, 'Great clunky hunks of dialogue come bursting forth.', 1),
(7, 1, 'Decent actors are made to look inferior as they deliver the clunky dialogue.', 1),
(8, 2, 'TestSent', 2),
(9, 3, 'TestSent', 3),
(10, 4, 'TestSent', 4),
(11, 5, 'TestSent', 5),
(12, 6, 'TestSent', 6),
(13, 7, 'TestSent', 7),
(14, 8, 'TestSent', 8);

-- --------------------------------------------------------

--
-- Table structure for table `draw_members`
--

CREATE TABLE IF NOT EXISTS `draw_members` (
  `id` tinyint(4) NOT NULL AUTO_INCREMENT,
  `name` varchar(50) NOT NULL,
  `img` varchar(255) NOT NULL,
  PRIMARY KEY (`id`)
) ENGINE=MyISAM  DEFAULT CHARSET=latin1 AUTO_INCREMENT=4 ;

--
-- Dumping data for table `draw_members`
--

INSERT INTO `draw_members` (`id`, `name`, `img`) VALUES
(1, 'Yash Sharma', '/images/yash.png'),
(2, 'Ram Jee Krishna', '/images/ram.png'),
(3, 'Rinku Sharma', '/images/rinku.png');

-- --------------------------------------------------------

--
-- Table structure for table `draw_prize`
--

CREATE TABLE IF NOT EXISTS `draw_prize` (
  `id` int(11) NOT NULL AUTO_INCREMENT,
  `mem_id` int(11) NOT NULL,
  `prize` float(10,2) NOT NULL,
  `prize_date` datetime NOT NULL,
  `round` float(10,2) NOT NULL,
  PRIMARY KEY (`id`)
) ENGINE=MyISAM  DEFAULT CHARSET=latin1 AUTO_INCREMENT=11 ;

--
-- Dumping data for table `draw_prize`
--

INSERT INTO `draw_prize` (`id`, `mem_id`, `prize`, `prize_date`, `round`) VALUES
(1, 3, 98.00, '2017-11-25 02:01:17', 56765.00),
(2, 1, 54.00, '2017-11-25 02:53:12', 56432.00),
(3, 1, 58.00, '2017-12-02 14:26:09', 2835184.00),
(4, 2, 85.00, '2017-12-02 03:30:06', 2336278.00),
(5, 2, 8.00, '2018-07-01 12:30:56', 6684452.00),
(6, 2, 35.00, '2018-08-01 01:09:13', 8068554.00),
(7, 2, 42.00, '2018-08-16 09:17:33', 743592.00),
(8, 2, 24.00, '2018-08-16 09:17:40', 9200478.00),
(9, 1, 39.00, '2018-09-02 11:55:59', 3021366.00),
(10, 3, 43.00, '2019-09-06 11:37:37', 7798818.00);

-- --------------------------------------------------------

--
-- Table structure for table `ec_accounts`
--

CREATE TABLE IF NOT EXISTS `ec_accounts` (
  `ID` int(11) NOT NULL AUTO_INCREMENT,
  `EXP_ACCOUNT` varchar(255) CHARACTER SET utf8 COLLATE utf8_unicode_ci DEFAULT NULL,
  `PRIMARY_BAL` float(10,2) NOT NULL,
  `CURRENT_BAL` float(10,2) NOT NULL,
  `COLOR_CODE_ID` tinyint(4) NOT NULL,
  `LAST_UPDATED` datetime NOT NULL,
  `USER_ID` int(11) NOT NULL,
  PRIMARY KEY (`ID`),
  KEY `COLOR_CODE_ID` (`COLOR_CODE_ID`),
  KEY `USER_ID` (`USER_ID`)
) ENGINE=MyISAM  DEFAULT CHARSET=latin1 AUTO_INCREMENT=23 ;

--
-- Dumping data for table `ec_accounts`
--

INSERT INTO `ec_accounts` (`ID`, `EXP_ACCOUNT`, `PRIMARY_BAL`, `CURRENT_BAL`, `COLOR_CODE_ID`, `LAST_UPDATED`, `USER_ID`) VALUES
(1, 'HOME_CASH', 10000.00, 10250.00, 1, '2020-04-05 12:44:27', 1),
(2, 'ICICI_RIN', 10000.00, 17000.00, 2, '2020-04-01 02:21:14', 1),
(3, 'ICICI', 10000.00, 2195.00, 3, '2020-04-05 12:44:27', 1),
(4, 'SBI', 10000.00, 46625.00, 4, '2020-04-01 02:19:29', 1),
(5, 'UBI', 10000.00, 21000.00, 5, '2020-04-08 12:05:09', 1),
(6, 'HDFC', 10000.00, 20000.00, 6, '2020-04-01 02:20:50', 1),
(7, 'SBI_OD', 10000.00, 93200.00, 7, '2020-04-05 12:44:27', 1),
(8, 'Aakash Bank', 15000.00, 50000.00, 8, '2019-01-30 05:21:58', 2),
(9, 'Pawna Bank', 15000.00, 15000.00, 9, '2018-09-02 11:54:40', 2),
(10, 'CREDIT_CARD', 1.00, 14000.00, 29, '2020-04-05 12:44:27', 1),
(11, 'Def Account', 1000.00, 1500.00, 12, '2019-01-21 11:31:31', 3),
(13, 'Yashacc', 4000.00, 3000.00, 14, '2019-01-28 11:36:15', 3),
(14, 'SBI', 4334.00, 55.00, 19, '2019-01-28 11:32:08', 3),
(15, 'PNB', 4000.00, 444.00, 20, '2019-01-28 11:38:28', 3),
(16, 'PNB', 4000.00, 55.00, 21, '2019-01-30 05:24:13', 2),
(17, 'Personal Acoount', 0.00, 1000.00, 22, '2019-02-02 12:30:11', 4),
(18, 'Def Account', 1000.00, 500.00, 23, '2019-01-30 10:36:53', 5),
(19, 'Def Account', 1000.00, 500.00, 24, '2019-01-31 12:16:00', 6),
(20, 'Home_Account', 0.00, 440.00, 26, '2019-09-06 11:35:49', 7),
(21, 'ICICI_Account', 500.00, 3000.00, 25, '2019-09-06 11:44:04', 7),
(22, 'Personal Account', 1000.00, -3944.00, 28, '2020-03-04 10:57:50', 8);

-- --------------------------------------------------------

--
-- Table structure for table `ec_color_code`
--

CREATE TABLE IF NOT EXISTS `ec_color_code` (
  `ID` int(11) NOT NULL AUTO_INCREMENT,
  `BG_COLOR` varchar(10) CHARACTER SET utf8 COLLATE utf8_unicode_ci DEFAULT NULL,
  `FONT_COLOR` varchar(10) CHARACTER SET utf8 COLLATE utf8_unicode_ci DEFAULT NULL,
  `LAST_UPDATED` datetime NOT NULL,
  `USER_ID` int(11) NOT NULL,
  PRIMARY KEY (`ID`),
  KEY `USER_ID` (`USER_ID`)
) ENGINE=MyISAM  DEFAULT CHARSET=latin1 AUTO_INCREMENT=30 ;

--
-- Dumping data for table `ec_color_code`
--

INSERT INTO `ec_color_code` (`ID`, `BG_COLOR`, `FONT_COLOR`, `LAST_UPDATED`, `USER_ID`) VALUES
(1, '#CED8F6', '#000', '2017-02-13 00:00:00', 1),
(2, '#ECF6CE', '#000', '2017-03-06 00:00:00', 1),
(3, '#A9F5F2', '#000', '2017-03-06 00:00:00', 1),
(4, '#F6D8CE', '#000', '2017-03-07 00:00:00', 1),
(5, '#F5CF84', '#000000', '2019-11-28 10:57:00', 1),
(6, '#A9F5BC', '#000', '2017-03-14 00:00:00', 1),
(7, '#F3E2A9', '#000', '2017-03-27 00:00:00', 1),
(8, '#F5F5F5', '#7364A1', '2017-05-21 15:34:42', 2),
(9, '#DEECF9', '#565656', '2017-05-21 15:35:09', 2),
(10, '#FFFAD4', '#000000', '2019-03-23 02:32:20', 1),
(11, '#E1F5A9', '#000', '2019-01-21 22:44:47', 0),
(12, '#E1F5A9', '#000', '2019-01-22 11:23:44', 3),
(17, '#efefef', '#000', '2019-01-26 04:58:14', 3),
(14, '#dedede', '#000000', '2019-01-22 09:03:54', 3),
(18, '#FF5819', '#000000', '2019-01-28 09:20:26', 3),
(19, '#B9F9FA', '#115D0D', '2019-01-28 11:31:33', 3),
(20, '#01FFE2', '#0E0105', '2019-01-28 11:44:56', 3),
(21, '#C8FF12', '#76161C', '2019-01-30 05:23:50', 2),
(22, '#E1F5A9', '#000', '2019-01-30 10:29:02', 4),
(23, '#E1F5A9', '#000', '2019-01-30 10:36:53', 5),
(24, '#E1F5A9', '#000', '2019-01-31 12:16:00', 6),
(25, '#E6F5D3', '#000000', '2019-09-06 11:45:31', 7),
(26, '#FFF4F0', '#040827', '2019-09-06 11:38:52', 7),
(27, '#D6EBFF', '#000000', '2019-09-06 11:38:37', 7),
(28, '#E1F5A9', '#000', '2019-09-06 11:50:00', 8),
(29, '#BBFF99', '#000000', '2019-11-28 10:58:06', 1);

-- --------------------------------------------------------

--
-- Table structure for table `ec_debug`
--

CREATE TABLE IF NOT EXISTS `ec_debug` (
  `ID` int(11) NOT NULL AUTO_INCREMENT,
  `FUNC_NAME` varchar(255) NOT NULL,
  `START_TIME` varchar(255) NOT NULL,
  `END_TIME` varchar(255) NOT NULL,
  `CALL_BY` varchar(255) NOT NULL,
  `QUERY_STR` text NOT NULL,
  `QUERY_RESULT` longblob NOT NULL,
  `USER_ID` int(11) NOT NULL,
  PRIMARY KEY (`ID`),
  KEY `USER_ID` (`USER_ID`),
  KEY `FUNC_NAME` (`FUNC_NAME`),
  KEY `START_TIME` (`START_TIME`),
  KEY `END_TIME` (`END_TIME`),
  KEY `CALL_BY` (`CALL_BY`),
  FULLTEXT KEY `QUERY_STR` (`QUERY_STR`)
) ENGINE=MyISAM  DEFAULT CHARSET=latin1 AUTO_INCREMENT=102 ;

--
-- Dumping data for table `ec_debug`
--


-- --------------------------------------------------------

--
-- Table structure for table `ec_deposit`
--

CREATE TABLE IF NOT EXISTS `ec_deposit` (
  `ID` int(11) NOT NULL AUTO_INCREMENT,
  `DEPO_ITEM_ID` int(11) NOT NULL,
  `DEPO_AMT` float(10,2) NOT NULL,
  `DEPO_DATE` datetime DEFAULT NULL,
  `USER_ID` int(11) NOT NULL,
  PRIMARY KEY (`ID`),
  KEY `DEPO_ITEM_ID` (`DEPO_ITEM_ID`),
  KEY `DEPO_DATE` (`DEPO_DATE`),
  KEY `USER_ID` (`USER_ID`),
  KEY `DEPO_AMT` (`DEPO_AMT`)
) ENGINE=MyISAM  DEFAULT CHARSET=latin1 AUTO_INCREMENT=2540 ;

--
-- Dumping data for table `ec_deposit`
--

INSERT INTO `ec_deposit` (`ID`, `DEPO_ITEM_ID`, `DEPO_AMT`, `DEPO_DATE`, `USER_ID`) VALUES
(1, 1, 1150.00, '2017-01-01 00:00:00', 1),
(2, 2, 500.00, '2017-01-01 00:00:00', 1),
(3, 3, 600.00, '2017-01-01 00:00:00', 1),
(4, 4, 1200.00, '2017-01-01 00:00:00', 1),
(5, 5, 500.00, '2017-01-01 00:00:00', 1),
(6, 6, 1200.00, '2017-01-01 00:00:00', 1),
(7, 7, 100.00, '2017-01-01 00:00:00', 1),
(8, 8, 250.00, '2017-01-01 00:00:00', 1),
(13, 13, 2000.00, '2017-01-01 00:00:00', 1),
(14, 14, 500.00, '2017-01-01 00:00:00', 1),
(15, 15, 1000.00, '2017-01-01 00:00:00', 1),
(16, 16, 1000.00, '2017-01-01 00:00:00', 1),
(17, 17, 1000.00, '2017-01-01 00:00:00', 1),
(19, 19, 2000.00, '2017-01-01 00:00:00', 1),
(2211, 55, 1000.00, '2019-09-01 00:00:00', 1),
(26, 26, 500.00, '2017-01-01 00:00:00', 1),
(27, 27, 1200.00, '2017-01-01 00:00:00', 1),
(33, 33, 24154.00, '2017-01-01 00:00:00', 1),
(34, 34, 6471.00, '2017-01-01 00:00:00', 1),
(40, 40, 4000.00, '2017-01-01 00:00:00', 1),
(45, 45, 3000.00, '2017-01-01 00:00:00', 1),
(51, 51, 916.67, '2017-01-01 00:00:00', 1),
(52, 52, 2500.00, '2017-01-01 00:00:00', 1),
(53, 53, 7500.00, '2017-01-01 00:00:00', 1),
(54, 54, 833.33, '2017-01-01 00:00:00', 1),
(55, 55, 700.00, '2017-01-01 00:00:00', 1),
(56, 56, 750.00, '2017-01-01 00:00:00', 1),
(57, 57, 916.67, '2017-01-01 00:00:00', 1),
(58, 58, 4000.00, '2017-01-01 00:00:00', 1),
(59, 59, 233.33, '2017-01-01 00:00:00', 1),
(66, 1, 1150.00, '2017-02-01 00:00:00', 1),
(67, 2, 500.00, '2017-02-01 00:00:00', 1),
(68, 3, 600.00, '2017-02-01 00:00:00', 1),
(69, 4, 1200.00, '2017-02-01 00:00:00', 1),
(70, 5, 500.00, '2017-02-01 00:00:00', 1),
(71, 6, 1200.00, '2017-02-01 00:00:00', 1),
(72, 7, 100.00, '2017-02-01 00:00:00', 1),
(73, 8, 250.00, '2017-02-01 00:00:00', 1),
(78, 13, 2000.00, '2017-02-01 00:00:00', 1),
(79, 14, 500.00, '2017-02-01 00:00:00', 1),
(80, 15, 1000.00, '2017-02-01 00:00:00', 1),
(81, 16, 1000.00, '2017-02-01 00:00:00', 1),
(82, 17, 1000.00, '2017-02-01 00:00:00', 1),
(84, 19, 2000.00, '2017-02-01 00:00:00', 1),
(2210, 54, 1000.00, '2019-09-01 00:00:00', 1),
(91, 26, 500.00, '2017-02-01 00:00:00', 1),
(92, 27, 1200.00, '2017-02-01 00:00:00', 1),
(98, 33, 24154.00, '2017-02-01 00:00:00', 1),
(99, 34, 6471.00, '2017-02-01 00:00:00', 1),
(105, 40, 4000.00, '2017-02-01 00:00:00', 1),
(110, 45, 3000.00, '2017-02-01 00:00:00', 1),
(116, 51, 916.67, '2017-02-01 00:00:00', 1),
(117, 52, 2500.00, '2017-02-01 00:00:00', 1),
(118, 53, 7500.00, '2017-02-01 00:00:00', 1),
(119, 54, 833.33, '2017-02-01 00:00:00', 1),
(120, 55, 700.00, '2017-02-01 00:00:00', 1),
(121, 56, 750.00, '2017-02-01 00:00:00', 1),
(122, 57, 916.67, '2017-02-01 00:00:00', 1),
(123, 58, 4000.00, '2017-02-01 00:00:00', 1),
(124, 59, 233.33, '2017-02-01 00:00:00', 1),
(131, 1, 1150.00, '2017-03-01 00:00:00', 1),
(132, 2, 500.00, '2017-03-01 00:00:00', 1),
(133, 3, 600.00, '2017-03-01 00:00:00', 1),
(134, 4, 1200.00, '2017-03-01 00:00:00', 1),
(135, 5, 500.00, '2017-03-01 00:00:00', 1),
(136, 6, 1200.00, '2017-03-01 00:00:00', 1),
(137, 7, 100.00, '2017-03-01 00:00:00', 1),
(138, 8, 250.00, '2017-03-01 00:00:00', 1),
(143, 13, 2000.00, '2017-03-01 00:00:00', 1),
(144, 14, 500.00, '2017-03-01 00:00:00', 1),
(145, 15, 1000.00, '2017-03-01 00:00:00', 1),
(146, 16, 1000.00, '2017-03-01 00:00:00', 1),
(147, 17, 1000.00, '2017-03-01 00:00:00', 1),
(149, 19, 2000.00, '2017-03-01 00:00:00', 1),
(2209, 53, 10000.00, '2019-09-01 00:00:00', 1),
(156, 26, 500.00, '2017-03-01 00:00:00', 1),
(157, 27, 1200.00, '2017-03-01 00:00:00', 1),
(163, 33, 24154.00, '2017-03-01 00:00:00', 1),
(164, 34, 6471.00, '2017-03-01 00:00:00', 1),
(2287, 74, 3000.00, '2019-10-01 00:00:00', 1),
(170, 40, 4000.00, '2017-03-01 00:00:00', 1),
(175, 45, 3000.00, '2017-03-01 00:00:00', 1),
(181, 51, 916.67, '2017-03-01 00:00:00', 1),
(182, 52, 2500.00, '2017-03-01 00:00:00', 1),
(183, 53, 7500.00, '2017-03-01 00:00:00', 1),
(184, 54, 833.33, '2017-03-01 00:00:00', 1),
(185, 55, 700.00, '2017-03-01 00:00:00', 1),
(186, 56, 750.00, '2017-03-01 00:00:00', 1),
(187, 57, 916.67, '2017-03-01 00:00:00', 1),
(188, 58, 4000.00, '2017-03-01 00:00:00', 1),
(189, 59, 233.33, '2017-03-01 00:00:00', 1),
(196, 1, 1150.00, '2017-04-01 00:00:00', 1),
(197, 2, 500.00, '2017-04-01 00:00:00', 1),
(198, 3, 600.00, '2017-04-01 00:00:00', 1),
(199, 4, 1200.00, '2017-04-01 00:00:00', 1),
(200, 5, 500.00, '2017-04-01 00:00:00', 1),
(201, 6, 1200.00, '2017-04-01 00:00:00', 1),
(202, 7, 100.00, '2017-04-01 00:00:00', 1),
(203, 8, 250.00, '2017-04-01 00:00:00', 1),
(208, 13, 2000.00, '2017-04-01 00:00:00', 1),
(209, 14, 500.00, '2017-04-01 00:00:00', 1),
(210, 15, 1000.00, '2017-04-01 00:00:00', 1),
(211, 16, 1000.00, '2017-04-01 00:00:00', 1),
(212, 17, 1000.00, '2017-04-01 00:00:00', 1),
(214, 19, 2000.00, '2017-04-01 00:00:00', 1),
(2208, 52, 3000.00, '2019-09-01 00:00:00', 1),
(221, 26, 500.00, '2017-04-01 00:00:00', 1),
(222, 27, 1200.00, '2017-04-01 00:00:00', 1),
(228, 33, 24154.00, '2017-04-01 00:00:00', 1),
(229, 34, 6471.00, '2017-04-01 00:00:00', 1),
(2387, 118, 500.00, '2019-12-01 00:00:00', 1),
(235, 40, 4000.00, '2017-04-01 00:00:00', 1),
(240, 45, 3000.00, '2017-04-01 00:00:00', 1),
(246, 51, 916.67, '2017-04-01 00:00:00', 1),
(247, 52, 2500.00, '2017-04-01 00:00:00', 1),
(248, 53, 7500.00, '2017-04-01 00:00:00', 1),
(249, 54, 833.33, '2017-04-01 00:00:00', 1),
(250, 55, 700.00, '2017-04-01 00:00:00', 1),
(251, 56, 750.00, '2017-04-01 00:00:00', 1),
(252, 57, 916.67, '2017-04-01 00:00:00', 1),
(253, 58, 4000.00, '2017-04-01 00:00:00', 1),
(254, 59, 233.33, '2017-04-01 00:00:00', 1),
(261, 1, 1150.00, '2017-05-01 00:00:00', 1),
(262, 2, 500.00, '2017-05-01 00:00:00', 1),
(263, 3, 600.00, '2017-05-01 00:00:00', 1),
(264, 4, 1200.00, '2017-05-01 00:00:00', 1),
(265, 5, 500.00, '2017-05-01 00:00:00', 1),
(266, 6, 1200.00, '2017-05-01 00:00:00', 1),
(267, 7, 100.00, '2017-05-01 00:00:00', 1),
(268, 8, 250.00, '2017-05-01 00:00:00', 1),
(273, 13, 2000.00, '2017-05-01 00:00:00', 1),
(274, 14, 500.00, '2017-05-01 00:00:00', 1),
(275, 15, 1000.00, '2017-05-01 00:00:00', 1),
(276, 16, 1000.00, '2017-05-01 00:00:00', 1),
(277, 17, 1000.00, '2017-05-01 00:00:00', 1),
(279, 19, 2000.00, '2017-05-01 00:00:00', 1),
(2207, 51, 1000.00, '2019-09-01 00:00:00', 1),
(286, 26, 500.00, '2017-05-01 00:00:00', 1),
(287, 27, 1200.00, '2017-05-01 00:00:00', 1),
(293, 33, 24154.00, '2017-05-01 00:00:00', 1),
(294, 34, 6471.00, '2017-05-01 00:00:00', 1),
(2422, 111, 1000.00, '2020-01-01 00:00:00', 1),
(300, 40, 4000.00, '2017-05-01 00:00:00', 1),
(305, 45, 3000.00, '2017-05-01 00:00:00', 1),
(311, 51, 0.00, '2017-05-01 00:00:00', 1),
(312, 52, 2500.00, '2017-05-01 00:00:00', 1),
(313, 53, 7500.00, '2017-05-01 00:00:00', 1),
(314, 54, 0.00, '2017-05-01 00:00:00', 1),
(315, 55, 700.00, '2017-05-01 00:00:00', 1),
(316, 56, 750.00, '2017-05-01 00:00:00', 1),
(317, 57, 0.00, '2017-05-01 00:00:00', 1),
(318, 58, 4000.00, '2017-05-01 00:00:00', 1),
(319, 59, 0.00, '2017-05-01 00:00:00', 1),
(326, 66, 4000.00, '2017-05-01 00:00:00', 2),
(327, 67, 3000.00, '2017-05-01 00:00:00', 2),
(328, 1, 1150.00, '2017-06-01 00:00:00', 1),
(329, 2, 500.00, '2017-06-01 00:00:00', 1),
(330, 3, 600.00, '2017-06-01 00:00:00', 1),
(331, 4, 1200.00, '2017-06-01 00:00:00', 1),
(332, 5, 500.00, '2017-06-01 00:00:00', 1),
(333, 6, 1200.00, '2017-06-01 00:00:00', 1),
(334, 7, 100.00, '2017-06-01 00:00:00', 1),
(335, 8, 250.00, '2017-06-01 00:00:00', 1),
(340, 13, 2000.00, '2017-06-01 00:00:00', 1),
(341, 14, 500.00, '2017-06-01 00:00:00', 1),
(342, 15, 11000.00, '2017-06-01 00:00:00', 1),
(343, 16, 1000.00, '2017-06-01 00:00:00', 1),
(344, 17, 1000.00, '2017-06-01 00:00:00', 1),
(346, 19, 2000.00, '2017-06-01 00:00:00', 1),
(353, 26, 500.00, '2017-06-01 00:00:00', 1),
(354, 27, 1200.00, '2017-06-01 00:00:00', 1),
(360, 33, 24154.00, '2017-06-01 00:00:00', 1),
(361, 34, 6471.00, '2017-06-01 00:00:00', 1),
(2457, 74, 2000.00, '2020-02-01 00:00:00', 1),
(367, 40, 4000.00, '2017-06-01 00:00:00', 1),
(372, 45, 3000.00, '2017-06-01 00:00:00', 1),
(378, 51, 916.67, '2017-06-01 00:00:00', 1),
(379, 52, 2500.00, '2017-06-01 00:00:00', 1),
(380, 53, 7500.00, '2017-06-01 00:00:00', 1),
(381, 54, 833.33, '2017-06-01 00:00:00', 1),
(382, 55, 700.00, '2017-06-01 00:00:00', 1),
(383, 56, 750.00, '2017-06-01 00:00:00', 1),
(384, 57, 916.67, '2017-06-01 00:00:00', 1),
(385, 58, 4000.00, '2017-06-01 00:00:00', 1),
(386, 59, 233.33, '2017-06-01 00:00:00', 1),
(393, 66, 4000.00, '2017-06-01 00:00:00', 2),
(394, 67, 3000.00, '2017-06-01 00:00:00', 2),
(395, 1, 1150.00, '2017-07-01 00:00:00', 1),
(396, 2, 1000.00, '2017-07-01 00:00:00', 1),
(397, 3, 600.00, '2017-07-01 00:00:00', 1),
(398, 4, 1200.00, '2017-07-01 00:00:00', 1),
(399, 5, 500.00, '2017-07-01 00:00:00', 1),
(400, 6, 1200.00, '2017-07-01 00:00:00', 1),
(401, 7, 100.00, '2017-07-01 00:00:00', 1),
(402, 8, 250.00, '2017-07-01 00:00:00', 1),
(407, 13, 2000.00, '2017-07-01 00:00:00', 1),
(408, 14, 500.00, '2017-07-01 00:00:00', 1),
(409, 15, 1000.00, '2017-07-01 00:00:00', 1),
(410, 16, 1000.00, '2017-07-01 00:00:00', 1),
(411, 17, 1000.00, '2017-07-01 00:00:00', 1),
(413, 19, 2000.00, '2017-07-01 00:00:00', 1),
(2205, 45, 4000.00, '2019-09-01 00:00:00', 1),
(420, 26, 500.00, '2017-07-01 00:00:00', 1),
(421, 27, 1200.00, '2017-07-01 00:00:00', 1),
(427, 33, 24154.00, '2017-07-01 00:00:00', 1),
(428, 34, 6471.00, '2017-07-01 00:00:00', 1),
(2492, 58, 4000.00, '2020-03-01 00:00:00', 1),
(434, 40, 4000.00, '2017-07-01 00:00:00', 1),
(439, 45, 3000.00, '2017-07-01 00:00:00', 1),
(445, 51, 916.67, '2017-07-01 00:00:00', 1),
(446, 52, 2500.00, '2017-07-01 00:00:00', 1),
(447, 53, 7500.00, '2017-07-01 00:00:00', 1),
(448, 54, 833.33, '2017-07-01 00:00:00', 1),
(449, 55, 700.00, '2017-07-01 00:00:00', 1),
(450, 56, 750.00, '2017-07-01 00:00:00', 1),
(451, 57, 916.67, '2017-07-01 00:00:00', 1),
(452, 58, 4000.00, '2017-07-01 00:00:00', 1),
(453, 59, 600.00, '2017-07-01 00:00:00', 1),
(2527, 54, 1000.00, '2020-04-01 00:00:00', 1),
(2491, 57, 900.00, '2020-03-01 00:00:00', 1),
(2456, 59, 500.00, '2020-02-01 00:00:00', 1),
(2421, 131, 20000.00, '2020-01-01 00:00:00', 1),
(2386, 116, 11805.00, '2019-12-01 00:00:00', 1),
(2526, 53, 9000.00, '2020-04-01 00:00:00', 1),
(2490, 56, 700.00, '2020-03-01 00:00:00', 1),
(2455, 58, 4000.00, '2020-02-01 00:00:00', 1),
(2420, 74, 2000.00, '2020-01-01 00:00:00', 1),
(2385, 111, 1000.00, '2019-12-01 00:00:00', 1),
(2525, 52, 3000.00, '2020-04-01 00:00:00', 1),
(2489, 55, 1000.00, '2020-03-01 00:00:00', 1),
(2454, 57, 900.00, '2020-02-01 00:00:00', 1),
(2419, 59, 500.00, '2020-01-01 00:00:00', 1),
(2384, 131, 20000.00, '2019-12-01 00:00:00', 1),
(2524, 51, 1000.00, '2020-04-01 00:00:00', 1),
(2488, 54, 1000.00, '2020-03-01 00:00:00', 1),
(2453, 56, 700.00, '2020-02-01 00:00:00', 1),
(2418, 58, 4000.00, '2020-01-01 00:00:00', 1),
(2383, 74, 2000.00, '2019-12-01 00:00:00', 1),
(2523, 45, 4000.00, '2020-04-01 00:00:00', 1),
(2487, 53, 9000.00, '2020-03-01 00:00:00', 1),
(2452, 55, 1000.00, '2020-02-01 00:00:00', 1),
(2417, 57, 900.00, '2020-01-01 00:00:00', 1),
(2382, 59, 500.00, '2019-12-01 00:00:00', 1),
(2522, 87, 1000.00, '2020-04-01 00:00:00', 1),
(2486, 52, 3000.00, '2020-03-01 00:00:00', 1),
(2451, 54, 1000.00, '2020-02-01 00:00:00', 1),
(2416, 56, 700.00, '2020-01-01 00:00:00', 1),
(2381, 58, 4000.00, '2019-12-01 00:00:00', 1),
(2521, 40, 4000.00, '2020-04-01 00:00:00', 1),
(2485, 51, 1000.00, '2020-03-01 00:00:00', 1),
(2450, 53, 9000.00, '2020-02-01 00:00:00', 1),
(2415, 55, 1000.00, '2020-01-01 00:00:00', 1),
(2380, 57, 900.00, '2019-12-01 00:00:00', 1),
(495, 1, 1150.00, '2017-08-01 00:00:00', 1),
(496, 2, 500.00, '2017-08-01 00:00:00', 1),
(497, 3, 600.00, '2017-08-01 00:00:00', 1),
(498, 4, 1200.00, '2017-08-01 00:00:00', 1),
(499, 5, 500.00, '2017-08-01 00:00:00', 1),
(500, 6, 1200.00, '2017-08-01 00:00:00', 1),
(501, 7, 100.00, '2017-08-01 00:00:00', 1),
(502, 8, 250.00, '2017-08-01 00:00:00', 1),
(507, 13, 2000.00, '2017-08-01 00:00:00', 1),
(508, 14, 500.00, '2017-08-01 00:00:00', 1),
(509, 15, 1000.00, '2017-08-01 00:00:00', 1),
(510, 16, 1000.00, '2017-08-01 00:00:00', 1),
(511, 17, 1000.00, '2017-08-01 00:00:00', 1),
(513, 19, 2000.00, '2017-08-01 00:00:00', 1),
(2204, 87, 1000.00, '2019-09-01 00:00:00', 1),
(520, 26, 500.00, '2017-08-01 00:00:00', 1),
(521, 27, 1200.00, '2017-08-01 00:00:00', 1),
(527, 33, 24154.00, '2017-08-01 00:00:00', 1),
(528, 34, 6471.00, '2017-08-01 00:00:00', 1),
(2520, 34, 6471.00, '2020-04-01 00:00:00', 1),
(534, 40, 4000.00, '2017-08-01 00:00:00', 1),
(539, 45, 3000.00, '2017-08-01 00:00:00', 1),
(545, 51, 916.67, '2017-08-01 00:00:00', 1),
(546, 52, 2500.00, '2017-08-01 00:00:00', 1),
(547, 53, 7500.00, '2017-08-01 00:00:00', 1),
(548, 54, 833.33, '2017-08-01 00:00:00', 1),
(549, 55, 700.00, '2017-08-01 00:00:00', 1),
(550, 56, 750.00, '2017-08-01 00:00:00', 1),
(551, 57, 916.67, '2017-08-01 00:00:00', 1),
(552, 58, 4000.00, '2017-08-01 00:00:00', 1),
(553, 59, 233.33, '2017-08-01 00:00:00', 1),
(2519, 33, 24154.00, '2020-04-01 00:00:00', 1),
(2484, 45, 4000.00, '2020-03-01 00:00:00', 1),
(2449, 52, 3000.00, '2020-02-01 00:00:00', 1),
(2414, 54, 1000.00, '2020-01-01 00:00:00', 1),
(2379, 56, 700.00, '2019-12-01 00:00:00', 1),
(565, 1, 1150.00, '2017-09-01 00:00:00', 1),
(566, 2, 500.00, '2017-09-01 00:00:00', 1),
(567, 3, 600.00, '2017-09-01 00:00:00', 1),
(568, 4, 1200.00, '2017-09-01 00:00:00', 1),
(569, 5, 500.00, '2017-09-01 00:00:00', 1),
(570, 6, 1200.00, '2017-09-01 00:00:00', 1),
(571, 7, 100.00, '2017-09-01 00:00:00', 1),
(572, 8, 250.00, '2017-09-01 00:00:00', 1),
(577, 13, 2000.00, '2017-09-01 00:00:00', 1),
(578, 14, 500.00, '2017-09-01 00:00:00', 1),
(579, 15, 1000.00, '2017-09-01 00:00:00', 1),
(580, 16, 1000.00, '2017-09-01 00:00:00', 1),
(581, 17, 1000.00, '2017-09-01 00:00:00', 1),
(583, 19, 2000.00, '2017-09-01 00:00:00', 1),
(2203, 40, 4000.00, '2019-09-01 00:00:00', 1),
(590, 26, 500.00, '2017-09-01 00:00:00', 1),
(591, 27, 1200.00, '2017-09-01 00:00:00', 1),
(597, 33, 24154.00, '2017-09-01 00:00:00', 1),
(598, 34, 6471.00, '2017-09-01 00:00:00', 1),
(604, 40, 4000.00, '2017-09-01 00:00:00', 1),
(609, 45, 3000.00, '2017-09-01 00:00:00', 1),
(615, 51, 916.67, '2017-09-01 00:00:00', 1),
(616, 52, 2500.00, '2017-09-01 00:00:00', 1),
(617, 53, 7500.00, '2017-09-01 00:00:00', 1),
(618, 54, 833.33, '2017-09-01 00:00:00', 1),
(619, 55, 700.00, '2017-09-01 00:00:00', 1),
(620, 56, 750.00, '2017-09-01 00:00:00', 1),
(621, 57, 916.67, '2017-09-01 00:00:00', 1),
(622, 58, 4000.00, '2017-09-01 00:00:00', 1),
(623, 59, 233.33, '2017-09-01 00:00:00', 1),
(2518, 27, 2000.00, '2020-04-01 00:00:00', 1),
(2483, 87, 1000.00, '2020-03-01 00:00:00', 1),
(2448, 51, 1000.00, '2020-02-01 00:00:00', 1),
(2413, 53, 9000.00, '2020-01-01 00:00:00', 1),
(2378, 55, 1000.00, '2019-12-01 00:00:00', 1),
(635, 1, 1150.00, '2017-10-01 00:00:00', 1),
(636, 2, 500.00, '2017-10-01 00:00:00', 1),
(637, 3, 600.00, '2017-10-01 00:00:00', 1),
(638, 4, 1200.00, '2017-10-01 00:00:00', 1),
(639, 5, 500.00, '2017-10-01 00:00:00', 1),
(640, 6, 1200.00, '2017-10-01 00:00:00', 1),
(641, 7, 100.00, '2017-10-01 00:00:00', 1),
(642, 8, 250.00, '2017-10-01 00:00:00', 1),
(647, 13, 2000.00, '2017-10-01 00:00:00', 1),
(648, 14, 500.00, '2017-10-01 00:00:00', 1),
(649, 15, 1000.00, '2017-10-01 00:00:00', 1),
(650, 16, 1000.00, '2017-10-01 00:00:00', 1),
(651, 17, 1000.00, '2017-10-01 00:00:00', 1),
(653, 19, 2000.00, '2017-10-01 00:00:00', 1),
(660, 26, 500.00, '2017-10-01 00:00:00', 1),
(661, 27, 1200.00, '2017-10-01 00:00:00', 1),
(667, 33, 24154.00, '2017-10-01 00:00:00', 1),
(668, 34, 6471.00, '2017-10-01 00:00:00', 1),
(2279, 59, 500.00, '2019-10-01 00:00:00', 1),
(674, 40, 4000.00, '2017-10-01 00:00:00', 1),
(679, 45, 3000.00, '2017-10-01 00:00:00', 1),
(685, 51, 916.67, '2017-10-01 00:00:00', 1),
(686, 52, 2500.00, '2017-10-01 00:00:00', 1),
(687, 53, 7500.00, '2017-10-01 00:00:00', 1),
(688, 54, 833.33, '2017-10-01 00:00:00', 1),
(689, 55, 700.00, '2017-10-01 00:00:00', 1),
(690, 56, 750.00, '2017-10-01 00:00:00', 1),
(691, 57, 916.67, '2017-10-01 00:00:00', 1),
(692, 58, 4000.00, '2017-10-01 00:00:00', 1),
(693, 59, 233.33, '2017-10-01 00:00:00', 1),
(2517, 26, 500.00, '2020-04-01 00:00:00', 1),
(2482, 40, 4000.00, '2020-03-01 00:00:00', 1),
(2447, 45, 4000.00, '2020-02-01 00:00:00', 1),
(2412, 52, 3000.00, '2020-01-01 00:00:00', 1),
(2377, 54, 1000.00, '2019-12-01 00:00:00', 1),
(705, 1, 1150.00, '2017-11-01 00:00:00', 1),
(706, 2, 500.00, '2017-11-01 00:00:00', 1),
(707, 3, 600.00, '2017-11-01 00:00:00', 1),
(708, 4, 1200.00, '2017-11-01 00:00:00', 1),
(709, 5, 500.00, '2017-11-01 00:00:00', 1),
(710, 6, 1200.00, '2017-11-01 00:00:00', 1),
(711, 7, 100.00, '2017-11-01 00:00:00', 1),
(712, 8, 250.00, '2017-11-01 00:00:00', 1),
(717, 13, 2000.00, '2017-11-01 00:00:00', 1),
(718, 14, 500.00, '2017-11-01 00:00:00', 1),
(719, 15, 1000.00, '2017-11-01 00:00:00', 1),
(720, 16, 1000.00, '2017-11-01 00:00:00', 1),
(721, 17, 1000.00, '2017-11-01 00:00:00', 1),
(723, 19, 2000.00, '2017-11-01 00:00:00', 1),
(2201, 34, 6471.00, '2019-09-01 00:00:00', 1),
(730, 26, 500.00, '2017-11-01 00:00:00', 1),
(731, 27, 1200.00, '2017-11-01 00:00:00', 1),
(737, 33, 24154.00, '2017-11-01 00:00:00', 1),
(738, 34, 6471.00, '2017-11-01 00:00:00', 1),
(2278, 58, 5000.00, '2019-10-01 00:00:00', 1),
(744, 40, 4000.00, '2017-11-01 00:00:00', 1),
(749, 45, 3000.00, '2017-11-01 00:00:00', 1),
(755, 51, 916.67, '2017-11-01 00:00:00', 1),
(756, 52, 2500.00, '2017-11-01 00:00:00', 1),
(757, 53, 7500.00, '2017-11-01 00:00:00', 1),
(758, 54, 833.33, '2017-11-01 00:00:00', 1),
(759, 55, 700.00, '2017-11-01 00:00:00', 1),
(760, 56, 750.00, '2017-11-01 00:00:00', 1),
(761, 57, 916.67, '2017-11-01 00:00:00', 1),
(762, 58, 4000.00, '2017-11-01 00:00:00', 1),
(763, 59, 233.33, '2017-11-01 00:00:00', 1),
(2516, 19, 4500.00, '2020-04-01 00:00:00', 1),
(2481, 34, 6471.00, '2020-03-01 00:00:00', 1),
(2446, 87, 1000.00, '2020-02-01 00:00:00', 1),
(2411, 51, 1000.00, '2020-01-01 00:00:00', 1),
(2376, 53, 9000.00, '2019-12-01 00:00:00', 1),
(775, 1, 1150.00, '2017-12-01 00:00:00', 1),
(776, 2, 500.00, '2017-12-01 00:00:00', 1),
(777, 3, 600.00, '2017-12-01 00:00:00', 1),
(778, 4, 1200.00, '2017-12-01 00:00:00', 1),
(779, 5, 500.00, '2017-12-01 00:00:00', 1),
(780, 6, 1200.00, '2017-12-01 00:00:00', 1),
(781, 7, 100.00, '2017-12-01 00:00:00', 1),
(782, 8, 250.00, '2017-12-01 00:00:00', 1),
(787, 13, 2000.00, '2017-12-01 00:00:00', 1),
(788, 14, 500.00, '2017-12-01 00:00:00', 1),
(789, 15, 1000.00, '2017-12-01 00:00:00', 1),
(790, 16, 1000.00, '2017-12-01 00:00:00', 1),
(791, 17, 1000.00, '2017-12-01 00:00:00', 1),
(793, 19, 2000.00, '2017-12-01 00:00:00', 1),
(2200, 33, 24154.00, '2019-09-01 00:00:00', 1),
(800, 26, 500.00, '2017-12-01 00:00:00', 1),
(801, 27, 1200.00, '2017-12-01 00:00:00', 1),
(807, 33, 24154.00, '2017-12-01 00:00:00', 1),
(808, 34, 6471.00, '2017-12-01 00:00:00', 1),
(2277, 57, 900.00, '2019-10-01 00:00:00', 1),
(814, 40, 4000.00, '2017-12-01 00:00:00', 1),
(819, 45, 3000.00, '2017-12-01 00:00:00', 1),
(825, 51, 916.67, '2017-12-01 00:00:00', 1),
(826, 52, 2500.00, '2017-12-01 00:00:00', 1),
(827, 53, 7500.00, '2017-12-01 00:00:00', 1),
(828, 54, 833.33, '2017-12-01 00:00:00', 1),
(829, 55, 700.00, '2017-12-01 00:00:00', 1),
(830, 56, 750.00, '2017-12-01 00:00:00', 1),
(831, 57, 916.67, '2017-12-01 00:00:00', 1),
(832, 58, 4000.00, '2017-12-01 00:00:00', 1),
(833, 59, 233.33, '2017-12-01 00:00:00', 1),
(2515, 17, 1000.00, '2020-04-01 00:00:00', 1),
(2480, 33, 24154.00, '2020-03-01 00:00:00', 1),
(2445, 40, 4000.00, '2020-02-01 00:00:00', 1),
(2410, 45, 4000.00, '2020-01-01 00:00:00', 1),
(2375, 52, 3000.00, '2019-12-01 00:00:00', 1),
(845, 1, 1150.00, '2018-01-01 00:00:00', 1),
(846, 2, 500.00, '2018-01-01 00:00:00', 1),
(847, 3, 600.00, '2018-01-01 00:00:00', 1),
(848, 4, 1200.00, '2018-01-01 00:00:00', 1),
(849, 5, 500.00, '2018-01-01 00:00:00', 1),
(850, 6, 1400.00, '2018-01-01 00:00:00', 1),
(851, 7, 100.00, '2018-01-01 00:00:00', 1),
(852, 8, 250.00, '2018-01-01 00:00:00', 1),
(857, 13, 2000.00, '2018-01-01 00:00:00', 1),
(858, 14, 500.00, '2018-01-01 00:00:00', 1),
(859, 15, 1000.00, '2018-01-01 00:00:00', 1),
(860, 16, 1000.00, '2018-01-01 00:00:00', 1),
(861, 17, 1000.00, '2018-01-01 00:00:00', 1),
(863, 19, 2000.00, '2018-01-01 00:00:00', 1),
(2199, 27, 3000.00, '2019-09-01 00:00:00', 1),
(870, 26, 500.00, '2018-01-01 00:00:00', 1),
(871, 27, 1200.00, '2018-01-01 00:00:00', 1),
(877, 33, 24154.00, '2018-01-01 00:00:00', 1),
(878, 34, 6471.00, '2018-01-01 00:00:00', 1),
(2276, 56, 700.00, '2019-10-01 00:00:00', 1),
(884, 40, 4000.00, '2018-01-01 00:00:00', 1),
(889, 45, 3000.00, '2018-01-01 00:00:00', 1),
(895, 51, 916.67, '2018-01-01 00:00:00', 1),
(896, 52, 2500.00, '2018-01-01 00:00:00', 1),
(897, 53, 7500.00, '2018-01-01 00:00:00', 1),
(898, 54, 833.33, '2018-01-01 00:00:00', 1),
(899, 55, 700.00, '2018-01-01 00:00:00', 1),
(900, 56, 750.00, '2018-01-01 00:00:00', 1),
(901, 57, 916.67, '2018-01-01 00:00:00', 1),
(902, 58, 4000.00, '2018-01-01 00:00:00', 1),
(903, 59, 233.33, '2018-01-01 00:00:00', 1),
(2514, 16, 3000.00, '2020-04-01 00:00:00', 1),
(2479, 27, 2000.00, '2020-03-01 00:00:00', 1),
(2444, 34, 6471.00, '2020-02-01 00:00:00', 1),
(2409, 87, 1000.00, '2020-01-01 00:00:00', 1),
(2374, 51, 1000.00, '2019-12-01 00:00:00', 1),
(915, 1, 1150.00, '2018-02-01 00:00:00', 1),
(916, 2, 600.00, '2018-02-01 00:00:00', 1),
(917, 3, 600.00, '2018-02-01 00:00:00', 1),
(918, 4, 1200.00, '2018-02-01 00:00:00', 1),
(919, 5, 500.00, '2018-02-01 00:00:00', 1),
(920, 6, 1400.00, '2018-02-01 00:00:00', 1),
(921, 7, 100.00, '2018-02-01 00:00:00', 1),
(922, 8, 250.00, '2018-02-01 00:00:00', 1),
(927, 13, 2000.00, '2018-02-01 00:00:00', 1),
(928, 14, 500.00, '2018-02-01 00:00:00', 1),
(929, 15, 1000.00, '2018-02-01 00:00:00', 1),
(930, 16, 1000.00, '2018-02-01 00:00:00', 1),
(931, 17, 1000.00, '2018-02-01 00:00:00', 1),
(933, 19, 2000.00, '2018-02-01 00:00:00', 1),
(2198, 26, 500.00, '2019-09-01 00:00:00', 1),
(940, 26, 500.00, '2018-02-01 00:00:00', 1),
(941, 27, 1200.00, '2018-02-01 00:00:00', 1),
(947, 33, 24154.00, '2018-02-01 00:00:00', 1),
(948, 34, 6471.00, '2018-02-01 00:00:00', 1),
(2275, 55, 1000.00, '2019-10-01 00:00:00', 1),
(954, 40, 4000.00, '2018-02-01 00:00:00', 1),
(959, 45, 3000.00, '2018-02-01 00:00:00', 1),
(965, 51, 916.67, '2018-02-01 00:00:00', 1),
(966, 52, 2500.00, '2018-02-01 00:00:00', 1),
(967, 53, 7500.00, '2018-02-01 00:00:00', 1),
(968, 54, 833.33, '2018-02-01 00:00:00', 1),
(969, 55, 700.00, '2018-02-01 00:00:00', 1),
(970, 56, 750.00, '2018-02-01 00:00:00', 1),
(971, 57, 916.67, '2018-02-01 00:00:00', 1),
(972, 58, 4000.00, '2018-02-01 00:00:00', 1),
(973, 59, 233.33, '2018-02-01 00:00:00', 1),
(2513, 15, 4000.00, '2020-04-01 00:00:00', 1),
(2478, 26, 500.00, '2020-03-01 00:00:00', 1),
(2443, 33, 24154.00, '2020-02-01 00:00:00', 1),
(2408, 40, 4000.00, '2020-01-01 00:00:00', 1),
(2373, 45, 4000.00, '2019-12-01 00:00:00', 1),
(985, 1, 1150.00, '2018-03-01 00:00:00', 1),
(986, 2, 600.00, '2018-03-01 00:00:00', 1),
(987, 3, 600.00, '2018-03-01 00:00:00', 1),
(988, 4, 1400.00, '2018-03-01 00:00:00', 1),
(989, 5, 500.00, '2018-03-01 00:00:00', 1),
(990, 6, 1400.00, '2018-03-01 00:00:00', 1),
(991, 7, 100.00, '2018-03-01 00:00:00', 1),
(992, 8, 250.00, '2018-03-01 00:00:00', 1),
(997, 13, 2000.00, '2018-03-01 00:00:00', 1),
(998, 14, 500.00, '2018-03-01 00:00:00', 1),
(999, 15, 1000.00, '2018-03-01 00:00:00', 1),
(1000, 16, 1000.00, '2018-03-01 00:00:00', 1),
(1001, 17, 1000.00, '2018-03-01 00:00:00', 1),
(1003, 19, 2000.00, '2018-03-01 00:00:00', 1),
(2242, 122, 100.00, '2019-09-01 00:00:00', 8),
(1010, 26, 500.00, '2018-03-01 00:00:00', 1),
(1011, 27, 1200.00, '2018-03-01 00:00:00', 1),
(1017, 33, 24154.00, '2018-03-01 00:00:00', 1),
(1018, 34, 6471.00, '2018-03-01 00:00:00', 1),
(2274, 54, 1000.00, '2019-10-01 00:00:00', 1),
(1024, 40, 4000.00, '2018-03-01 00:00:00', 1),
(1029, 45, 4000.00, '2018-03-01 00:00:00', 1),
(1035, 51, 916.67, '2018-03-01 00:00:00', 1),
(1036, 52, 2500.00, '2018-03-01 00:00:00', 1),
(1037, 53, 7500.00, '2018-03-01 00:00:00', 1),
(1038, 54, 833.33, '2018-03-01 00:00:00', 1),
(1039, 55, 700.00, '2018-03-01 00:00:00', 1),
(1040, 56, 750.00, '2018-03-01 00:00:00', 1),
(1041, 57, 916.67, '2018-03-01 00:00:00', 1),
(1042, 58, 4000.00, '2018-03-01 00:00:00', 1),
(1043, 59, 233.33, '2018-03-01 00:00:00', 1),
(2512, 14, 500.00, '2020-04-01 00:00:00', 1),
(2477, 19, 4500.00, '2020-03-01 00:00:00', 1),
(2442, 27, 2000.00, '2020-02-01 00:00:00', 1),
(2407, 34, 6471.00, '2020-01-01 00:00:00', 1),
(2372, 87, 1000.00, '2019-12-01 00:00:00', 1),
(1055, 1, 1150.00, '2018-04-01 00:00:00', 1),
(1056, 2, 600.00, '2018-04-01 00:00:00', 1),
(1057, 3, 600.00, '2018-04-01 00:00:00', 1),
(1058, 4, 1400.00, '2018-04-01 00:00:00', 1),
(1059, 5, 500.00, '2018-04-01 00:00:00', 1),
(1060, 6, 1400.00, '2018-04-01 00:00:00', 1),
(1061, 7, 100.00, '2018-04-01 00:00:00', 1),
(1062, 8, 250.00, '2018-04-01 00:00:00', 1),
(1067, 13, 2000.00, '2018-04-01 00:00:00', 1),
(1068, 14, 500.00, '2018-04-01 00:00:00', 1),
(1069, 15, 1000.00, '2018-04-01 00:00:00', 1),
(1070, 16, 1000.00, '2018-04-01 00:00:00', 1),
(1071, 17, 1000.00, '2018-04-01 00:00:00', 1),
(1073, 19, 2000.00, '2018-04-01 00:00:00', 1),
(2537, 118, 500.00, '2020-04-01 00:00:00', 1),
(1080, 26, 500.00, '2018-04-01 00:00:00', 1),
(1081, 27, 1200.00, '2018-04-01 00:00:00', 1),
(1087, 33, 24154.00, '2018-04-01 00:00:00', 1),
(1088, 34, 6471.00, '2018-04-01 00:00:00', 1),
(2273, 53, 10000.00, '2019-10-01 00:00:00', 1),
(1094, 40, 4000.00, '2018-04-01 00:00:00', 1),
(1099, 45, 4000.00, '2018-04-01 00:00:00', 1),
(1105, 51, 916.67, '2018-04-01 00:00:00', 1),
(1106, 52, 2500.00, '2018-04-01 00:00:00', 1),
(1107, 53, 7500.00, '2018-04-01 00:00:00', 1),
(1108, 54, 833.33, '2018-04-01 00:00:00', 1),
(1109, 55, 700.00, '2018-04-01 00:00:00', 1),
(1110, 56, 750.00, '2018-04-01 00:00:00', 1),
(1111, 57, 916.67, '2018-04-01 00:00:00', 1),
(1112, 58, 4000.00, '2018-04-01 00:00:00', 1),
(1113, 59, 650.00, '2018-04-01 00:00:00', 1),
(2511, 13, 1500.00, '2020-04-01 00:00:00', 1),
(2476, 17, 1000.00, '2020-03-01 00:00:00', 1),
(2441, 26, 500.00, '2020-02-01 00:00:00', 1),
(2406, 33, 24154.00, '2020-01-01 00:00:00', 1),
(2371, 40, 4000.00, '2019-12-01 00:00:00', 1),
(1125, 1, 1150.00, '2018-05-01 00:00:00', 1),
(1126, 2, 600.00, '2018-05-01 00:00:00', 1),
(1127, 3, 600.00, '2018-05-01 00:00:00', 1),
(1128, 4, 1400.00, '2018-05-01 00:00:00', 1),
(1129, 5, 500.00, '2018-05-01 00:00:00', 1),
(1130, 6, 1400.00, '2018-05-01 00:00:00', 1),
(1131, 7, 100.00, '2018-05-01 00:00:00', 1),
(1132, 8, 250.00, '2018-05-01 00:00:00', 1),
(1137, 13, 2000.00, '2018-05-01 00:00:00', 1),
(1138, 14, 500.00, '2018-05-01 00:00:00', 1),
(1139, 15, 1000.00, '2018-05-01 00:00:00', 1),
(1140, 16, 1000.00, '2018-05-01 00:00:00', 1),
(1141, 17, 1000.00, '2018-05-01 00:00:00', 1),
(1143, 19, 2000.00, '2018-05-01 00:00:00', 1),
(2195, 19, 3500.00, '2019-09-01 00:00:00', 1),
(1150, 26, 500.00, '2018-05-01 00:00:00', 1),
(1151, 27, 1200.00, '2018-05-01 00:00:00', 1),
(1157, 33, 24154.00, '2018-05-01 00:00:00', 1),
(1158, 34, 6471.00, '2018-05-01 00:00:00', 1),
(2272, 52, 3000.00, '2019-10-01 00:00:00', 1),
(1164, 40, 4000.00, '2018-05-01 00:00:00', 1),
(1169, 45, 4000.00, '2018-05-01 00:00:00', 1),
(1175, 51, 916.67, '2018-05-01 00:00:00', 1),
(1176, 52, 2500.00, '2018-05-01 00:00:00', 1),
(1177, 53, 7500.00, '2018-05-01 00:00:00', 1),
(1178, 54, 833.33, '2018-05-01 00:00:00', 1),
(1179, 55, 700.00, '2018-05-01 00:00:00', 1),
(1180, 56, 750.00, '2018-05-01 00:00:00', 1),
(1181, 57, 916.67, '2018-05-01 00:00:00', 1),
(1182, 58, 4000.00, '2018-05-01 00:00:00', 1),
(1183, 59, 233.33, '2018-05-01 00:00:00', 1),
(2510, 8, 250.00, '2020-04-01 00:00:00', 1),
(2475, 16, 3000.00, '2020-03-01 00:00:00', 1),
(2440, 19, 4500.00, '2020-02-01 00:00:00', 1),
(2405, 27, 2000.00, '2020-01-01 00:00:00', 1),
(2370, 34, 6471.00, '2019-12-01 00:00:00', 1),
(1195, 1, 1150.00, '2018-06-01 00:00:00', 1),
(1196, 2, 600.00, '2018-06-01 00:00:00', 1),
(1197, 3, 600.00, '2018-06-01 00:00:00', 1),
(1198, 4, 1400.00, '2018-06-01 00:00:00', 1),
(1199, 5, 500.00, '2018-06-01 00:00:00', 1),
(1200, 6, 1400.00, '2018-06-01 00:00:00', 1),
(1201, 7, 100.00, '2018-06-01 00:00:00', 1),
(1202, 8, 250.00, '2018-06-01 00:00:00', 1),
(1207, 13, 2000.00, '2018-06-01 00:00:00', 1),
(1208, 14, 500.00, '2018-06-01 00:00:00', 1),
(1209, 15, 12350.00, '2018-06-01 00:00:00', 1),
(1210, 16, 1000.00, '2018-06-01 00:00:00', 1),
(1211, 17, 1000.00, '2018-06-01 00:00:00', 1),
(1213, 19, 2000.00, '2018-06-01 00:00:00', 1),
(2194, 17, 1000.00, '2019-09-01 00:00:00', 1),
(1220, 26, 500.00, '2018-06-01 00:00:00', 1),
(1221, 27, 1200.00, '2018-06-01 00:00:00', 1),
(1227, 33, 24154.00, '2018-06-01 00:00:00', 1),
(1228, 34, 6471.00, '2018-06-01 00:00:00', 1),
(2271, 51, 1000.00, '2019-10-01 00:00:00', 1),
(1234, 40, 4000.00, '2018-06-01 00:00:00', 1),
(1239, 45, 4000.00, '2018-06-01 00:00:00', 1),
(1245, 51, 916.67, '2018-06-01 00:00:00', 1),
(1246, 52, 2500.00, '2018-06-01 00:00:00', 1),
(1247, 53, 7500.00, '2018-06-01 00:00:00', 1),
(1248, 54, 833.33, '2018-06-01 00:00:00', 1),
(1249, 55, 700.00, '2018-06-01 00:00:00', 1),
(1250, 56, 750.00, '2018-06-01 00:00:00', 1),
(1251, 57, 916.67, '2018-06-01 00:00:00', 1),
(1252, 58, 4000.00, '2018-06-01 00:00:00', 1),
(1253, 59, 233.33, '2018-06-01 00:00:00', 1),
(2509, 7, 200.00, '2020-04-01 00:00:00', 1),
(2474, 15, 4000.00, '2020-03-01 00:00:00', 1),
(2439, 17, 1000.00, '2020-02-01 00:00:00', 1),
(2404, 26, 500.00, '2020-01-01 00:00:00', 1),
(2369, 33, 24154.00, '2019-12-01 00:00:00', 1),
(1265, 1, 1150.00, '2018-07-01 00:00:00', 1),
(1266, 2, 600.00, '2018-07-01 00:00:00', 1),
(1267, 3, 600.00, '2018-07-01 00:00:00', 1),
(1268, 4, 1400.00, '2018-07-01 00:00:00', 1),
(1269, 5, 500.00, '2018-07-01 00:00:00', 1),
(1270, 6, 1400.00, '2018-07-01 00:00:00', 1),
(1271, 7, 100.00, '2018-07-01 00:00:00', 1),
(1272, 8, 250.00, '2018-07-01 00:00:00', 1),
(1277, 13, 2000.00, '2018-07-01 00:00:00', 1),
(1278, 14, 500.00, '2018-07-01 00:00:00', 1),
(1279, 15, 1000.00, '2018-07-01 00:00:00', 1),
(1280, 16, 1000.00, '2018-07-01 00:00:00', 1),
(1281, 17, 1000.00, '2018-07-01 00:00:00', 1),
(1283, 19, 2000.00, '2018-07-01 00:00:00', 1),
(2193, 16, 1000.00, '2019-09-01 00:00:00', 1),
(1290, 26, 500.00, '2018-07-01 00:00:00', 1),
(1291, 27, 1200.00, '2018-07-01 00:00:00', 1),
(1297, 33, 24154.00, '2018-07-01 00:00:00', 1),
(1298, 34, 6471.00, '2018-07-01 00:00:00', 1),
(1304, 40, 4000.00, '2018-07-01 00:00:00', 1),
(1309, 45, 4000.00, '2018-07-01 00:00:00', 1),
(1315, 51, 916.67, '2018-07-01 00:00:00', 1),
(1316, 52, 2500.00, '2018-07-01 00:00:00', 1),
(1317, 53, 7500.00, '2018-07-01 00:00:00', 1),
(1318, 54, 833.33, '2018-07-01 00:00:00', 1),
(1319, 55, 700.00, '2018-07-01 00:00:00', 1),
(1320, 56, 750.00, '2018-07-01 00:00:00', 1),
(1321, 57, 916.67, '2018-07-01 00:00:00', 1),
(1322, 58, 4000.00, '2018-07-01 00:00:00', 1),
(1323, 59, 233.33, '2018-07-01 00:00:00', 1),
(2508, 6, 1600.00, '2020-04-01 00:00:00', 1),
(2473, 14, 500.00, '2020-03-01 00:00:00', 1),
(2438, 16, 3000.00, '2020-02-01 00:00:00', 1),
(2403, 19, 5000.00, '2020-01-01 00:00:00', 1),
(2368, 27, 2000.00, '2019-12-01 00:00:00', 1),
(1336, 74, 4500.00, '2018-07-01 00:00:00', 1),
(2088, 16, 1000.00, '2019-07-01 00:00:00', 1),
(1340, 1, 1150.00, '2018-08-01 00:00:00', 1),
(1341, 2, 600.00, '2018-08-01 00:00:00', 1),
(1342, 3, 600.00, '2018-08-01 00:00:00', 1),
(1343, 4, 1400.00, '2018-08-01 00:00:00', 1),
(1344, 5, 1000.00, '2018-08-01 00:00:00', 1),
(1345, 6, 1400.00, '2018-08-01 00:00:00', 1),
(1346, 7, 200.00, '2018-08-01 00:00:00', 1),
(1347, 8, 250.00, '2018-08-01 00:00:00', 1),
(1352, 13, 2000.00, '2018-08-01 00:00:00', 1),
(1353, 14, 500.00, '2018-08-01 00:00:00', 1),
(1354, 15, 1000.00, '2018-08-01 00:00:00', 1),
(1355, 16, 1000.00, '2018-08-01 00:00:00', 1),
(1356, 17, 1000.00, '2018-08-01 00:00:00', 1),
(1358, 19, 1000.00, '2018-08-01 00:00:00', 1),
(2192, 15, 3000.00, '2019-09-01 00:00:00', 1),
(1365, 26, 500.00, '2018-08-01 00:00:00', 1),
(1366, 27, 1200.00, '2018-08-01 00:00:00', 1),
(1372, 33, 24154.00, '2018-08-01 00:00:00', 1),
(1373, 34, 6471.00, '2018-08-01 00:00:00', 1),
(2269, 45, 4000.00, '2019-10-01 00:00:00', 1),
(1379, 40, 4000.00, '2018-08-01 00:00:00', 1),
(1384, 45, 4000.00, '2018-08-01 00:00:00', 1),
(1390, 51, 1000.00, '2018-08-01 00:00:00', 1),
(1391, 52, 2500.00, '2018-08-01 00:00:00', 1),
(1392, 53, 7500.00, '2018-08-01 00:00:00', 1),
(1393, 54, 800.00, '2018-08-01 00:00:00', 1),
(1394, 55, 700.00, '2018-08-01 00:00:00', 1),
(1395, 56, 750.00, '2018-08-01 00:00:00', 1),
(1396, 57, 900.00, '2018-08-01 00:00:00', 1),
(1397, 58, 4000.00, '2018-08-01 00:00:00', 1),
(1398, 59, 300.00, '2018-08-01 00:00:00', 1),
(2507, 5, 1000.00, '2020-04-01 00:00:00', 1),
(2472, 13, 1500.00, '2020-03-01 00:00:00', 1),
(2437, 15, 4000.00, '2020-02-01 00:00:00', 1),
(2402, 17, 1000.00, '2020-01-01 00:00:00', 1),
(2367, 26, 500.00, '2019-12-01 00:00:00', 1),
(1411, 74, 3000.00, '2018-08-01 00:00:00', 1),
(2087, 15, 3000.00, '2019-07-01 00:00:00', 1),
(1415, 66, 4000.00, '2018-08-01 00:00:00', 2),
(1416, 67, 3000.00, '2018-08-01 00:00:00', 2),
(1417, 1, 1150.00, '2018-09-01 00:00:00', 1),
(1418, 2, 600.00, '2018-09-01 00:00:00', 1),
(1419, 3, 600.00, '2018-09-01 00:00:00', 1),
(1420, 4, 1400.00, '2018-09-01 00:00:00', 1),
(1421, 5, 1000.00, '2018-09-01 00:00:00', 1),
(1422, 6, 1400.00, '2018-09-01 00:00:00', 1),
(1423, 7, 200.00, '2018-09-01 00:00:00', 1),
(1424, 8, 250.00, '2018-09-01 00:00:00', 1),
(1429, 13, 2000.00, '2018-09-01 00:00:00', 1),
(1430, 14, 500.00, '2018-09-01 00:00:00', 1),
(1431, 15, 1300.00, '2018-09-01 00:00:00', 1),
(1432, 16, 1000.00, '2018-09-01 00:00:00', 1),
(1433, 17, 1000.00, '2018-09-01 00:00:00', 1),
(1435, 19, 1000.00, '2018-09-01 00:00:00', 1),
(2191, 14, 500.00, '2019-09-01 00:00:00', 1),
(1442, 26, 500.00, '2018-09-01 00:00:00', 1),
(1443, 27, 1200.00, '2018-09-01 00:00:00', 1),
(1449, 33, 24154.00, '2018-09-01 00:00:00', 1),
(1450, 34, 6471.00, '2018-09-01 00:00:00', 1),
(2268, 87, 1000.00, '2019-10-01 00:00:00', 1),
(1456, 40, 4000.00, '2018-09-01 00:00:00', 1),
(1461, 45, 4000.00, '2018-09-01 00:00:00', 1),
(1467, 51, 1000.00, '2018-09-01 00:00:00', 1),
(1468, 52, 2500.00, '2018-09-01 00:00:00', 1),
(1469, 53, 7500.00, '2018-09-01 00:00:00', 1),
(1470, 54, 800.00, '2018-09-01 00:00:00', 1),
(1471, 55, 700.00, '2018-09-01 00:00:00', 1),
(1472, 56, 750.00, '2018-09-01 00:00:00', 1),
(1473, 57, 900.00, '2018-09-01 00:00:00', 1),
(1474, 58, 4000.00, '2018-09-01 00:00:00', 1),
(1475, 59, 300.00, '2018-09-01 00:00:00', 1),
(2506, 4, 3000.00, '2020-04-01 00:00:00', 1),
(2471, 8, 250.00, '2020-03-01 00:00:00', 1),
(2436, 14, 500.00, '2020-02-01 00:00:00', 1),
(2401, 16, 3000.00, '2020-01-01 00:00:00', 1),
(2366, 19, 5000.00, '2019-12-01 00:00:00', 1),
(1488, 74, 3500.00, '2018-09-01 00:00:00', 1),
(2086, 14, 500.00, '2019-07-01 00:00:00', 1),
(1492, 66, 4000.00, '2018-09-01 00:00:00', 2),
(1493, 67, 3000.00, '2018-09-01 00:00:00', 2),
(1494, 1, 1150.00, '2018-10-01 00:00:00', 1),
(1495, 2, 600.00, '2018-10-01 00:00:00', 1),
(1496, 3, 600.00, '2018-10-01 00:00:00', 1),
(1497, 4, 1400.00, '2018-10-01 00:00:00', 1),
(1498, 5, 1000.00, '2018-10-01 00:00:00', 1),
(1499, 6, 1400.00, '2018-10-01 00:00:00', 1),
(1500, 7, 200.00, '2018-10-01 00:00:00', 1),
(1501, 8, 250.00, '2018-10-01 00:00:00', 1),
(1506, 13, 2000.00, '2018-10-01 00:00:00', 1),
(1507, 14, 500.00, '2018-10-01 00:00:00', 1),
(1508, 15, 9000.00, '2018-10-01 00:00:00', 1),
(1509, 16, 1000.00, '2018-10-01 00:00:00', 1),
(1510, 17, 1000.00, '2018-10-01 00:00:00', 1),
(1512, 19, 1000.00, '2018-10-01 00:00:00', 1),
(2190, 13, 3000.00, '2019-09-01 00:00:00', 1),
(1519, 26, 500.00, '2018-10-01 00:00:00', 1),
(1520, 27, 1200.00, '2018-10-01 00:00:00', 1),
(2251, 6, 1400.00, '2019-10-01 00:00:00', 1),
(1526, 33, 24154.00, '2018-10-01 00:00:00', 1),
(1527, 34, 6471.00, '2018-10-01 00:00:00', 1),
(2304, 7, 200.00, '2019-11-01 00:00:00', 1),
(2536, 116, 11805.00, '2020-04-01 00:00:00', 1),
(2267, 40, 4000.00, '2019-10-01 00:00:00', 1),
(1533, 40, 4000.00, '2018-10-01 00:00:00', 1),
(1538, 45, 4000.00, '2018-10-01 00:00:00', 1),
(1544, 51, 1000.00, '2018-10-01 00:00:00', 1),
(1545, 52, 2500.00, '2018-10-01 00:00:00', 1),
(1546, 53, 7500.00, '2018-10-01 00:00:00', 1),
(1547, 54, 800.00, '2018-10-01 00:00:00', 1),
(1548, 55, 700.00, '2018-10-01 00:00:00', 1),
(1549, 56, 750.00, '2018-10-01 00:00:00', 1),
(1550, 57, 900.00, '2018-10-01 00:00:00', 1),
(1551, 58, 4000.00, '2018-10-01 00:00:00', 1),
(1552, 59, 300.00, '2018-10-01 00:00:00', 1),
(2505, 3, 3000.00, '2020-04-01 00:00:00', 1),
(2470, 7, 200.00, '2020-03-01 00:00:00', 1),
(2435, 13, 1500.00, '2020-02-01 00:00:00', 1),
(2400, 15, 4000.00, '2020-01-01 00:00:00', 1),
(2365, 17, 1000.00, '2019-12-01 00:00:00', 1),
(1565, 74, 3500.00, '2018-10-01 00:00:00', 1),
(2250, 5, 1000.00, '2019-10-01 00:00:00', 1),
(2085, 13, 3000.00, '2019-07-01 00:00:00', 1),
(2127, 111, 500.00, '2019-07-01 00:00:00', 1),
(1569, 1, 1150.00, '2018-11-01 00:00:00', 1),
(1570, 2, 600.00, '2018-11-01 00:00:00', 1),
(1571, 3, 600.00, '2018-11-01 00:00:00', 1),
(1572, 4, 1400.00, '2018-11-01 00:00:00', 1),
(1573, 5, 1000.00, '2018-11-01 00:00:00', 1),
(1574, 6, 1400.00, '2018-11-01 00:00:00', 1),
(1575, 7, 200.00, '2018-11-01 00:00:00', 1),
(1576, 8, 250.00, '2018-11-01 00:00:00', 1),
(1581, 13, 2000.00, '2018-11-01 00:00:00', 1),
(1582, 14, 500.00, '2018-11-01 00:00:00', 1),
(1583, 15, 1000.00, '2018-11-01 00:00:00', 1),
(1584, 16, 1000.00, '2018-11-01 00:00:00', 1),
(1585, 17, 1000.00, '2018-11-01 00:00:00', 1),
(2303, 6, 1400.00, '2019-11-01 00:00:00', 1),
(1587, 19, 1000.00, '2018-11-01 00:00:00', 1),
(2189, 8, 250.00, '2019-09-01 00:00:00', 1),
(2241, 121, 500.00, '2019-09-01 00:00:00', 7),
(2094, 27, 3000.00, '2019-07-01 00:00:00', 1),
(1594, 26, 500.00, '2018-11-01 00:00:00', 1),
(1595, 27, 1200.00, '2018-11-01 00:00:00', 1),
(2311, 19, 5000.00, '2019-11-01 00:00:00', 1),
(2084, 8, 250.00, '2019-07-01 00:00:00', 1),
(2060, 74, 3000.00, '2019-06-01 00:00:00', 1),
(1601, 33, 24154.00, '2018-11-01 00:00:00', 1),
(1602, 34, 6471.00, '2018-11-01 00:00:00', 1),
(1771, 92, 100.00, '2019-01-01 00:00:00', 6),
(2364, 16, 3000.00, '2019-12-01 00:00:00', 1),
(2533, 74, 2000.00, '2020-04-01 00:00:00', 1),
(1770, 91, 100.00, '2019-01-01 00:00:00', 5),
(1608, 40, 4000.00, '2018-11-01 00:00:00', 1),
(1769, 90, 100.00, '2019-01-01 00:00:00', 4),
(1768, 89, 400.00, '2019-01-01 00:00:00', 2),
(1767, 88, 400.00, '2019-01-01 00:00:00', 2),
(1766, 67, 3000.00, '2019-01-01 00:00:00', 2),
(1613, 45, 4000.00, '2018-11-01 00:00:00', 1),
(2399, 14, 500.00, '2020-01-01 00:00:00', 1),
(1765, 66, 4000.00, '2019-01-01 00:00:00', 2),
(2434, 8, 250.00, '2020-02-01 00:00:00', 1),
(1764, 87, 2000.00, '2019-01-01 00:00:00', 1),
(1763, 86, 400.00, '2019-01-01 00:00:00', 3),
(1619, 51, 1000.00, '2018-11-01 00:00:00', 1),
(1620, 52, 2500.00, '2018-11-01 00:00:00', 1),
(1621, 53, 7500.00, '2018-11-01 00:00:00', 1),
(1622, 54, 800.00, '2018-11-01 00:00:00', 1),
(1623, 55, 700.00, '2018-11-01 00:00:00', 1),
(1624, 56, 750.00, '2018-11-01 00:00:00', 1),
(1625, 57, 900.00, '2018-11-01 00:00:00', 1),
(1626, 58, 4000.00, '2018-11-01 00:00:00', 1),
(1627, 59, 300.00, '2018-11-01 00:00:00', 1),
(1762, 85, 400.00, '2019-01-01 00:00:00', 3),
(1761, 84, 400.00, '2019-01-01 00:00:00', 3),
(1760, 83, 100.00, '2019-01-01 00:00:00', 3),
(2258, 17, 1000.00, '2019-10-01 00:00:00', 1),
(2504, 2, 600.00, '2020-04-01 00:00:00', 1),
(2469, 6, 1600.00, '2020-03-01 00:00:00', 1),
(2433, 7, 200.00, '2020-02-01 00:00:00', 1),
(2398, 13, 3000.00, '2020-01-01 00:00:00', 1),
(2363, 15, 4000.00, '2019-12-01 00:00:00', 1),
(1640, 74, 3500.00, '2018-11-01 00:00:00', 1),
(2083, 7, 200.00, '2019-07-01 00:00:00', 1),
(1644, 1, 1150.00, '2018-12-01 00:00:00', 1),
(1645, 2, 600.00, '2018-12-01 00:00:00', 1),
(1646, 3, 600.00, '2018-12-01 00:00:00', 1),
(1647, 4, 1400.00, '2018-12-01 00:00:00', 1),
(1648, 5, 1000.00, '2018-12-01 00:00:00', 1),
(1649, 6, 1400.00, '2018-12-01 00:00:00', 1),
(1650, 7, 200.00, '2018-12-01 00:00:00', 1),
(1651, 8, 250.00, '2018-12-01 00:00:00', 1),
(2468, 5, 1000.00, '2020-03-01 00:00:00', 1),
(1653, 13, 2000.00, '2018-12-01 00:00:00', 1),
(1654, 14, 500.00, '2018-12-01 00:00:00', 1),
(1655, 15, 1000.00, '2018-12-01 00:00:00', 1),
(1656, 16, 1000.00, '2018-12-01 00:00:00', 1),
(1657, 17, 1000.00, '2018-12-01 00:00:00', 1),
(2119, 74, 3000.00, '2019-07-01 00:00:00', 1),
(1659, 19, 1000.00, '2018-12-01 00:00:00', 1),
(2503, 1, 1500.00, '2020-04-01 00:00:00', 1),
(2188, 7, 200.00, '2019-09-01 00:00:00', 1),
(1663, 26, 500.00, '2018-12-01 00:00:00', 1),
(1664, 27, 1200.00, '2018-12-01 00:00:00', 1),
(2257, 16, 2000.00, '2019-10-01 00:00:00', 1),
(1668, 33, 24154.00, '2018-12-01 00:00:00', 1),
(1669, 34, 6471.00, '2018-12-01 00:00:00', 1),
(2050, 59, 500.00, '2019-06-01 00:00:00', 1),
(2049, 58, 5000.00, '2019-06-01 00:00:00', 1),
(2265, 34, 6471.00, '2019-10-01 00:00:00', 1),
(1673, 40, 4000.00, '2018-12-01 00:00:00', 1),
(1674, 45, 4000.00, '2018-12-01 00:00:00', 1),
(2048, 57, 900.00, '2019-06-01 00:00:00', 1),
(2047, 56, 700.00, '2019-06-01 00:00:00', 1),
(1677, 51, 1000.00, '2018-12-01 00:00:00', 1),
(1678, 52, 2500.00, '2018-12-01 00:00:00', 1),
(1679, 53, 7500.00, '2018-12-01 00:00:00', 1),
(1680, 54, 800.00, '2018-12-01 00:00:00', 1),
(1681, 55, 700.00, '2018-12-01 00:00:00', 1),
(1682, 56, 750.00, '2018-12-01 00:00:00', 1),
(1683, 57, 900.00, '2018-12-01 00:00:00', 1),
(1684, 58, 4000.00, '2018-12-01 00:00:00', 1),
(1685, 59, 300.00, '2018-12-01 00:00:00', 1),
(2502, 122, 2900.00, '2020-03-01 00:00:00', 8),
(2467, 4, 3000.00, '2020-03-01 00:00:00', 1),
(2432, 6, 1600.00, '2020-02-01 00:00:00', 1),
(2397, 8, 250.00, '2020-01-01 00:00:00', 1),
(2362, 14, 500.00, '2019-12-01 00:00:00', 1),
(2361, 13, 3000.00, '2019-12-01 00:00:00', 1),
(1693, 74, 3500.00, '2018-12-01 00:00:00', 1),
(2396, 7, 200.00, '2020-01-01 00:00:00', 1),
(2082, 6, 1400.00, '2019-07-01 00:00:00', 1),
(2431, 5, 1000.00, '2020-02-01 00:00:00', 1),
(2093, 26, 500.00, '2019-07-01 00:00:00', 1),
(1698, 1, 1500.00, '2019-01-01 00:00:00', 1),
(1699, 2, 600.00, '2019-01-01 00:00:00', 1),
(1700, 3, 600.00, '2019-01-01 00:00:00', 1),
(1701, 4, 1400.00, '2019-01-01 00:00:00', 1),
(1702, 5, 1000.00, '2019-01-01 00:00:00', 1),
(1703, 6, 1400.00, '2019-01-01 00:00:00', 1),
(1704, 7, 200.00, '2019-01-01 00:00:00', 1),
(1705, 8, 250.00, '2019-01-01 00:00:00', 1),
(2046, 55, 1000.00, '2019-06-01 00:00:00', 1),
(1707, 13, 3000.00, '2019-01-01 00:00:00', 1),
(1708, 14, 500.00, '2019-01-01 00:00:00', 1),
(1709, 15, 4000.00, '2019-01-01 00:00:00', 1),
(1710, 16, 1000.00, '2019-01-01 00:00:00', 1),
(1711, 17, 1000.00, '2019-01-01 00:00:00', 1),
(2466, 3, 3000.00, '2020-03-01 00:00:00', 1),
(1713, 19, 3500.00, '2019-01-01 00:00:00', 1),
(2045, 54, 1000.00, '2019-06-01 00:00:00', 1),
(2187, 6, 1400.00, '2019-09-01 00:00:00', 1),
(1716, 26, 500.00, '2019-01-01 00:00:00', 1),
(1717, 27, 1200.00, '2019-01-01 00:00:00', 1),
(2044, 53, 10000.00, '2019-06-01 00:00:00', 1),
(1720, 33, 24154.00, '2019-01-01 00:00:00', 1),
(1721, 34, 6471.00, '2019-01-01 00:00:00', 1),
(2043, 52, 3000.00, '2019-06-01 00:00:00', 1),
(2042, 51, 1000.00, '2019-06-01 00:00:00', 1),
(2264, 33, 24154.00, '2019-10-01 00:00:00', 1),
(1725, 40, 4000.00, '2019-01-01 00:00:00', 1),
(1726, 45, 4000.00, '2019-01-01 00:00:00', 1),
(2041, 45, 4000.00, '2019-06-01 00:00:00', 1),
(2040, 87, 1000.00, '2019-06-01 00:00:00', 1),
(1729, 51, 2000.00, '2019-01-01 00:00:00', 1),
(1730, 52, 3000.00, '2019-01-01 00:00:00', 1),
(1731, 53, 10000.00, '2019-01-01 00:00:00', 1),
(1732, 54, 1000.00, '2019-01-01 00:00:00', 1),
(1733, 55, 700.00, '2019-01-01 00:00:00', 1),
(1734, 56, 750.00, '2019-01-01 00:00:00', 1),
(1735, 57, 900.00, '2019-01-01 00:00:00', 1),
(1736, 58, 5000.00, '2019-01-01 00:00:00', 1),
(1737, 59, 500.00, '2019-01-01 00:00:00', 1),
(2501, 123, 2222.00, '2020-03-01 00:00:00', 8),
(2465, 2, 600.00, '2020-03-01 00:00:00', 1),
(2430, 4, 3000.00, '2020-02-01 00:00:00', 1),
(2395, 6, 1400.00, '2020-01-01 00:00:00', 1),
(2360, 8, 250.00, '2019-12-01 00:00:00', 1),
(2500, 130, 1000.00, '2020-03-01 00:00:00', 1),
(1745, 74, 4000.00, '2019-01-01 00:00:00', 1),
(2256, 15, 2000.00, '2019-10-01 00:00:00', 1),
(2081, 5, 1000.00, '2019-07-01 00:00:00', 1),
(2240, 102, 20.00, '2019-09-01 00:00:00', 7),
(2039, 40, 4000.00, '2019-06-01 00:00:00', 1),
(2263, 27, 3000.00, '2019-10-01 00:00:00', 1),
(2037, 34, 6471.00, '2019-06-01 00:00:00', 1),
(2036, 33, 24154.00, '2019-06-01 00:00:00', 1),
(2034, 27, 3000.00, '2019-06-01 00:00:00', 1),
(2033, 26, 500.00, '2019-06-01 00:00:00', 1),
(1774, 1, 1500.00, '2019-02-01 00:00:00', 1),
(1775, 2, 600.00, '2019-02-01 00:00:00', 1),
(1776, 3, 600.00, '2019-02-01 00:00:00', 1),
(1777, 4, 1400.00, '2019-02-01 00:00:00', 1),
(1778, 5, 1000.00, '2019-02-01 00:00:00', 1),
(1779, 6, 1400.00, '2019-02-01 00:00:00', 1),
(1780, 7, 200.00, '2019-02-01 00:00:00', 1),
(1781, 8, 250.00, '2019-02-01 00:00:00', 1),
(1900, 1, 1500.00, '2019-04-01 00:00:00', 1),
(1783, 13, 3000.00, '2019-02-01 00:00:00', 1),
(1784, 14, 500.00, '2019-02-01 00:00:00', 1),
(1785, 15, 3000.00, '2019-02-01 00:00:00', 1),
(1786, 16, 1000.00, '2019-02-01 00:00:00', 1),
(1787, 17, 1000.00, '2019-02-01 00:00:00', 1),
(2111, 59, 500.00, '2019-07-01 00:00:00', 1),
(1789, 19, 3500.00, '2019-02-01 00:00:00', 1),
(2239, 101, 20.00, '2019-09-01 00:00:00', 7),
(2186, 5, 1000.00, '2019-09-01 00:00:00', 1),
(2238, 96, 50.00, '2019-09-01 00:00:00', 7),
(1793, 26, 500.00, '2019-02-01 00:00:00', 1),
(1794, 27, 1000.00, '2019-02-01 00:00:00', 1),
(2185, 4, 1400.00, '2019-09-01 00:00:00', 1),
(1797, 33, 24154.00, '2019-02-01 00:00:00', 1),
(1798, 34, 6471.00, '2019-02-01 00:00:00', 1),
(2030, 19, 3500.00, '2019-06-01 00:00:00', 1),
(2110, 58, 5000.00, '2019-07-01 00:00:00', 1),
(2262, 26, 500.00, '2019-10-01 00:00:00', 1),
(1802, 40, 4000.00, '2019-02-01 00:00:00', 1),
(1803, 87, 1000.00, '2019-02-01 00:00:00', 1),
(1804, 45, 4000.00, '2019-02-01 00:00:00', 1),
(2028, 17, 1000.00, '2019-06-01 00:00:00', 1),
(2027, 16, 1000.00, '2019-06-01 00:00:00', 1),
(1807, 51, 1000.00, '2019-02-01 00:00:00', 1),
(1808, 52, 3000.00, '2019-02-01 00:00:00', 1),
(1809, 53, 10000.00, '2019-02-01 00:00:00', 1),
(1810, 54, 1000.00, '2019-02-01 00:00:00', 1),
(1811, 55, 600.00, '2019-02-01 00:00:00', 1),
(1812, 56, 700.00, '2019-02-01 00:00:00', 1),
(1813, 57, 900.00, '2019-02-01 00:00:00', 1),
(1814, 58, 5000.00, '2019-02-01 00:00:00', 1),
(1815, 59, 500.00, '2019-02-01 00:00:00', 1),
(2255, 14, 500.00, '2019-10-01 00:00:00', 1),
(2499, 125, 600.00, '2020-03-01 00:00:00', 1),
(2464, 1, 1500.00, '2020-03-01 00:00:00', 1),
(2429, 3, 3000.00, '2020-02-01 00:00:00', 1),
(2394, 5, 1000.00, '2020-01-01 00:00:00', 1),
(2359, 7, 200.00, '2019-12-01 00:00:00', 1),
(2109, 57, 900.00, '2019-07-01 00:00:00', 1),
(1825, 74, 4000.00, '2019-02-01 00:00:00', 1),
(2108, 56, 700.00, '2019-07-01 00:00:00', 1),
(2080, 4, 1400.00, '2019-07-01 00:00:00', 1),
(2107, 55, 1000.00, '2019-07-01 00:00:00', 1),
(2184, 3, 3000.00, '2019-09-01 00:00:00', 1),
(2026, 15, 10950.00, '2019-06-01 00:00:00', 1),
(2025, 14, 500.00, '2019-06-01 00:00:00', 1),
(1832, 94, 110.00, '2019-02-01 00:00:00', 7),
(1833, 95, 40.00, '2019-02-01 00:00:00', 7),
(1834, 96, 50.00, '2019-02-01 00:00:00', 7),
(1835, 90, 100.00, '2019-02-01 00:00:00', 4),
(1836, 97, 400.00, '2019-02-01 00:00:00', 4),
(1837, 98, 500.00, '2019-02-01 00:00:00', 4),
(1840, 101, 20.00, '2019-02-01 00:00:00', 7),
(1841, 102, 20.00, '2019-02-01 00:00:00', 7),
(1842, 1, 1500.00, '2019-03-01 00:00:00', 1),
(1843, 2, 600.00, '2019-03-01 00:00:00', 1),
(1844, 3, 600.00, '2019-03-01 00:00:00', 1),
(1845, 4, 1400.00, '2019-03-01 00:00:00', 1),
(1846, 5, 1000.00, '2019-03-01 00:00:00', 1),
(1847, 6, 1400.00, '2019-03-01 00:00:00', 1),
(1848, 7, 200.00, '2019-03-01 00:00:00', 1),
(1849, 8, 250.00, '2019-03-01 00:00:00', 1),
(1850, 13, 3000.00, '2019-03-01 00:00:00', 1),
(1851, 14, 500.00, '2019-03-01 00:00:00', 1),
(1852, 15, 3000.00, '2019-03-01 00:00:00', 1),
(1853, 16, 1000.00, '2019-03-01 00:00:00', 1),
(1854, 17, 1000.00, '2019-03-01 00:00:00', 1),
(2106, 54, 1000.00, '2019-07-01 00:00:00', 1),
(1856, 19, 3500.00, '2019-03-01 00:00:00', 1),
(2024, 13, 3000.00, '2019-06-01 00:00:00', 1),
(2183, 2, 600.00, '2019-09-01 00:00:00', 1),
(2237, 95, 40.00, '2019-09-01 00:00:00', 7),
(1860, 26, 500.00, '2019-03-01 00:00:00', 1),
(1861, 27, 1000.00, '2019-03-01 00:00:00', 1),
(1863, 33, 24154.00, '2019-03-01 00:00:00', 1),
(1864, 34, 6471.00, '2019-03-01 00:00:00', 1),
(2023, 8, 250.00, '2019-06-01 00:00:00', 1),
(1867, 40, 4000.00, '2019-03-01 00:00:00', 1),
(1868, 87, 1000.00, '2019-03-01 00:00:00', 1),
(1869, 45, 4000.00, '2019-03-01 00:00:00', 1),
(2022, 7, 200.00, '2019-06-01 00:00:00', 1),
(2021, 6, 1400.00, '2019-06-01 00:00:00', 1),
(1872, 51, 1000.00, '2019-03-01 00:00:00', 1),
(1873, 52, 3000.00, '2019-03-01 00:00:00', 1),
(1874, 53, 10000.00, '2019-03-01 00:00:00', 1),
(1875, 54, 1000.00, '2019-03-01 00:00:00', 1),
(1876, 55, 600.00, '2019-03-01 00:00:00', 1),
(1877, 56, 700.00, '2019-03-01 00:00:00', 1),
(1878, 57, 900.00, '2019-03-01 00:00:00', 1),
(1879, 58, 5000.00, '2019-03-01 00:00:00', 1),
(1880, 59, 500.00, '2019-03-01 00:00:00', 1),
(2254, 13, 3000.00, '2019-10-01 00:00:00', 1),
(2498, 118, 500.00, '2020-03-01 00:00:00', 1),
(2463, 130, 1000.00, '2020-02-01 00:00:00', 1),
(2428, 2, 600.00, '2020-02-01 00:00:00', 1),
(2393, 4, 1400.00, '2020-01-01 00:00:00', 1),
(2358, 6, 1400.00, '2019-12-01 00:00:00', 1),
(2105, 53, 10000.00, '2019-07-01 00:00:00', 1),
(1890, 74, 4000.00, '2019-03-01 00:00:00', 1),
(2104, 52, 3000.00, '2019-07-01 00:00:00', 1),
(2079, 3, 3000.00, '2019-07-01 00:00:00', 1),
(2103, 51, 1000.00, '2019-07-01 00:00:00', 1),
(2090, 19, 3500.00, '2019-07-01 00:00:00', 1),
(2020, 5, 1000.00, '2019-06-01 00:00:00', 1),
(2019, 4, 1400.00, '2019-06-01 00:00:00', 1),
(2310, 17, 1000.00, '2019-11-01 00:00:00', 1),
(1901, 2, 600.00, '2019-04-01 00:00:00', 1),
(1902, 3, 2000.00, '2019-04-01 00:00:00', 1),
(1903, 4, 1400.00, '2019-04-01 00:00:00', 1),
(1904, 5, 1000.00, '2019-04-01 00:00:00', 1),
(1905, 6, 1400.00, '2019-04-01 00:00:00', 1),
(1906, 7, 200.00, '2019-04-01 00:00:00', 1),
(1907, 8, 250.00, '2019-04-01 00:00:00', 1),
(1908, 13, 3000.00, '2019-04-01 00:00:00', 1),
(1909, 14, 500.00, '2019-04-01 00:00:00', 1),
(1910, 15, 5000.00, '2019-04-01 00:00:00', 1),
(1911, 16, 1000.00, '2019-04-01 00:00:00', 1),
(1912, 17, 1000.00, '2019-04-01 00:00:00', 1),
(1914, 19, 3500.00, '2019-04-01 00:00:00', 1),
(2182, 1, 1500.00, '2019-09-01 00:00:00', 1),
(2236, 94, 110.00, '2019-09-01 00:00:00', 7),
(1917, 26, 500.00, '2019-04-01 00:00:00', 1),
(1918, 27, 1000.00, '2019-04-01 00:00:00', 1),
(1920, 33, 24154.00, '2019-04-01 00:00:00', 1),
(1921, 34, 6471.00, '2019-04-01 00:00:00', 1),
(2018, 3, 3000.00, '2019-06-01 00:00:00', 1),
(2535, 111, 1000.00, '2020-04-01 00:00:00', 1),
(1924, 40, 4000.00, '2019-04-01 00:00:00', 1),
(1925, 87, 1000.00, '2019-04-01 00:00:00', 1),
(1926, 45, 4000.00, '2019-04-01 00:00:00', 1),
(2017, 2, 600.00, '2019-06-01 00:00:00', 1),
(2016, 1, 1500.00, '2019-06-01 00:00:00', 1),
(1929, 51, 1000.00, '2019-04-01 00:00:00', 1),
(1930, 52, 3000.00, '2019-04-01 00:00:00', 1),
(1931, 53, 10000.00, '2019-04-01 00:00:00', 1),
(1932, 54, 1000.00, '2019-04-01 00:00:00', 1),
(1933, 55, 1000.00, '2019-04-01 00:00:00', 1),
(1934, 56, 700.00, '2019-04-01 00:00:00', 1),
(1935, 57, 900.00, '2019-04-01 00:00:00', 1),
(1936, 58, 5000.00, '2019-04-01 00:00:00', 1),
(1937, 59, 500.00, '2019-04-01 00:00:00', 1),
(2253, 8, 250.00, '2019-10-01 00:00:00', 1),
(2497, 116, 11805.00, '2020-03-01 00:00:00', 1),
(2462, 125, 600.00, '2020-02-01 00:00:00', 1),
(2427, 1, 1500.00, '2020-02-01 00:00:00', 1),
(2392, 3, 3000.00, '2020-01-01 00:00:00', 1),
(2357, 5, 1000.00, '2019-12-01 00:00:00', 1),
(2101, 45, 4000.00, '2019-07-01 00:00:00', 1),
(1947, 74, 4000.00, '2019-04-01 00:00:00', 1),
(2100, 87, 1000.00, '2019-07-01 00:00:00', 1),
(2078, 2, 600.00, '2019-07-01 00:00:00', 1),
(2099, 40, 4000.00, '2019-07-01 00:00:00', 1),
(2089, 17, 1000.00, '2019-07-01 00:00:00', 1);
INSERT INTO `ec_deposit` (`ID`, `DEPO_ITEM_ID`, `DEPO_AMT`, `DEPO_DATE`, `USER_ID`) VALUES
(2075, 111, 500.00, '2019-06-01 00:00:00', 1),
(2309, 16, 3000.00, '2019-11-01 00:00:00', 1),
(2302, 5, 1000.00, '2019-11-01 00:00:00', 1),
(2249, 4, 1400.00, '2019-10-01 00:00:00', 1),
(1958, 1, 1500.00, '2019-05-01 00:00:00', 1),
(1959, 2, 600.00, '2019-05-01 00:00:00', 1),
(1960, 3, 2000.00, '2019-05-01 00:00:00', 1),
(1961, 4, 1400.00, '2019-05-01 00:00:00', 1),
(1962, 5, 1000.00, '2019-05-01 00:00:00', 1),
(1963, 6, 1400.00, '2019-05-01 00:00:00', 1),
(1964, 7, 200.00, '2019-05-01 00:00:00', 1),
(1965, 8, 250.00, '2019-05-01 00:00:00', 1),
(1966, 13, 3000.00, '2019-05-01 00:00:00', 1),
(1967, 14, 500.00, '2019-05-01 00:00:00', 1),
(1968, 15, 5000.00, '2019-05-01 00:00:00', 1),
(1969, 16, 1000.00, '2019-05-01 00:00:00', 1),
(1970, 17, 1000.00, '2019-05-01 00:00:00', 1),
(2259, 19, 3000.00, '2019-10-01 00:00:00', 1),
(1972, 19, 3500.00, '2019-05-01 00:00:00', 1),
(2181, 116, 11805.00, '2019-08-01 00:00:00', 1),
(2539, 130, 1000.00, '2020-04-01 00:00:00', 1),
(1975, 26, 500.00, '2019-05-01 00:00:00', 1),
(1976, 27, 3000.00, '2019-05-01 00:00:00', 1),
(1978, 33, 24154.00, '2019-05-01 00:00:00', 1),
(1979, 34, 6471.00, '2019-05-01 00:00:00', 1),
(2233, 118, 500.00, '2019-09-01 00:00:00', 1),
(1981, 40, 4000.00, '2019-05-01 00:00:00', 1),
(1982, 87, 1000.00, '2019-05-01 00:00:00', 1),
(1983, 45, 4000.00, '2019-05-01 00:00:00', 1),
(1986, 51, 1000.00, '2019-05-01 00:00:00', 1),
(1987, 52, 3000.00, '2019-05-01 00:00:00', 1),
(1988, 53, 10000.00, '2019-05-01 00:00:00', 1),
(1989, 54, 1000.00, '2019-05-01 00:00:00', 1),
(1990, 55, 1000.00, '2019-05-01 00:00:00', 1),
(1991, 56, 700.00, '2019-05-01 00:00:00', 1),
(1992, 57, 900.00, '2019-05-01 00:00:00', 1),
(1993, 58, 5000.00, '2019-05-01 00:00:00', 1),
(1994, 59, 500.00, '2019-05-01 00:00:00', 1),
(2252, 7, 200.00, '2019-10-01 00:00:00', 1),
(2496, 111, 1000.00, '2020-03-01 00:00:00', 1),
(2461, 118, 500.00, '2020-02-01 00:00:00', 1),
(2426, 130, 1000.00, '2020-01-01 00:00:00', 1),
(2391, 2, 600.00, '2020-01-01 00:00:00', 1),
(2356, 4, 1400.00, '2019-12-01 00:00:00', 1),
(2097, 34, 6471.00, '2019-07-01 00:00:00', 1),
(2004, 74, 4000.00, '2019-05-01 00:00:00', 1),
(2096, 33, 24154.00, '2019-07-01 00:00:00', 1),
(2077, 1, 1500.00, '2019-07-01 00:00:00', 1),
(2308, 15, 4000.00, '2019-11-01 00:00:00', 1),
(2301, 4, 1400.00, '2019-11-01 00:00:00', 1),
(2248, 3, 3000.00, '2019-10-01 00:00:00', 1),
(2131, 1, 1500.00, '2019-08-01 00:00:00', 1),
(2132, 2, 600.00, '2019-08-01 00:00:00', 1),
(2133, 3, 3000.00, '2019-08-01 00:00:00', 1),
(2134, 4, 1400.00, '2019-08-01 00:00:00', 1),
(2135, 5, 1000.00, '2019-08-01 00:00:00', 1),
(2136, 6, 1400.00, '2019-08-01 00:00:00', 1),
(2137, 7, 200.00, '2019-08-01 00:00:00', 1),
(2138, 8, 250.00, '2019-08-01 00:00:00', 1),
(2139, 13, 3000.00, '2019-08-01 00:00:00', 1),
(2140, 14, 500.00, '2019-08-01 00:00:00', 1),
(2141, 15, 3000.00, '2019-08-01 00:00:00', 1),
(2142, 16, 1000.00, '2019-08-01 00:00:00', 1),
(2143, 17, 1000.00, '2019-08-01 00:00:00', 1),
(2144, 19, 3500.00, '2019-08-01 00:00:00', 1),
(2534, 131, 20000.00, '2020-04-01 00:00:00', 1),
(2147, 26, 500.00, '2019-08-01 00:00:00', 1),
(2148, 27, 3000.00, '2019-08-01 00:00:00', 1),
(2149, 33, 24154.00, '2019-08-01 00:00:00', 1),
(2150, 34, 6471.00, '2019-08-01 00:00:00', 1),
(2532, 59, 500.00, '2020-04-01 00:00:00', 1),
(2152, 40, 4000.00, '2019-08-01 00:00:00', 1),
(2153, 87, 1000.00, '2019-08-01 00:00:00', 1),
(2154, 45, 4000.00, '2019-08-01 00:00:00', 1),
(2156, 51, 1000.00, '2019-08-01 00:00:00', 1),
(2157, 52, 3000.00, '2019-08-01 00:00:00', 1),
(2158, 53, 10000.00, '2019-08-01 00:00:00', 1),
(2159, 54, 1000.00, '2019-08-01 00:00:00', 1),
(2160, 55, 1000.00, '2019-08-01 00:00:00', 1),
(2161, 56, 700.00, '2019-08-01 00:00:00', 1),
(2162, 57, 900.00, '2019-08-01 00:00:00', 1),
(2163, 58, 5000.00, '2019-08-01 00:00:00', 1),
(2164, 59, 500.00, '2019-08-01 00:00:00', 1),
(2245, 125, 600.00, '2019-09-01 00:00:00', 1),
(2495, 131, 20000.00, '2020-03-01 00:00:00', 1),
(2460, 116, 11805.00, '2020-02-01 00:00:00', 1),
(2425, 125, 600.00, '2020-01-01 00:00:00', 1),
(2390, 1, 1500.00, '2020-01-01 00:00:00', 1),
(2355, 3, 3000.00, '2019-12-01 00:00:00', 1),
(2172, 74, 3000.00, '2019-08-01 00:00:00', 1),
(2307, 14, 500.00, '2019-11-01 00:00:00', 1),
(2300, 3, 3000.00, '2019-11-01 00:00:00', 1),
(2178, 111, 500.00, '2019-08-01 00:00:00', 1),
(2247, 2, 600.00, '2019-10-01 00:00:00', 1),
(2212, 56, 700.00, '2019-09-01 00:00:00', 1),
(2213, 57, 900.00, '2019-09-01 00:00:00', 1),
(2214, 58, 5000.00, '2019-09-01 00:00:00', 1),
(2215, 59, 500.00, '2019-09-01 00:00:00', 1),
(2243, 123, 2222.00, '2019-09-01 00:00:00', 8),
(2494, 74, 2000.00, '2020-03-01 00:00:00', 1),
(2459, 111, 1000.00, '2020-02-01 00:00:00', 1),
(2424, 118, 500.00, '2020-01-01 00:00:00', 1),
(2389, 130, 1000.00, '2019-12-01 00:00:00', 1),
(2354, 2, 600.00, '2019-12-01 00:00:00', 1),
(2223, 74, 3000.00, '2019-09-01 00:00:00', 1),
(2306, 13, 2000.00, '2019-11-01 00:00:00', 1),
(2299, 2, 600.00, '2019-11-01 00:00:00', 1),
(2229, 111, 500.00, '2019-09-01 00:00:00', 1),
(2246, 1, 1500.00, '2019-10-01 00:00:00', 1),
(2231, 116, 11805.00, '2019-09-01 00:00:00', 1),
(2305, 8, 250.00, '2019-11-01 00:00:00', 1),
(2298, 1, 1500.00, '2019-11-01 00:00:00', 1),
(2293, 111, 500.00, '2019-10-01 00:00:00', 1),
(2294, 116, 11805.00, '2019-10-01 00:00:00', 1),
(2295, 118, 500.00, '2019-10-01 00:00:00', 1),
(2296, 125, 600.00, '2019-10-01 00:00:00', 1),
(2530, 57, 900.00, '2020-04-01 00:00:00', 1),
(2538, 125, 600.00, '2020-04-01 00:00:00', 1),
(2314, 26, 500.00, '2019-11-01 00:00:00', 1),
(2315, 27, 2000.00, '2019-11-01 00:00:00', 1),
(2316, 33, 24154.00, '2019-11-01 00:00:00', 1),
(2317, 34, 6471.00, '2019-11-01 00:00:00', 1),
(2531, 58, 4000.00, '2020-04-01 00:00:00', 1),
(2319, 40, 4000.00, '2019-11-01 00:00:00', 1),
(2320, 87, 1000.00, '2019-11-01 00:00:00', 1),
(2321, 45, 4000.00, '2019-11-01 00:00:00', 1),
(2323, 51, 1000.00, '2019-11-01 00:00:00', 1),
(2324, 52, 3000.00, '2019-11-01 00:00:00', 1),
(2325, 53, 9000.00, '2019-11-01 00:00:00', 1),
(2326, 54, 1000.00, '2019-11-01 00:00:00', 1),
(2327, 55, 1000.00, '2019-11-01 00:00:00', 1),
(2328, 56, 700.00, '2019-11-01 00:00:00', 1),
(2329, 57, 900.00, '2019-11-01 00:00:00', 1),
(2330, 58, 4000.00, '2019-11-01 00:00:00', 1),
(2331, 59, 500.00, '2019-11-01 00:00:00', 1),
(2493, 59, 500.00, '2020-03-01 00:00:00', 1),
(2458, 131, 20000.00, '2020-02-01 00:00:00', 1),
(2423, 116, 11805.00, '2020-01-01 00:00:00', 1),
(2388, 125, 600.00, '2019-12-01 00:00:00', 1),
(2353, 1, 1500.00, '2019-12-01 00:00:00', 1),
(2339, 74, 2000.00, '2019-11-01 00:00:00', 1),
(2343, 111, 1000.00, '2019-11-01 00:00:00', 1),
(2529, 56, 700.00, '2020-04-01 00:00:00', 1),
(2345, 116, 11805.00, '2019-11-01 00:00:00', 1),
(2346, 118, 500.00, '2019-11-01 00:00:00', 1),
(2347, 125, 600.00, '2019-11-01 00:00:00', 1),
(2528, 55, 1000.00, '2020-04-01 00:00:00', 1),
(2352, 131, 20000.00, '2019-11-01 00:00:00', 1),
(2351, 130, 2000.00, '2019-11-01 00:00:00', 1);

-- --------------------------------------------------------

--
-- Table structure for table `ec_expenditure`
--

CREATE TABLE IF NOT EXISTS `ec_expenditure` (
  `ID` int(11) NOT NULL AUTO_INCREMENT,
  `EXP_ITEM_ID` int(11) NOT NULL,
  `EXP_AMT` float(10,2) NOT NULL,
  `EXP_DATE` datetime DEFAULT NULL,
  `EXP_SLOT` tinyint(4) NOT NULL DEFAULT '1',
  `USER_ID` int(11) NOT NULL,
  PRIMARY KEY (`ID`),
  KEY `EXP_DATE` (`EXP_DATE`),
  KEY `EXP_ITEM_ID` (`EXP_ITEM_ID`),
  KEY `USER_ID` (`USER_ID`),
  KEY `EXP_AMT` (`EXP_AMT`),
  KEY `EXP_SLOT` (`EXP_SLOT`)
) ENGINE=MyISAM  DEFAULT CHARSET=latin1 AUTO_INCREMENT=2836 ;

--
-- Dumping data for table `ec_expenditure`
--

INSERT INTO `ec_expenditure` (`ID`, `EXP_ITEM_ID`, `EXP_AMT`, `EXP_DATE`, `EXP_SLOT`, `USER_ID`) VALUES
(1, 1, 1150.00, '2017-01-10 00:00:00', 3, 1),
(2, 2, 500.00, '2017-01-10 00:00:00', 2, 1),
(3, 3, 600.00, '2017-01-10 00:00:00', 3, 1),
(4, 4, 1200.00, '2017-01-10 00:00:00', 3, 1),
(5, 5, 500.00, '2017-01-10 00:00:00', 3, 1),
(6, 6, 1200.00, '2017-01-10 00:00:00', 1, 1),
(7, 7, 100.00, '2017-01-10 00:00:00', 3, 1),
(8, 8, 200.00, '2017-01-10 00:00:00', 2, 1),
(9, 8, 50.00, '2017-01-10 00:00:00', 3, 1),
(11, 13, 1000.00, '2017-01-10 00:00:00', 2, 1),
(12, 13, 500.00, '2017-01-10 00:00:00', 3, 1),
(13, 13, 400.00, '2017-01-10 00:00:00', 4, 1),
(14, 13, 100.00, '2017-01-10 00:00:00', 5, 1),
(15, 14, 500.00, '2017-01-10 00:00:00', 2, 1),
(16, 15, 500.00, '2017-01-10 00:00:00', 3, 1),
(17, 15, 500.00, '2017-01-10 00:00:00', 4, 1),
(18, 16, 500.00, '2017-01-10 00:00:00', 2, 1),
(19, 16, 500.00, '2017-01-10 00:00:00', 4, 1),
(20, 17, 500.00, '2017-01-10 00:00:00', 3, 1),
(21, 17, 500.00, '2017-01-10 00:00:00', 4, 1),
(25, 19, 500.00, '2017-01-10 00:00:00', 2, 1),
(26, 19, 500.00, '2017-01-10 00:00:00', 3, 1),
(27, 19, 500.00, '2017-01-10 00:00:00', 4, 1),
(28, 19, 500.00, '2017-01-10 00:00:00', 5, 1),
(32, 26, 500.00, '2017-01-10 00:00:00', 2, 1),
(33, 27, 800.00, '2017-01-10 00:00:00', 1, 1),
(36, 33, 24154.00, '2017-01-10 00:00:00', 3, 1),
(37, 34, 6471.00, '2017-01-10 00:00:00', 3, 1),
(40, 40, 4000.00, '2017-01-10 00:00:00', 2, 1),
(41, 45, 3000.00, '2017-01-10 00:00:00', 2, 1),
(44, 52, 5977.00, '2017-01-10 00:00:00', 2, 1),
(45, 59, 600.00, '2017-01-10 00:00:00', 2, 1),
(48, 1, 0.00, '2017-02-01 01:12:13', 1, 1),
(49, 1, 1150.00, '2017-02-01 01:12:13', 2, 1),
(50, 2, 500.00, '2017-02-10 00:00:00', 2, 1),
(51, 3, 600.00, '2017-02-10 00:00:00', 2, 1),
(52, 4, 1200.00, '2017-02-10 00:00:00', 2, 1),
(53, 5, 500.00, '2017-02-10 00:00:00', 2, 1),
(54, 6, 1200.00, '2017-02-10 00:00:00', 2, 1),
(55, 7, 100.00, '2017-02-10 00:00:00', 2, 1),
(56, 8, 50.00, '2017-02-10 00:00:00', 2, 1),
(57, 8, 200.00, '2017-02-10 00:00:00', 4, 1),
(59, 13, 1500.00, '2017-02-10 00:00:00', 2, 1),
(60, 13, 500.00, '2017-02-10 00:00:00', 5, 1),
(61, 14, 500.00, '2017-02-10 00:00:00', 5, 1),
(62, 15, 1000.00, '2017-02-10 00:00:00', 2, 1),
(63, 16, 500.00, '2017-02-10 00:00:00', 2, 1),
(64, 16, 500.00, '2017-02-10 00:00:00', 5, 1),
(65, 17, 500.00, '2017-02-10 00:00:00', 2, 1),
(66, 17, 500.00, '2017-02-10 00:00:00', 5, 1),
(71, 19, 1000.00, '2017-02-01 08:55:24', 2, 1),
(72, 19, 500.00, '2017-02-01 08:55:24', 4, 1),
(73, 19, 500.00, '2017-02-01 08:55:24', 5, 1),
(2461, 45, 4000.00, '2019-09-01 08:18:05', 1, 1),
(77, 26, 500.00, '2017-02-10 00:00:00', 2, 1),
(78, 27, 800.00, '2017-02-10 00:00:00', 2, 1),
(81, 33, 24154.00, '2017-02-01 08:29:07', 2, 1),
(82, 34, 6471.00, '2017-02-10 00:00:00', 2, 1),
(85, 40, 4000.00, '2017-02-01 11:24:52', 1, 1),
(86, 45, 3000.00, '2017-02-10 00:00:00', 1, 1),
(89, 58, 3750.00, '2017-02-10 00:00:00', 2, 1),
(92, 1, 1150.00, '2017-03-10 00:00:00', 3, 1),
(93, 2, 500.00, '2017-03-10 00:00:00', 2, 1),
(94, 3, 600.00, '2017-03-10 00:00:00', 2, 1),
(95, 4, 1200.00, '2017-03-10 00:00:00', 3, 1),
(96, 5, 500.00, '2017-03-10 00:00:00', 2, 1),
(97, 6, 1200.00, '2017-03-10 00:00:00', 2, 1),
(98, 7, 100.00, '2017-03-10 00:00:00', 2, 1),
(99, 8, 250.00, '2017-03-10 00:00:00', 2, 1),
(101, 13, 500.00, '2017-03-10 00:00:00', 1, 1),
(102, 13, 500.00, '2017-03-10 00:00:00', 2, 1),
(103, 13, 500.00, '2017-03-10 00:00:00', 3, 1),
(104, 13, 500.00, '2017-03-10 00:00:00', 4, 1),
(105, 14, 500.00, '2017-03-10 00:00:00', 3, 1),
(106, 15, 1000.00, '2017-03-10 00:00:00', 3, 1),
(107, 16, 200.00, '2017-03-10 00:00:00', 1, 1),
(108, 16, 200.00, '2017-03-10 00:00:00', 2, 1),
(109, 16, 200.00, '2017-03-10 00:00:00', 3, 1),
(110, 16, 400.00, '2017-03-10 00:00:00', 4, 1),
(111, 17, 200.00, '2017-03-10 00:00:00', 1, 1),
(112, 17, 200.00, '2017-03-10 00:00:00', 2, 1),
(113, 17, 200.00, '2017-03-10 00:00:00', 3, 1),
(114, 17, 400.00, '2017-03-10 00:00:00', 4, 1),
(119, 19, 500.00, '2017-03-10 00:00:00', 2, 1),
(120, 19, 500.00, '2017-03-10 00:00:00', 3, 1),
(121, 19, 500.00, '2017-03-10 00:00:00', 4, 1),
(122, 19, 500.00, '2017-03-10 00:00:00', 5, 1),
(125, 26, 500.00, '2017-03-10 00:00:00', 2, 1),
(126, 27, 800.00, '2017-03-10 00:00:00', 2, 1),
(128, 33, 24154.00, '2017-03-10 00:00:00', 2, 1),
(129, 34, 6471.00, '2017-03-10 00:00:00', 2, 1),
(132, 40, 4000.00, '2017-03-10 00:00:00', 2, 1),
(133, 45, 3000.00, '2017-03-10 00:00:00', 2, 1),
(135, 58, 0.00, '2017-03-01 12:32:45', 2, 1),
(137, 1, 1150.00, '2017-04-10 00:00:00', 2, 1),
(138, 2, 500.00, '2017-04-10 00:00:00', 2, 1),
(139, 3, 600.00, '2017-04-10 00:00:00', 2, 1),
(140, 4, 1200.00, '2017-04-10 00:00:00', 2, 1),
(141, 6, 1200.00, '2017-04-10 00:00:00', 2, 1),
(142, 7, 100.00, '2017-04-10 00:00:00', 1, 1),
(143, 8, 100.00, '2017-04-10 00:00:00', 2, 1),
(145, 13, 1000.00, '2017-04-01 11:22:06', 1, 1),
(146, 14, 500.00, '2017-04-10 00:00:00', 1, 1),
(147, 15, 500.00, '2017-04-10 00:00:00', 1, 1),
(148, 16, 500.00, '2017-04-10 00:00:00', 1, 1),
(149, 17, 500.00, '2017-04-10 00:00:00', 1, 1),
(151, 19, 1000.00, '2017-04-10 00:00:00', 1, 1),
(154, 26, 500.00, '2017-04-10 00:00:00', 1, 1),
(156, 33, 24154.00, '2017-04-10 00:00:00', 2, 1),
(157, 34, 6471.00, '2017-04-10 00:00:00', 2, 1),
(159, 40, 4000.00, '2017-04-10 00:00:00', 2, 1),
(160, 45, 3000.00, '2017-04-10 00:00:00', 2, 1),
(162, 52, 7200.00, '2017-04-10 00:00:00', 2, 1),
(166, 13, 0.00, '2017-04-01 11:22:06', 3, 1),
(165, 40, 0.00, '2017-02-01 11:24:52', 3, 1),
(167, 13, 0.00, '2017-04-01 11:22:06', 5, 1),
(169, 5, 0.00, '2017-04-01 00:00:00', 1, 1),
(2460, 87, 1000.00, '2019-09-01 07:19:35', 1, 1),
(177, 27, 0.00, '2017-04-01 00:00:00', 1, 1),
(2723, 27, 2000.00, '2020-02-01 07:30:39', 1, 1),
(194, 51, 5500.00, '2017-04-01 03:41:25', 1, 1),
(195, 53, 0.00, '2017-04-01 00:00:00', 1, 1),
(196, 54, 0.00, '2017-04-01 00:00:00', 1, 1),
(197, 55, 0.00, '2017-04-01 00:00:00', 1, 1),
(198, 56, 0.00, '2017-04-01 00:00:00', 1, 1),
(199, 57, 0.00, '2017-04-01 00:00:00', 1, 1),
(200, 58, 0.00, '2017-04-01 00:00:00', 1, 1),
(201, 59, 0.00, '2017-04-01 00:00:00', 1, 1),
(2459, 40, 4000.00, '2019-09-01 06:43:27', 1, 1),
(2758, 14, 500.00, '2020-03-01 07:42:59', 1, 1),
(230, 51, 0.00, '2017-03-01 00:00:00', 1, 1),
(231, 52, 0.00, '2017-03-01 00:00:00', 1, 1),
(232, 53, 0.00, '2017-03-01 00:00:00', 1, 1),
(233, 54, 0.00, '2017-03-01 00:00:00', 1, 1),
(234, 55, 0.00, '2017-03-01 00:00:00', 1, 1),
(235, 56, 0.00, '2017-03-01 00:00:00', 1, 1),
(236, 57, 0.00, '2017-03-01 00:00:00', 1, 1),
(237, 59, 0.00, '2017-03-01 00:00:00', 1, 1),
(2796, 19, 500.00, '2020-03-01 09:30:22', 3, 1),
(262, 51, 0.00, '2017-02-01 00:00:00', 1, 1),
(263, 52, 0.00, '2017-02-01 00:00:00', 1, 1),
(264, 53, 0.00, '2017-02-01 00:00:00', 1, 1),
(265, 54, 0.00, '2017-02-01 00:00:00', 1, 1),
(266, 55, 0.00, '2017-02-01 00:00:00', 1, 1),
(267, 56, 0.00, '2017-02-01 00:00:00', 1, 1),
(268, 57, 0.00, '2017-02-01 00:00:00', 1, 1),
(269, 59, 0.00, '2017-02-01 00:00:00', 1, 1),
(2812, 26, 0.00, '2020-04-01 00:00:00', 1, 1),
(293, 51, 0.00, '2017-01-01 00:00:00', 1, 1),
(294, 53, 0.00, '2017-01-01 00:00:00', 1, 1),
(295, 54, 0.00, '2017-01-01 00:00:00', 1, 1),
(296, 55, 0.00, '2017-01-01 00:00:00', 1, 1),
(297, 56, 0.00, '2017-01-01 00:00:00', 1, 1),
(298, 57, 0.00, '2017-01-01 00:00:00', 1, 1),
(299, 58, 0.00, '2017-01-01 00:00:00', 1, 1),
(305, 6, 0.00, '2017-04-01 11:33:45', 1, 1),
(306, 5, 500.00, '2017-04-10 00:00:00', 3, 1),
(307, 8, 150.00, '2017-04-10 00:00:00', 3, 1),
(308, 13, 1000.00, '2017-04-01 11:22:06', 2, 1),
(309, 15, 500.00, '2017-04-10 00:00:00', 2, 1),
(310, 16, 500.00, '2017-04-10 00:00:00', 2, 1),
(311, 17, 500.00, '2017-04-10 00:00:00', 2, 1),
(313, 19, 1000.00, '2017-04-10 00:00:00', 2, 1),
(314, 27, 800.00, '2017-04-10 00:00:00', 2, 1),
(318, 1, 1150.00, '2017-05-01 10:39:21', 1, 1),
(319, 2, 500.00, '2017-05-01 07:55:35', 1, 1),
(320, 3, 600.00, '2017-05-01 10:39:45', 1, 1),
(321, 4, 400.00, '2017-05-01 12:16:36', 1, 1),
(322, 5, 500.00, '2017-05-01 08:36:48', 1, 1),
(323, 6, 1200.00, '2017-05-01 08:36:29', 1, 1),
(324, 7, 100.00, '2017-05-01 10:39:32', 1, 1),
(325, 8, 100.00, '2017-05-01 10:38:52', 1, 1),
(330, 13, 1000.00, '2017-05-01 10:40:28', 1, 1),
(331, 14, 500.00, '2017-05-01 10:03:45', 1, 1),
(332, 15, 1000.00, '2017-05-01 08:39:36', 1, 1),
(333, 16, 500.00, '2017-05-01 10:40:07', 1, 1),
(334, 17, 500.00, '2017-05-01 10:40:15', 1, 1),
(336, 19, 1300.00, '2017-05-01 10:39:55', 1, 1),
(343, 26, 460.00, '2017-05-01 10:17:21', 1, 1),
(344, 27, 1410.00, '2017-05-01 01:40:39', 1, 1),
(350, 33, 24154.00, '2017-05-01 07:53:46', 1, 1),
(351, 34, 6471.00, '2017-05-01 07:54:15', 1, 1),
(2540, 59, 0.00, '2019-10-01 00:00:00', 1, 1),
(357, 40, 4000.00, '2017-05-01 10:04:19', 1, 1),
(362, 45, 3000.00, '2017-05-01 12:43:11', 1, 1),
(368, 51, 0.00, '2017-05-01 00:00:00', 1, 1),
(369, 52, 0.00, '2017-05-01 00:00:00', 1, 1),
(370, 53, 30000.00, '2017-05-01 08:12:33', 1, 1),
(371, 54, 0.00, '2017-05-01 00:00:00', 1, 1),
(372, 55, 6850.00, '2017-05-01 09:59:21', 1, 1),
(373, 56, 8160.00, '2017-05-01 12:42:10', 1, 1),
(374, 57, 4830.00, '2017-05-01 12:42:39', 1, 1),
(375, 58, 0.00, '2017-05-01 00:00:00', 1, 1),
(376, 59, 0.00, '2017-05-01 00:00:00', 1, 1),
(384, 66, 200.00, '2017-05-01 12:19:42', 1, 2),
(385, 67, 100.00, '2017-05-01 12:19:52', 1, 2),
(386, 66, 500.00, '2017-05-01 12:19:42', 2, 2),
(387, 67, 400.00, '2017-05-01 12:19:52', 2, 2),
(388, 13, 500.00, '2017-05-01 10:40:28', 2, 1),
(389, 8, 150.00, '2017-05-01 10:38:52', 2, 1),
(390, 4, 1475.00, '2017-05-01 12:16:36', 2, 1),
(391, 19, 700.00, '2017-05-01 10:39:55', 2, 1),
(392, 16, 500.00, '2017-05-01 10:40:07', 2, 1),
(393, 17, 500.00, '2017-05-01 10:40:15', 2, 1),
(394, 13, 500.00, '2017-05-01 10:40:28', 3, 1),
(395, 1, 3450.00, '2017-06-01 09:23:47', 1, 1),
(396, 2, 500.00, '2017-06-01 10:26:50', 1, 1),
(397, 3, 600.00, '2017-06-01 07:09:23', 1, 1),
(398, 4, 1200.00, '2017-06-01 07:08:24', 1, 1),
(399, 5, 500.00, '2017-06-01 07:08:47', 1, 1),
(400, 6, 1200.00, '2017-06-01 07:07:55', 1, 1),
(401, 7, 100.00, '2017-06-01 12:23:17', 1, 1),
(402, 8, 200.00, '2017-06-01 12:20:48', 1, 1),
(407, 13, 1000.00, '2017-06-01 08:41:39', 1, 1),
(408, 14, 500.00, '2017-06-01 08:48:30', 1, 1),
(409, 15, 0.00, '2017-06-01 07:19:30', 1, 1),
(410, 16, 700.00, '2017-06-01 08:41:26', 1, 1),
(411, 17, 1000.00, '2017-06-01 06:53:57', 1, 1),
(413, 19, 1000.00, '2017-06-01 10:27:08', 1, 1),
(2457, 34, 6471.00, '2019-09-01 10:46:51', 1, 1),
(420, 26, 460.00, '2017-06-01 12:50:02', 1, 1),
(421, 27, 370.00, '2017-06-01 12:49:17', 1, 1),
(427, 33, 24154.00, '2017-06-01 10:17:32', 1, 1),
(428, 34, 6471.00, '2017-06-01 10:18:13', 1, 1),
(2539, 58, 3500.00, '2019-10-01 09:34:34', 1, 1),
(434, 40, 4000.00, '2017-06-01 10:19:16', 1, 1),
(439, 45, 3000.00, '2017-06-01 12:49:43', 1, 1),
(445, 51, 0.00, '2017-06-01 00:00:00', 1, 1),
(446, 52, 0.00, '2017-06-01 00:00:00', 1, 1),
(447, 53, 6375.00, '2017-06-01 06:13:27', 1, 1),
(448, 54, 0.00, '2017-06-01 00:00:00', 1, 1),
(449, 55, 0.00, '2017-06-01 00:00:00', 1, 1),
(450, 56, 0.00, '2017-06-01 00:00:00', 1, 1),
(451, 57, 0.00, '2017-06-01 00:00:00', 1, 1),
(452, 58, 10000.00, '2017-06-01 12:09:20', 1, 1),
(453, 59, 0.00, '2017-06-01 00:00:00', 1, 1),
(460, 66, 0.00, '2017-06-01 00:00:00', 1, 2),
(461, 67, 0.00, '2017-06-01 00:00:00', 1, 2),
(462, 2, 0.00, '2017-06-01 10:26:50', 2, 1),
(463, 13, 500.00, '2017-06-01 08:41:39', 2, 1),
(464, 19, 500.00, '2017-06-01 10:27:08', 2, 1),
(465, 1, 0.00, '2017-07-01 08:59:45', 1, 1),
(466, 2, 1000.00, '2017-07-01 12:32:09', 1, 1),
(467, 3, 600.00, '2017-07-01 09:00:09', 1, 1),
(468, 4, 1200.00, '2017-07-01 08:43:13', 1, 1),
(469, 5, 500.00, '2017-07-01 10:38:49', 1, 1),
(470, 6, 1200.00, '2017-07-01 08:43:03', 1, 1),
(471, 7, 100.00, '2017-07-01 06:15:39', 1, 1),
(472, 8, 200.00, '2017-07-01 12:20:31', 1, 1),
(477, 13, 550.00, '2017-07-01 12:12:36', 1, 1),
(478, 14, 550.00, '2017-07-01 09:01:26', 1, 1),
(479, 15, 800.00, '2017-07-01 10:39:16', 1, 1),
(480, 16, 200.00, '2017-07-01 09:01:13', 1, 1),
(481, 17, 500.00, '2017-07-01 08:57:25', 1, 1),
(483, 19, 1000.00, '2017-07-01 10:29:11', 1, 1),
(2456, 33, 24154.00, '2019-09-01 10:46:51', 1, 1),
(490, 26, 466.00, '2017-07-01 08:38:25', 1, 1),
(491, 27, 1320.00, '2017-07-01 07:36:06', 1, 1),
(497, 33, 24154.00, '2017-07-01 09:01:30', 1, 1),
(498, 34, 6471.00, '2017-07-01 09:01:49', 1, 1),
(2538, 57, 0.00, '2019-10-01 00:00:00', 1, 1),
(504, 40, 4000.00, '2017-07-01 09:02:30', 1, 1),
(509, 45, 3000.00, '2017-07-01 08:46:35', 1, 1),
(515, 51, 0.00, '2017-07-01 00:00:00', 1, 1),
(516, 52, 6750.00, '2017-07-01 09:02:45', 1, 1),
(517, 53, 0.00, '2017-07-01 01:57:38', 1, 1),
(518, 54, 1600.00, '2017-07-01 09:03:46', 1, 1),
(519, 55, 0.00, '2017-07-01 00:00:00', 1, 1),
(520, 56, 0.00, '2017-07-01 00:00:00', 1, 1),
(521, 57, 0.00, '2017-07-01 00:00:00', 1, 1),
(522, 58, 0.00, '2017-07-01 00:00:00', 1, 1),
(523, 59, 580.00, '2017-07-01 07:39:03', 1, 1),
(530, 19, 500.00, '2017-06-01 10:27:08', 3, 1),
(531, 16, 300.00, '2017-06-01 08:41:26', 2, 1),
(532, 13, 500.00, '2017-06-01 08:41:39', 3, 1),
(534, 19, 0.00, '2017-06-01 10:27:08', 4, 1),
(535, 19, 500.00, '2017-07-01 10:29:11', 2, 1),
(536, 19, 500.00, '2017-07-01 10:29:11', 3, 1),
(537, 19, 0.00, '2017-07-01 10:29:11', 4, 1),
(538, 5, 0.00, '2017-07-01 10:38:49', 2, 1),
(539, 19, 0.00, '2017-07-01 10:29:11', 5, 1),
(540, 17, 500.00, '2017-07-01 08:57:25', 2, 1),
(541, 15, 0.00, '2017-07-01 10:39:16', 2, 1),
(543, 13, 780.00, '2017-07-01 12:12:36', 2, 1),
(545, 2, 0.00, '2017-07-01 12:32:09', 2, 1),
(546, 16, 400.00, '2017-07-01 09:01:13', 2, 1),
(2795, 8, 150.00, '2020-03-01 09:30:04', 2, 1),
(2757, 13, 1000.00, '2020-03-01 09:29:00', 1, 1),
(2722, 26, 500.00, '2020-02-01 07:34:10', 1, 1),
(2688, 56, 0.00, '2020-01-01 00:00:00', 1, 1),
(2653, 131, 20000.00, '2019-12-01 08:19:20', 1, 1),
(2794, 130, 800.00, '2020-03-01 09:29:50', 2, 1),
(2793, 17, 500.00, '2020-03-01 09:29:37', 2, 1),
(2792, 13, 500.00, '2020-03-01 09:29:00', 2, 1),
(2791, 58, 1000.00, '2020-03-01 09:28:42', 3, 1),
(2790, 16, 1500.00, '2020-03-01 09:28:11', 2, 1),
(2789, 58, 1000.00, '2020-03-01 09:28:42', 2, 1),
(2687, 55, 0.00, '2020-01-01 00:00:00', 1, 1),
(2652, 74, 0.00, '2019-12-01 00:00:00', 1, 1),
(2756, 8, 100.00, '2020-03-01 09:30:04', 1, 1),
(2721, 19, 4500.00, '2020-02-01 09:48:12', 1, 1),
(2720, 17, 1000.00, '2020-02-01 07:33:48', 1, 1),
(2755, 7, 200.00, '2020-03-01 06:20:39', 1, 1),
(2686, 54, 0.00, '2020-01-01 00:00:00', 1, 1),
(2651, 59, 0.00, '2019-12-01 00:00:00', 1, 1),
(2685, 53, 0.00, '2020-01-01 00:00:00', 1, 1),
(2650, 58, 4000.00, '2019-12-01 10:33:31', 1, 1),
(2754, 6, 1600.00, '2020-03-01 06:20:39', 1, 1),
(2719, 16, 1500.00, '2020-02-01 07:31:06', 1, 1),
(2684, 52, 7093.00, '2020-01-01 09:52:01', 1, 1),
(2649, 57, 12048.00, '2019-12-01 10:24:51', 1, 1),
(2753, 5, 1000.00, '2020-03-01 06:20:39', 1, 1),
(2718, 15, 4000.00, '2020-02-01 07:33:01', 1, 1),
(2683, 51, 0.00, '2020-01-01 00:00:00', 1, 1),
(2648, 56, 0.00, '2019-12-01 00:00:00', 1, 1),
(2752, 4, 3000.00, '2020-03-01 06:20:39', 1, 1),
(2717, 14, 500.00, '2020-02-01 07:30:39', 1, 1),
(2682, 45, 4000.00, '2020-01-01 06:41:37', 1, 1),
(2647, 55, 0.00, '2019-12-01 00:00:00', 1, 1),
(2751, 3, 0.00, '2020-03-01 00:00:00', 1, 1),
(2716, 13, 1500.00, '2020-02-01 09:49:15', 1, 1),
(582, 1, 0.00, '2017-08-01 00:00:00', 1, 1),
(583, 2, 500.00, '2017-08-01 11:05:21', 1, 1),
(584, 3, 600.00, '2017-08-01 12:31:33', 1, 1),
(585, 4, 1200.00, '2017-08-01 12:31:08', 1, 1),
(586, 5, 500.00, '2017-08-01 12:19:39', 1, 1),
(587, 6, 1200.00, '2017-08-01 12:30:50', 1, 1),
(588, 7, 100.00, '2017-08-01 12:19:34', 1, 1),
(589, 8, 250.00, '2017-08-01 12:19:30', 1, 1),
(594, 13, 600.00, '2017-08-01 06:22:09', 1, 1),
(595, 14, 500.00, '2017-08-01 06:22:19', 1, 1),
(596, 15, 1000.00, '2017-08-01 11:05:35', 1, 1),
(597, 16, 500.00, '2017-08-01 06:19:24', 1, 1),
(598, 17, 500.00, '2017-08-01 01:02:05', 1, 1),
(600, 19, 1000.00, '2017-08-01 06:19:12', 1, 1),
(2455, 27, 3000.00, '2019-09-01 02:32:33', 1, 1),
(607, 26, 500.00, '2017-08-01 06:21:19', 1, 1),
(608, 27, 1120.00, '2017-08-01 11:06:51', 1, 1),
(614, 33, 24154.00, '2017-08-01 02:22:55', 1, 1),
(615, 34, 6471.00, '2017-08-01 02:23:14', 1, 1),
(2537, 56, 0.00, '2019-10-01 00:00:00', 1, 1),
(621, 40, 4000.00, '2017-08-01 06:22:31', 1, 1),
(626, 45, 3000.00, '2017-08-01 02:28:54', 1, 1),
(632, 51, 0.00, '2017-08-01 00:00:00', 1, 1),
(633, 52, 0.00, '2017-08-01 00:00:00', 1, 1),
(634, 53, 0.00, '2017-08-01 00:00:00', 1, 1),
(635, 54, 0.00, '2017-08-01 00:00:00', 1, 1),
(636, 55, 0.00, '2017-08-01 00:00:00', 1, 1),
(637, 56, 0.00, '2017-08-01 00:00:00', 1, 1),
(638, 57, 0.00, '2017-08-01 00:00:00', 1, 1),
(639, 58, 2000.00, '2017-08-01 06:23:01', 1, 1),
(640, 59, 0.00, '2017-08-01 00:00:00', 1, 1),
(2788, 19, 2500.00, '2020-03-01 09:30:22', 2, 1),
(2750, 2, 0.00, '2020-03-01 00:00:00', 1, 1),
(2715, 8, 250.00, '2020-02-01 07:33:30', 1, 1),
(2681, 87, 1000.00, '2020-01-01 10:08:39', 1, 1),
(2646, 54, 0.00, '2019-12-01 00:00:00', 1, 1),
(2787, 122, 0.00, '2020-03-01 00:00:00', 1, 8),
(653, 1, 3450.00, '2017-09-01 09:52:47', 1, 1),
(654, 2, 500.00, '2017-09-01 09:52:59', 1, 1),
(655, 3, 600.00, '2017-09-01 06:29:55', 1, 1),
(656, 4, 1200.00, '2017-09-01 06:29:41', 1, 1),
(657, 5, 500.00, '2017-09-01 09:52:16', 1, 1),
(658, 6, 1200.00, '2017-09-01 06:29:29', 1, 1),
(659, 7, 100.00, '2017-09-01 12:22:34', 1, 1),
(660, 8, 250.00, '2017-09-01 09:52:07', 1, 1),
(665, 13, 2000.00, '2017-09-01 09:54:53', 1, 1),
(666, 14, 500.00, '2017-09-01 09:54:40', 1, 1),
(667, 15, 1000.00, '2017-09-01 09:53:26', 1, 1),
(668, 16, 400.00, '2017-09-01 09:53:42', 1, 1),
(669, 17, 1000.00, '2017-09-01 09:54:13', 1, 1),
(671, 19, 2000.00, '2017-09-01 09:53:18', 1, 1),
(2454, 26, 500.00, '2019-09-01 07:18:54', 1, 1),
(678, 26, 395.00, '2017-09-01 01:02:44', 1, 1),
(679, 27, 1200.00, '2017-09-01 03:50:43', 1, 1),
(685, 33, 24154.00, '2017-09-01 09:55:30', 1, 1),
(686, 34, 6471.00, '2017-09-01 09:55:49', 1, 1),
(2536, 55, 0.00, '2019-10-01 00:00:00', 1, 1),
(692, 40, 4000.00, '2017-09-01 09:56:25', 1, 1),
(697, 45, 3000.00, '2017-09-01 09:56:35', 1, 1),
(703, 51, 0.00, '2017-09-01 00:00:00', 1, 1),
(704, 52, 0.00, '2017-09-01 00:00:00', 1, 1),
(705, 53, 1700.00, '2017-09-01 03:31:55', 1, 1),
(706, 54, 0.00, '2017-09-01 00:00:00', 1, 1),
(707, 55, 0.00, '2017-09-01 00:00:00', 1, 1),
(708, 56, 0.00, '2017-09-01 00:00:00', 1, 1),
(709, 57, 0.00, '2017-09-01 00:00:00', 1, 1),
(710, 58, 3000.00, '2017-09-01 09:59:20', 1, 1),
(711, 59, 0.00, '2017-09-01 00:00:00', 1, 1),
(2786, 123, 2222.00, '2020-03-01 10:57:50', 1, 8),
(2749, 1, 0.00, '2020-03-01 00:00:00', 1, 1),
(2714, 7, 200.00, '2020-02-01 07:04:15', 1, 1),
(2680, 40, 4000.00, '2020-01-01 08:12:34', 1, 1),
(2645, 53, 30750.00, '2019-12-01 10:26:11', 1, 1),
(723, 19, 1000.00, '2017-08-01 06:19:12', 2, 1),
(724, 16, 500.00, '2017-08-01 06:19:24', 2, 1),
(725, 17, 0.00, '2017-08-01 01:02:05', 2, 1),
(727, 13, 900.00, '2017-08-01 06:22:09', 2, 1),
(728, 13, 600.00, '2017-08-01 06:22:09', 3, 1),
(729, 58, 1000.00, '2017-08-01 06:23:01', 2, 1),
(2785, 130, 200.00, '2020-03-01 09:29:50', 1, 1),
(731, 53, 30000.00, '2017-09-01 03:31:55', 2, 1),
(2784, 125, 0.00, '2020-03-01 00:00:00', 1, 1),
(733, 13, 670.00, '2017-07-01 12:12:36', 3, 1),
(734, 16, 600.00, '2017-09-01 09:53:42', 2, 1),
(736, 1, 0.00, '2017-10-01 03:21:46', 1, 1),
(737, 2, 500.00, '2017-10-01 02:06:05', 1, 1),
(738, 3, 600.00, '2017-10-01 03:11:21', 1, 1),
(739, 4, 1200.00, '2017-10-01 02:05:43', 1, 1),
(740, 5, 500.00, '2017-10-01 02:37:10', 1, 1),
(741, 6, 1200.00, '2017-10-01 02:05:23', 1, 1),
(742, 7, 100.00, '2017-10-01 11:12:35', 1, 1),
(743, 8, 250.00, '2017-10-01 05:36:48', 1, 1),
(748, 13, 800.00, '2017-10-01 05:34:33', 1, 1),
(749, 14, 500.00, '2017-10-01 05:33:49', 1, 1),
(750, 15, 1000.00, '2017-10-01 05:33:42', 1, 1),
(751, 16, 400.00, '2017-10-01 05:35:53', 1, 1),
(752, 17, 500.00, '2017-10-01 05:36:27', 1, 1),
(754, 19, 1000.00, '2017-10-01 05:05:34', 1, 1),
(2498, 122, 10.00, '2019-09-01 00:00:00', 1, 8),
(761, 26, 500.00, '2017-10-01 05:34:16', 1, 1),
(762, 27, 2000.00, '2017-10-01 03:51:03', 1, 1),
(768, 33, 24154.00, '2017-10-01 02:34:54', 1, 1),
(769, 34, 6471.00, '2017-10-01 02:35:15', 1, 1),
(2535, 54, 0.00, '2019-10-01 00:00:00', 1, 1),
(775, 40, 4000.00, '2017-10-01 05:33:32', 1, 1),
(780, 45, 3000.00, '2017-10-01 05:53:31', 1, 1),
(786, 51, 5500.00, '2017-10-01 11:39:26', 1, 1),
(787, 52, 6550.00, '2017-10-01 03:06:49', 1, 1),
(788, 53, 0.00, '2017-10-01 00:00:00', 1, 1),
(789, 54, 0.00, '2017-10-01 00:00:00', 1, 1),
(790, 55, 0.00, '2017-10-01 00:00:00', 1, 1),
(791, 56, 0.00, '2017-10-01 00:00:00', 1, 1),
(792, 57, 4956.00, '2017-10-01 03:46:20', 1, 1),
(793, 58, 1000.00, '2017-10-01 05:35:25', 1, 1),
(794, 59, 570.00, '2017-10-01 02:38:46', 1, 1),
(2783, 118, 500.00, '2020-03-01 06:20:39', 1, 1),
(2748, 87, 300.00, '2020-02-01 07:31:54', 2, 1),
(2713, 6, 1400.00, '2020-02-01 07:04:15', 1, 1),
(2679, 34, 6471.00, '2020-01-01 09:42:20', 1, 1),
(2644, 52, 0.00, '2019-12-01 00:00:00', 1, 1),
(806, 13, 500.00, '2017-10-01 05:34:33', 2, 1),
(807, 19, 500.00, '2017-10-01 05:05:34', 2, 1),
(808, 58, 1000.00, '2017-10-01 05:35:25', 2, 1),
(809, 3, 0.00, '2017-10-01 03:11:21', 2, 1),
(810, 3, 0.00, '2017-10-01 03:11:21', 3, 1),
(811, 3, 0.00, '2017-10-01 03:11:21', 4, 1),
(812, 3, 0.00, '2017-10-01 03:11:21', 5, 1),
(813, 1, 0.00, '2017-11-01 00:00:00', 1, 1),
(814, 2, 500.00, '2017-11-01 05:27:08', 1, 1),
(815, 3, 600.00, '2017-11-01 10:54:18', 1, 1),
(816, 4, 1200.00, '2017-11-01 05:26:58', 1, 1),
(817, 5, 500.00, '2017-11-01 02:08:14', 1, 1),
(818, 6, 1200.00, '2017-11-01 05:26:44', 1, 1),
(819, 7, 100.00, '2017-11-01 10:55:28', 1, 1),
(820, 8, 250.00, '2017-11-01 10:54:56', 1, 1),
(825, 13, 1000.00, '2017-11-01 10:53:48', 1, 1),
(826, 14, 500.00, '2017-11-01 02:18:36', 1, 1),
(827, 15, 1000.00, '2017-11-01 05:28:17', 1, 1),
(828, 16, 500.00, '2017-11-01 10:54:07', 1, 1),
(829, 17, 500.00, '2017-11-01 10:53:58', 1, 1),
(831, 19, 1000.00, '2017-11-01 10:54:28', 1, 1),
(2806, 13, 0.00, '2020-04-01 00:00:00', 1, 1),
(838, 26, 500.00, '2017-11-01 02:19:39', 1, 1),
(839, 27, 980.00, '2017-11-01 03:51:45', 1, 1),
(845, 33, 24154.00, '2017-11-01 02:19:15', 1, 1),
(846, 34, 6471.00, '2017-11-01 02:19:21', 1, 1),
(2534, 53, 0.00, '2019-10-01 00:00:00', 1, 1),
(852, 40, 4000.00, '2017-11-01 06:53:41', 1, 1),
(857, 45, 3000.00, '2017-11-01 05:27:42', 1, 1),
(863, 51, 0.00, '2017-11-01 00:00:00', 1, 1),
(864, 52, 0.00, '2017-11-01 00:00:00', 1, 1),
(865, 53, 0.00, '2017-11-01 00:00:00', 1, 1),
(866, 54, 0.00, '2017-11-01 00:00:00', 1, 1),
(867, 55, 0.00, '2017-11-01 00:00:00', 1, 1),
(868, 56, 0.00, '2017-11-01 00:00:00', 1, 1),
(869, 57, 0.00, '2017-11-01 00:00:00', 1, 1),
(870, 58, 2800.00, '2017-11-01 02:19:58', 1, 1),
(871, 59, 0.00, '2017-11-01 00:00:00', 1, 1),
(2782, 116, 11805.00, '2020-03-01 09:46:31', 1, 1),
(2747, 4, 1600.00, '2020-02-01 07:31:26', 2, 1),
(2712, 5, 1000.00, '2020-02-01 07:04:15', 1, 1),
(2678, 33, 24154.00, '2020-01-01 09:42:20', 1, 1),
(2643, 51, 0.00, '2019-12-01 00:00:00', 1, 1),
(884, 13, 700.00, '2017-10-01 05:34:33', 3, 1),
(886, 16, 600.00, '2017-10-01 05:35:53', 2, 1),
(887, 17, 0.00, '2017-10-01 05:36:27', 2, 1),
(888, 17, 500.00, '2017-10-01 05:36:08', 2, 1),
(889, 19, 500.00, '2017-10-01 05:05:34', 3, 1),
(890, 13, 500.00, '2017-11-01 10:53:48', 2, 1),
(891, 19, 500.00, '2017-11-01 10:54:28', 2, 1),
(892, 1, 1150.00, '2017-12-01 11:33:05', 1, 1),
(893, 2, 500.00, '2017-12-01 10:58:25', 1, 1),
(894, 3, 600.00, '2017-12-01 10:58:29', 1, 1),
(895, 4, 1200.00, '2017-12-01 10:58:20', 1, 1),
(896, 5, 500.00, '2017-12-01 10:58:42', 1, 1),
(897, 6, 1200.00, '2017-12-01 10:58:13', 1, 1),
(898, 7, 100.00, '2017-12-01 10:58:47', 1, 1),
(899, 8, 250.00, '2017-12-01 10:35:04', 1, 1),
(904, 13, 2000.00, '2017-12-01 11:33:55', 1, 1),
(905, 14, 500.00, '2017-12-01 11:33:48', 1, 1),
(906, 15, 1000.00, '2017-12-01 11:33:27', 1, 1),
(907, 16, 1000.00, '2017-12-01 11:33:20', 1, 1),
(908, 17, 1719.00, '2017-12-01 03:41:57', 1, 1),
(910, 19, 1700.00, '2017-12-01 08:26:38', 1, 1),
(2451, 19, 1000.00, '2019-09-01 07:19:05', 1, 1),
(917, 26, 500.00, '2017-12-01 11:34:13', 1, 1),
(918, 27, 800.00, '2017-12-01 11:34:01', 1, 1),
(924, 33, 24154.00, '2017-12-01 11:34:21', 1, 1),
(925, 34, 6471.00, '2017-12-01 11:34:26', 1, 1),
(2533, 52, 7920.00, '2019-10-01 10:20:50', 1, 1),
(931, 40, 4000.00, '2017-12-01 11:34:29', 1, 1),
(936, 45, 3000.00, '2017-12-01 11:34:46', 1, 1),
(942, 51, 0.00, '2017-12-01 00:00:00', 1, 1),
(943, 52, 0.00, '2017-12-01 00:00:00', 1, 1),
(944, 53, 25000.00, '2017-12-01 01:00:02', 1, 1),
(945, 54, 0.00, '2017-12-01 00:00:00', 1, 1),
(946, 55, 0.00, '2017-12-01 00:00:00', 1, 1),
(947, 56, 0.00, '2017-12-01 00:00:00', 1, 1),
(948, 57, 0.00, '2017-12-01 00:00:00', 1, 1),
(949, 58, 22000.00, '2017-12-01 05:20:03', 1, 1),
(950, 59, 0.00, '2017-12-01 00:00:00', 1, 1),
(2781, 111, 1000.00, '2020-03-01 07:36:36', 1, 1),
(2746, 16, 1500.00, '2020-02-01 07:31:06', 2, 1),
(2711, 4, 1400.00, '2020-02-01 07:31:26', 1, 1),
(2677, 27, 2890.00, '2020-01-01 07:33:53', 1, 1),
(2642, 45, 4000.00, '2019-12-01 08:19:20', 1, 1),
(962, 13, 500.00, '2017-11-01 10:53:48', 3, 1),
(963, 17, 500.00, '2017-11-01 10:53:58', 2, 1),
(964, 16, 500.00, '2017-11-01 10:54:07', 2, 1),
(965, 19, 500.00, '2017-11-01 10:54:28', 3, 1),
(966, 8, 0.00, '2017-11-01 10:54:56', 2, 1),
(967, 58, 2000.00, '2017-10-01 05:35:25', 3, 1),
(968, 1, 3450.00, '2018-01-01 11:33:59', 1, 1),
(969, 2, 500.00, '2018-01-01 11:34:06', 1, 1),
(970, 3, 600.00, '2018-01-01 11:34:08', 1, 1),
(971, 4, 1200.00, '2018-01-01 11:33:39', 1, 1),
(972, 5, 500.00, '2018-01-01 11:33:46', 1, 1),
(973, 6, 1400.00, '2018-01-01 11:33:13', 1, 1),
(974, 7, 100.00, '2018-01-01 12:18:39', 1, 1),
(975, 8, 250.00, '2018-01-01 12:18:34', 1, 1),
(980, 13, 1500.00, '2018-01-01 10:42:26', 1, 1),
(981, 14, 500.00, '2018-01-01 09:23:26', 1, 1),
(982, 15, 1000.00, '2018-01-01 09:22:28', 1, 1),
(983, 16, 1000.00, '2018-01-01 09:22:38', 1, 1),
(984, 17, 1000.00, '2018-01-01 09:23:18', 1, 1),
(986, 19, 2000.00, '2018-01-01 10:41:48', 1, 1),
(2450, 17, 500.00, '2019-09-01 07:18:47', 1, 1),
(993, 26, 500.00, '2018-01-01 09:37:35', 1, 1),
(994, 27, 920.00, '2018-01-01 01:18:21', 1, 1),
(1000, 33, 24154.00, '2018-01-01 09:23:42', 1, 1),
(1001, 34, 6471.00, '2018-01-01 09:23:56', 1, 1),
(2532, 51, 5439.00, '2019-10-01 06:58:27', 1, 1),
(1007, 40, 4000.00, '2018-01-01 09:23:52', 1, 1),
(1012, 45, 3000.00, '2018-01-01 09:24:03', 1, 1),
(1018, 51, 0.00, '2018-01-01 00:00:00', 1, 1),
(1019, 52, 6526.00, '2018-01-01 03:08:12', 1, 1),
(1020, 53, 0.00, '2018-01-01 00:00:00', 1, 1),
(1021, 54, 0.00, '2018-01-01 00:00:00', 1, 1),
(1022, 55, 0.00, '2018-01-01 00:00:00', 1, 1),
(1023, 56, 0.00, '2018-01-01 00:00:00', 1, 1),
(1024, 57, 0.00, '2018-01-01 00:00:00', 1, 1),
(1025, 58, 3750.00, '2018-01-01 10:44:05', 1, 1),
(1026, 59, 0.00, '2018-01-01 00:00:00', 1, 1),
(2780, 131, 20000.00, '2020-03-01 07:36:36', 1, 1),
(2745, 19, 0.00, '2020-02-01 09:48:12', 2, 1),
(2710, 3, 0.00, '2020-02-01 00:00:00', 1, 1),
(2676, 26, 500.00, '2020-01-01 09:49:12', 1, 1),
(2641, 87, 1000.00, '2019-12-01 10:28:26', 1, 1),
(1038, 19, 0.00, '2018-01-01 10:41:48', 2, 1),
(1045, 2, 600.00, '2018-02-01 02:28:54', 1, 1),
(1043, 13, 500.00, '2018-01-01 10:42:26', 2, 1),
(1044, 1, 0.00, '2018-02-01 00:00:00', 1, 1),
(1046, 3, 600.00, '2018-02-01 02:28:59', 1, 1),
(1047, 4, 1200.00, '2018-02-01 02:27:52', 1, 1),
(1048, 5, 500.00, '2018-02-01 02:45:56', 1, 1),
(1049, 6, 1400.00, '2018-02-01 02:27:32', 1, 1),
(1050, 7, 100.00, '2018-02-01 11:28:47', 1, 1),
(1051, 8, 250.00, '2018-02-01 11:28:53', 1, 1),
(1056, 13, 2000.00, '2018-02-01 11:29:57', 1, 1),
(1057, 14, 500.00, '2018-02-01 11:29:47', 1, 1),
(1058, 15, 1000.00, '2018-02-01 11:29:26', 1, 1),
(1059, 16, 1000.00, '2018-02-01 11:29:31', 1, 1),
(1060, 17, 1000.00, '2018-02-01 11:29:41', 1, 1),
(1062, 19, 2000.00, '2018-02-01 11:29:01', 1, 1),
(2449, 16, 1000.00, '2019-09-01 07:19:25', 1, 1),
(1069, 26, 500.00, '2018-02-01 02:29:53', 1, 1),
(1070, 27, 550.00, '2018-02-01 03:52:29', 1, 1),
(1076, 33, 24154.00, '2018-02-01 11:29:19', 1, 1),
(1077, 34, 6471.00, '2018-02-01 11:30:46', 1, 1),
(1083, 40, 4000.00, '2018-02-01 02:44:47', 1, 1),
(1088, 45, 3000.00, '2018-02-01 02:40:16', 1, 1),
(1094, 51, 0.00, '2018-02-01 00:00:00', 1, 1),
(1095, 52, 0.00, '2018-02-01 00:00:00', 1, 1),
(1096, 53, 1800.00, '2018-02-01 02:45:25', 1, 1),
(1097, 54, 0.00, '2018-02-01 00:00:00', 1, 1),
(1098, 55, 0.00, '2018-02-01 00:00:00', 1, 1),
(1099, 56, 0.00, '2018-02-01 00:00:00', 1, 1),
(1100, 57, 0.00, '2018-02-01 00:00:00', 1, 1),
(1101, 58, 12500.00, '2018-02-01 11:33:13', 1, 1),
(1102, 59, 0.00, '2018-02-01 00:00:00', 1, 1),
(2779, 74, 2000.00, '2020-03-01 02:26:37', 1, 1),
(2744, 130, 1000.00, '2020-02-01 07:33:20', 1, 1),
(2709, 2, 0.00, '2020-02-01 00:00:00', 1, 1),
(2675, 19, 5000.00, '2020-01-01 09:42:43', 1, 1),
(2640, 40, 4000.00, '2019-12-01 09:45:25', 1, 1),
(1114, 27, 910.00, '2018-02-01 03:52:29', 2, 1),
(1115, 1, 0.00, '2018-03-01 00:00:00', 1, 1),
(1116, 2, 600.00, '2018-03-01 12:24:22', 1, 1),
(1117, 3, 600.00, '2018-03-01 12:24:25', 1, 1),
(1118, 4, 1400.00, '2018-03-01 12:24:02', 1, 1),
(1119, 5, 500.00, '2018-03-01 12:24:10', 1, 1),
(1120, 6, 1400.00, '2018-03-01 12:23:36', 1, 1),
(1121, 7, 100.00, '2018-03-01 12:24:17', 1, 1),
(1122, 8, 250.00, '2018-03-01 12:15:55', 1, 1),
(1127, 13, 1000.00, '2018-03-01 11:22:38', 1, 1),
(1128, 14, 500.00, '2018-03-01 11:22:51', 1, 1),
(1129, 15, 1000.00, '2018-03-01 04:04:12', 1, 1),
(1130, 16, 1000.00, '2018-03-01 04:04:21', 1, 1),
(1131, 17, 500.00, '2018-03-01 11:22:16', 1, 1),
(1133, 19, 2000.00, '2018-03-01 04:16:31', 1, 1),
(2448, 15, 3000.00, '2019-09-01 07:19:12', 1, 1),
(1140, 26, 500.00, '2018-03-01 11:23:14', 1, 1),
(1141, 27, 800.00, '2018-03-01 11:23:03', 1, 1),
(1147, 33, 24154.00, '2018-03-01 04:04:04', 1, 1),
(1148, 34, 6471.00, '2018-03-01 04:06:20', 1, 1),
(2530, 45, 4000.00, '2019-10-01 07:14:06', 1, 1),
(1154, 40, 4000.00, '2018-03-01 12:15:59', 1, 1),
(1159, 45, 4000.00, '2018-03-01 04:06:09', 1, 1),
(1165, 51, 0.00, '2018-03-01 00:00:00', 1, 1),
(1166, 52, 0.00, '2018-03-01 00:00:00', 1, 1),
(1167, 53, 0.00, '2018-03-01 00:00:00', 1, 1),
(1168, 54, 0.00, '2018-03-01 00:00:00', 1, 1),
(1169, 55, 0.00, '2018-03-01 00:00:00', 1, 1),
(1170, 56, 0.00, '2018-03-01 00:00:00', 1, 1),
(1171, 57, 0.00, '2018-03-01 00:00:00', 1, 1),
(1172, 58, 3750.00, '2018-03-01 12:11:22', 1, 1),
(1173, 59, 0.00, '2018-03-01 00:00:00', 1, 1),
(2778, 59, 0.00, '2020-03-01 00:00:00', 1, 1),
(2743, 125, 0.00, '2020-02-01 00:00:00', 1, 1),
(2708, 1, 0.00, '2020-02-01 00:00:00', 1, 1),
(2674, 17, 500.00, '2020-01-01 07:32:47', 1, 1),
(2639, 34, 6471.00, '2019-12-01 07:25:24', 1, 1),
(1185, 19, 0.00, '2018-03-01 04:16:31', 2, 1),
(1186, 17, 500.00, '2018-03-01 11:22:16', 2, 1),
(1187, 13, 1000.00, '2018-03-01 11:22:38', 2, 1),
(1188, 1, 2300.00, '2018-04-01 03:11:54', 1, 1),
(1189, 2, 600.00, '2018-04-01 10:09:19', 1, 1),
(1190, 3, 600.00, '2018-04-01 10:09:22', 1, 1),
(1191, 4, 1400.00, '2018-04-01 10:09:07', 1, 1),
(1192, 5, 500.00, '2018-04-01 10:39:51', 1, 1),
(1193, 6, 1400.00, '2018-04-01 10:03:16', 1, 1),
(1194, 7, 100.00, '2018-04-01 10:39:57', 1, 1),
(1195, 8, 250.00, '2018-04-01 03:12:03', 1, 1),
(1200, 13, 500.00, '2018-04-01 03:10:50', 1, 1),
(1201, 14, 500.00, '2018-04-01 03:10:59', 1, 1),
(1202, 15, 1000.00, '2018-04-01 03:10:01', 1, 1),
(1203, 16, 1000.00, '2018-04-01 03:09:18', 1, 1),
(1204, 17, 1000.00, '2018-04-01 03:10:29', 1, 1),
(1206, 19, 1000.00, '2018-04-01 03:09:10', 1, 1),
(2447, 14, 500.00, '2019-09-01 10:55:17', 1, 1),
(1213, 26, 500.00, '2018-04-01 03:12:41', 1, 1),
(1214, 27, 970.00, '2018-04-01 03:12:20', 1, 1),
(1220, 33, 24154.00, '2018-04-01 03:12:57', 1, 1),
(1221, 34, 6471.00, '2018-04-01 03:13:07', 1, 1),
(2529, 87, 1000.00, '2019-10-01 08:16:58', 1, 1),
(1227, 40, 4000.00, '2018-04-01 03:13:22', 1, 1),
(1232, 45, 4000.00, '2018-04-01 05:59:32', 1, 1),
(1238, 51, 5439.00, '2018-04-01 03:20:21', 1, 1),
(1239, 52, 7200.00, '2018-04-01 03:15:28', 1, 1),
(1240, 53, 0.00, '2018-04-01 00:00:00', 1, 1),
(1241, 54, 7010.00, '2018-04-01 03:21:44', 1, 1),
(1242, 55, 7100.00, '2018-04-01 03:21:05', 1, 1),
(1243, 56, 0.00, '2018-04-01 00:00:00', 1, 1),
(1244, 57, 4996.00, '2018-04-01 03:15:51', 1, 1),
(1245, 58, 2200.00, '2018-04-01 05:58:46', 1, 1),
(1246, 59, 650.00, '2018-04-01 03:16:04', 1, 1),
(2777, 58, 2000.00, '2020-03-01 09:28:42', 1, 1),
(2742, 118, 500.00, '2020-02-01 07:04:15', 1, 1),
(2707, 13, 1000.00, '2020-01-01 06:11:57', 2, 1),
(2673, 16, 2000.00, '2020-01-01 06:11:40', 1, 1),
(2638, 33, 24154.00, '2019-12-01 07:25:24', 1, 1),
(1258, 13, 500.00, '2018-04-01 03:10:50', 2, 1),
(1259, 19, 1000.00, '2018-04-01 03:09:10', 2, 1),
(1260, 15, 0.00, '2018-04-01 03:10:01', 2, 1),
(1261, 17, 0.00, '2018-04-01 03:10:29', 2, 1),
(1262, 13, 1000.00, '2018-04-01 03:10:50', 3, 1),
(1263, 54, 0.00, '2018-04-01 03:21:44', 2, 1),
(1264, 1, 0.00, '2018-05-01 00:00:00', 1, 1),
(1265, 2, 600.00, '2018-05-01 03:00:08', 1, 1),
(1266, 3, 600.00, '2018-05-01 03:00:09', 1, 1),
(1267, 4, 1400.00, '2018-05-01 02:59:24', 1, 1),
(1268, 5, 500.00, '2018-05-01 02:59:34', 1, 1),
(1269, 6, 1400.00, '2018-05-01 02:59:10', 1, 1),
(1270, 7, 100.00, '2018-05-01 03:00:01', 1, 1),
(1271, 8, 0.00, '2018-05-01 05:02:55', 1, 1),
(1276, 13, 1000.00, '2018-05-01 01:16:29', 1, 1),
(1277, 14, 500.00, '2018-05-01 01:15:59', 1, 1),
(1278, 15, 1000.00, '2018-05-01 01:15:45', 1, 1),
(1279, 16, 1000.00, '2018-05-01 01:15:47', 1, 1),
(1280, 17, 1000.00, '2018-05-01 01:15:53', 1, 1),
(1282, 19, 2000.00, '2018-05-01 01:15:40', 1, 1),
(2446, 13, 1000.00, '2019-09-01 07:18:40', 1, 1),
(1289, 26, 500.00, '2018-05-01 03:02:22', 1, 1),
(1290, 27, 800.00, '2018-05-01 03:02:28', 1, 1),
(1296, 33, 24154.00, '2018-05-01 01:16:39', 1, 1),
(1297, 34, 6471.00, '2018-05-01 01:16:51', 1, 1),
(2528, 40, 4000.00, '2019-10-01 07:11:19', 1, 1),
(1303, 40, 4000.00, '2018-05-01 03:12:41', 1, 1),
(1308, 45, 4000.00, '2018-05-01 03:12:31', 1, 1),
(1314, 51, 0.00, '2018-05-01 00:00:00', 1, 1),
(1315, 52, 0.00, '2018-05-01 00:00:00', 1, 1),
(1316, 53, 0.00, '2018-05-01 00:00:00', 1, 1),
(1317, 54, 1830.00, '2018-05-01 01:19:17', 1, 1),
(1318, 55, 0.00, '2018-05-01 00:00:00', 1, 1),
(1319, 56, 8700.00, '2018-05-01 01:18:37', 1, 1),
(1320, 57, 0.00, '2018-05-01 00:00:00', 1, 1),
(1321, 58, 3000.00, '2018-05-01 03:13:23', 1, 1),
(1322, 59, 0.00, '2018-05-01 00:00:00', 1, 1),
(2776, 57, 0.00, '2020-03-01 00:00:00', 1, 1),
(2741, 116, 11805.00, '2020-02-01 09:35:57', 1, 1),
(2706, 16, 1000.00, '2020-01-01 06:11:40', 2, 1),
(2672, 15, 3000.00, '2020-01-01 07:33:10', 1, 1),
(2637, 27, 2000.00, '2019-12-01 10:24:08', 1, 1),
(1334, 58, 0.00, '2018-05-01 03:13:23', 2, 1),
(1335, 1, 2300.00, '2018-06-01 12:11:12', 1, 1),
(1336, 2, 600.00, '2018-06-01 04:59:20', 1, 1),
(1337, 3, 600.00, '2018-06-01 04:59:25', 1, 1),
(1338, 4, 1400.00, '2018-06-01 04:58:55', 1, 1),
(1339, 5, 500.00, '2018-06-01 04:59:02', 1, 1),
(1340, 6, 1400.00, '2018-06-01 01:20:16', 1, 1),
(1341, 7, 100.00, '2018-06-01 04:59:16', 1, 1),
(1342, 8, 250.00, '2018-06-01 04:59:09', 1, 1),
(1347, 13, 1850.00, '2018-06-01 12:11:47', 1, 1),
(1348, 14, 500.00, '2018-06-01 05:00:43', 1, 1),
(1349, 15, 1000.00, '2018-06-01 05:33:27', 1, 1),
(1350, 16, 1000.00, '2018-06-01 05:00:03', 1, 1),
(1351, 17, 1000.00, '2018-06-01 05:00:37', 1, 1),
(1353, 19, 1500.00, '2018-06-01 12:12:58', 1, 1),
(2445, 8, 150.00, '2019-09-01 07:20:29', 1, 1),
(1360, 26, 500.00, '2018-06-01 05:02:03', 1, 1),
(1361, 27, 1970.00, '2018-06-01 12:11:51', 1, 1),
(1367, 33, 24154.00, '2018-06-01 05:01:01', 1, 1),
(1368, 34, 6471.00, '2018-06-01 05:01:10', 1, 1),
(2802, 5, 1000.00, '2020-04-01 12:44:27', 1, 1),
(1374, 40, 4000.00, '2018-06-01 05:01:19', 1, 1),
(1379, 45, 4000.00, '2018-06-01 05:01:31', 1, 1),
(1385, 51, 0.00, '2018-06-01 00:00:00', 1, 1),
(1386, 52, 0.00, '2018-06-01 00:00:00', 1, 1),
(1387, 53, 0.00, '2018-06-01 00:00:00', 1, 1),
(1388, 54, 0.00, '2018-06-01 00:00:00', 1, 1),
(1389, 55, 0.00, '2018-06-01 00:00:00', 1, 1),
(1390, 56, 0.00, '2018-06-01 00:00:00', 1, 1),
(1391, 57, 0.00, '2018-06-01 00:00:00', 1, 1),
(1392, 58, 4600.00, '2018-06-01 01:13:37', 1, 1),
(1393, 59, 750.00, '2018-06-01 01:20:13', 1, 1),
(2775, 56, 8294.00, '2020-03-01 02:27:24', 1, 1),
(2740, 111, 1000.00, '2020-02-01 07:04:15', 1, 1),
(2705, 58, 2000.00, '2020-01-01 07:35:22', 2, 1),
(2671, 14, 500.00, '2020-01-01 09:44:18', 1, 1),
(2636, 26, 500.00, '2019-12-01 07:05:22', 1, 1),
(1405, 13, 1000.00, '2018-05-01 01:16:29', 2, 1),
(1406, 1, 2300.00, '2018-07-01 11:24:13', 1, 1),
(1407, 2, 1800.00, '2018-07-01 11:00:12', 1, 1),
(1408, 3, 600.00, '2018-07-01 11:24:28', 1, 1),
(1409, 4, 1400.00, '2018-07-01 11:23:51', 1, 1),
(1410, 5, 500.00, '2018-07-01 11:23:56', 1, 1),
(1411, 6, 1400.00, '2018-07-01 11:23:42', 1, 1),
(1412, 7, 100.00, '2018-07-01 11:24:20', 1, 1),
(1413, 8, 250.00, '2018-07-01 11:23:46', 1, 1),
(1418, 13, 2000.00, '2018-07-01 11:25:13', 1, 1),
(1419, 14, 500.00, '2018-07-01 11:25:09', 1, 1),
(1420, 15, 1000.00, '2018-07-01 11:24:37', 1, 1),
(1421, 16, 1000.00, '2018-07-01 11:24:40', 1, 1),
(1422, 17, 1000.00, '2018-07-01 11:25:01', 1, 1),
(1424, 19, 2000.00, '2018-07-01 02:24:34', 1, 1),
(2444, 7, 200.00, '2019-09-01 08:06:39', 1, 1),
(1431, 26, 500.00, '2018-07-01 11:26:25', 1, 1),
(1432, 27, 800.00, '2018-07-01 12:25:53', 1, 1),
(1438, 33, 24154.00, '2018-07-01 11:25:43', 1, 1),
(1439, 34, 6471.00, '2018-07-01 11:26:17', 1, 1),
(2526, 34, 6471.00, '2019-10-01 06:55:26', 1, 1),
(1445, 40, 4000.00, '2018-07-01 11:26:04', 1, 1),
(1450, 45, 4000.00, '2018-07-01 11:26:13', 1, 1),
(1456, 51, 0.00, '2018-07-01 00:00:00', 1, 1),
(1457, 52, 0.00, '2018-07-01 00:00:00', 1, 1),
(1458, 53, 60000.00, '2018-07-01 11:27:48', 1, 1),
(1459, 54, 0.00, '2018-07-01 00:00:00', 1, 1),
(1460, 55, 0.00, '2018-07-01 00:00:00', 1, 1),
(1461, 56, 0.00, '2018-07-01 00:00:00', 1, 1),
(1462, 57, 0.00, '2018-07-01 00:00:00', 1, 1),
(1463, 58, 2129.00, '2018-07-01 12:29:53', 1, 1),
(1464, 59, 0.00, '2018-07-01 00:00:00', 1, 1),
(2774, 55, 0.00, '2020-03-01 00:00:00', 1, 1),
(2739, 131, 20000.00, '2020-02-01 07:04:15', 1, 1),
(2704, 15, 0.00, '2020-01-01 07:33:10', 3, 1),
(2670, 13, 2000.00, '2020-01-01 06:11:57', 1, 1),
(2635, 19, 3000.00, '2019-12-01 10:27:55', 1, 1),
(1476, 19, 500.00, '2018-06-01 12:12:58', 2, 1),
(1477, 58, 0.00, '2018-07-01 12:29:53', 2, 1),
(1478, 53, 0.00, '2018-07-01 11:27:48', 2, 1),
(1480, 74, 4500.00, '2018-07-01 11:58:46', 1, 1),
(2329, 14, 500.00, '2019-07-01 11:18:11', 1, 1),
(1484, 1, 0.00, '2018-08-01 10:10:08', 1, 1),
(1485, 2, 0.00, '2018-08-01 10:07:48', 1, 1),
(1486, 3, 600.00, '2018-08-01 10:06:58', 1, 1),
(1487, 4, 975.00, '2018-08-01 10:09:30', 1, 1),
(1488, 5, 1000.00, '2018-08-01 10:08:34', 1, 1),
(1489, 6, 1400.00, '2018-08-01 01:37:31', 1, 1),
(1490, 7, 200.00, '2018-08-01 09:37:00', 1, 1),
(1491, 8, 250.00, '2018-08-01 01:18:56', 1, 1),
(1496, 13, 1000.00, '2018-08-01 09:46:34', 1, 1),
(1497, 14, 500.00, '2018-08-01 11:21:46', 1, 1),
(1498, 15, 1000.00, '2018-08-01 10:29:23', 1, 1),
(1499, 16, 500.00, '2018-08-01 12:24:26', 1, 1),
(1500, 17, 500.00, '2018-08-01 09:46:48', 1, 1),
(1502, 19, 500.00, '2018-08-01 11:22:32', 1, 1),
(2443, 6, 1400.00, '2019-09-01 11:54:04', 1, 1),
(1509, 26, 500.00, '2018-08-01 10:46:31', 1, 1),
(1510, 27, 2000.00, '2018-08-01 03:49:24', 1, 1),
(1516, 33, 24154.00, '2018-08-01 09:32:36', 1, 1),
(1517, 34, 6471.00, '2018-08-01 09:32:46', 1, 1),
(2525, 33, 24154.00, '2019-10-01 06:55:26', 1, 1),
(1523, 40, 4000.00, '2018-08-01 10:27:00', 1, 1),
(1528, 45, 4000.00, '2018-08-01 10:55:00', 1, 1),
(1534, 51, 0.00, '2018-08-01 00:00:00', 1, 1),
(1535, 52, 7890.00, '2018-08-01 11:01:32', 1, 1),
(1536, 53, 0.00, '2018-08-01 00:00:00', 1, 1),
(1537, 54, 0.00, '2018-08-01 00:00:00', 1, 1),
(1538, 55, 0.00, '2018-08-01 00:00:00', 1, 1),
(1539, 56, 0.00, '2018-08-01 00:00:00', 1, 1),
(1540, 57, 0.00, '2018-08-01 11:11:40', 1, 1),
(1541, 58, 1400.00, '2018-08-01 09:52:36', 1, 1),
(1542, 59, 0.00, '2018-08-01 00:00:00', 1, 1),
(2773, 54, 0.00, '2020-03-01 00:00:00', 1, 1),
(2738, 74, 3500.00, '2020-02-01 06:14:16', 1, 1),
(2703, 17, 500.00, '2020-01-01 07:32:47', 2, 1),
(2669, 8, 150.00, '2020-01-01 07:23:19', 1, 1),
(2634, 17, 1000.00, '2019-12-01 10:28:45', 1, 1),
(1555, 74, 3000.00, '2018-08-01 01:13:56', 1, 1),
(2328, 13, 1000.00, '2019-07-01 07:09:42', 1, 1),
(1559, 13, 500.00, '2018-08-01 09:46:34', 2, 1),
(1562, 8, 50.00, '2017-07-01 12:20:31', 2, 1),
(1563, 8, 50.00, '2017-06-01 12:20:48', 2, 1),
(1564, 19, 500.00, '2018-08-01 11:22:32', 2, 1),
(1565, 66, 3000.00, '2018-08-01 11:56:09', 1, 2),
(1566, 67, 500.00, '2018-08-01 11:56:18', 1, 2),
(1567, 13, 500.00, '2018-08-01 09:46:34', 3, 1),
(1568, 17, 500.00, '2018-08-01 09:46:48', 2, 1),
(1569, 1, 0.00, '2018-09-01 00:00:00', 1, 1),
(1570, 2, 0.00, '2018-09-01 10:29:01', 1, 1),
(1571, 3, 600.00, '2018-09-01 10:25:54', 1, 1),
(1572, 4, 1400.00, '2018-09-01 11:48:07', 1, 1),
(1573, 5, 1000.00, '2018-09-01 11:48:07', 1, 1),
(1574, 6, 1400.00, '2018-09-01 11:48:07', 1, 1),
(1575, 7, 200.00, '2018-09-01 11:48:07', 1, 1),
(1576, 8, 100.00, '2018-09-01 11:59:23', 1, 1),
(1581, 13, 1000.00, '2018-09-01 12:14:08', 1, 1),
(1582, 14, 500.00, '2018-09-01 10:25:54', 1, 1),
(1583, 15, 1800.00, '2018-09-01 04:05:45', 1, 1),
(1584, 16, 500.00, '2018-09-01 11:59:54', 1, 1),
(1585, 17, 500.00, '2018-09-01 01:58:36', 1, 1),
(1587, 19, 500.00, '2018-09-01 01:58:02', 1, 1),
(2442, 5, 1000.00, '2019-09-01 08:06:39', 1, 1),
(1594, 26, 500.00, '2018-09-01 09:35:15', 1, 1),
(1595, 27, 1000.00, '2018-09-01 10:03:54', 1, 1),
(1601, 33, 24154.00, '2018-09-01 03:18:15', 1, 1),
(1602, 34, 6471.00, '2018-09-01 03:18:15', 1, 1),
(2524, 27, 3000.00, '2019-10-01 10:19:54', 1, 1),
(1608, 40, 4000.00, '2018-09-01 11:45:40', 1, 1),
(1613, 45, 4000.00, '2018-09-01 11:45:40', 1, 1),
(1619, 51, 0.00, '2018-09-01 00:00:00', 1, 1),
(1620, 52, 0.00, '2018-09-01 00:00:00', 1, 1),
(1621, 53, 0.00, '2018-09-01 00:00:00', 1, 1),
(1622, 54, 0.00, '2018-09-01 00:00:00', 1, 1),
(1623, 55, 0.00, '2018-09-01 00:00:00', 1, 1),
(1624, 56, 0.00, '2018-09-01 00:00:00', 1, 1),
(1625, 57, 0.00, '2018-09-01 00:00:00', 1, 1),
(1626, 58, 3500.00, '2018-09-01 09:38:05', 1, 1),
(1627, 59, 870.00, '2018-09-01 01:19:10', 1, 1),
(2772, 53, 0.00, '2020-03-01 00:00:00', 1, 1),
(2737, 59, 0.00, '2020-02-01 00:00:00', 1, 1),
(2702, 8, 100.00, '2020-01-01 07:23:19', 2, 1),
(2668, 7, 200.00, '2020-01-01 06:41:37', 1, 1),
(2633, 16, 1500.00, '2019-12-01 10:28:16', 1, 1),
(1640, 74, 3500.00, '2018-09-01 04:38:53', 1, 1),
(2327, 8, 250.00, '2019-07-01 06:57:38', 1, 1),
(1644, 66, 4000.00, '2018-09-01 11:55:30', 1, 2),
(1645, 67, 0.00, '2018-09-01 00:00:00', 1, 2),
(1646, 16, 500.00, '2018-08-01 12:24:26', 2, 1),
(1647, 13, 1000.00, '2018-09-01 12:14:08', 2, 1),
(1648, 8, 150.00, '2018-09-01 11:59:23', 2, 1),
(1649, 19, 500.00, '2018-09-01 01:58:02', 2, 1),
(1650, 16, 500.00, '2018-09-01 11:59:54', 2, 1),
(1651, 17, 500.00, '2018-09-01 01:58:36', 2, 1),
(1652, 19, 500.00, '2018-06-01 12:12:58', 3, 1),
(1653, 13, 0.00, '2018-09-01 12:14:08', 3, 1),
(1654, 19, 0.00, '2018-09-01 01:58:02', 3, 1),
(1655, 17, 0.00, '2018-09-01 01:58:36', 3, 1),
(2326, 7, 200.00, '2019-07-01 12:04:25', 1, 1),
(1658, 19, 789.00, '2018-07-01 02:24:34', 2, 1),
(1659, 1, 3450.00, '2018-10-01 11:10:28', 1, 1),
(1660, 2, 1800.00, '2018-10-01 11:10:50', 1, 1),
(1661, 3, 600.00, '2018-10-01 11:48:48', 1, 1),
(1662, 4, 1400.00, '2018-10-01 04:32:57', 1, 1),
(1663, 5, 1000.00, '2018-10-01 04:32:57', 1, 1),
(1664, 6, 1400.00, '2018-10-01 04:32:57', 1, 1),
(1665, 7, 200.00, '2018-10-01 04:32:57', 1, 1),
(1666, 8, 250.00, '2018-10-01 11:00:51', 1, 1),
(1671, 13, 700.00, '2018-10-01 11:06:03', 1, 1),
(1672, 14, 500.00, '2018-10-01 11:14:09', 1, 1),
(1673, 15, 9200.00, '2018-10-01 09:33:03', 1, 1),
(1674, 16, 500.00, '2018-10-01 11:06:27', 1, 1),
(1675, 17, 500.00, '2018-10-01 11:06:38', 1, 1),
(2512, 6, 1400.00, '2019-10-01 07:14:06', 1, 1),
(1677, 19, 500.00, '2018-10-01 10:46:56', 1, 1),
(2441, 4, 1400.00, '2019-09-01 08:06:39', 1, 1),
(1684, 26, 500.00, '2018-10-01 11:06:59', 1, 1),
(1685, 27, 730.00, '2018-10-01 12:43:10', 1, 1),
(2511, 5, 1000.00, '2019-10-01 07:14:06', 1, 1),
(2565, 5, 1000.00, '2019-11-01 07:55:55', 1, 1),
(2573, 17, 500.00, '2019-11-01 09:49:14', 1, 1),
(1691, 33, 24154.00, '2018-10-01 11:48:48', 1, 1),
(1692, 34, 6471.00, '2018-10-01 11:48:48', 1, 1),
(2523, 26, 500.00, '2019-10-01 10:23:18', 1, 1),
(1698, 40, 4000.00, '2018-10-01 11:06:59', 1, 1),
(1703, 45, 4000.00, '2018-10-01 11:06:59', 1, 1),
(2497, 121, 500.00, '2019-09-01 11:44:04', 1, 7),
(2496, 102, 0.00, '2019-09-01 00:00:00', 1, 7),
(1970, 92, 10.00, '2019-01-01 00:00:00', 1, 6),
(1709, 51, 5439.00, '2018-10-01 11:49:48', 1, 1),
(1710, 52, 7800.00, '2018-10-01 01:15:10', 1, 1),
(1711, 53, 0.00, '2018-10-01 00:00:00', 1, 1),
(1712, 54, 0.00, '2018-10-01 00:00:00', 1, 1),
(1713, 55, 0.00, '2018-10-01 00:00:00', 1, 1),
(1714, 56, 0.00, '2018-10-01 00:00:00', 1, 1),
(1715, 57, 4030.00, '2018-10-01 11:04:50', 1, 1),
(1716, 58, 1500.00, '2018-10-01 11:01:14', 1, 1),
(1717, 59, 0.00, '2018-10-01 00:00:00', 1, 1),
(1969, 91, 10.00, '2019-01-01 00:00:00', 1, 5),
(1968, 90, 10.00, '2019-01-01 00:00:00', 1, 4),
(1967, 89, 0.00, '2019-01-01 00:00:00', 1, 2),
(1966, 88, 0.00, '2019-01-01 00:00:00', 1, 2),
(1965, 67, 0.00, '2019-01-01 00:00:00', 1, 2),
(2771, 52, 0.00, '2020-03-01 00:00:00', 1, 1),
(2736, 58, 4000.00, '2020-02-01 06:16:32', 1, 1),
(2701, 130, 500.00, '2020-01-01 07:23:09', 2, 1),
(2667, 6, 1400.00, '2020-01-01 10:41:43', 1, 1),
(2632, 15, 4000.00, '2019-12-01 09:45:57', 1, 1),
(2370, 111, 500.00, '2019-07-01 10:34:45', 1, 1),
(1730, 74, 0.00, '2018-10-01 00:00:00', 1, 1),
(2564, 4, 1400.00, '2019-11-01 07:55:55', 1, 1),
(2325, 6, 1400.00, '2019-07-01 12:04:25', 1, 1),
(2572, 16, 2000.00, '2019-11-01 07:37:09', 1, 1),
(1734, 74, 2000.00, '2018-09-01 04:38:53', 2, 1),
(1735, 13, 500.00, '2018-10-01 11:06:03', 2, 1),
(1736, 27, 810.00, '2018-10-01 12:43:10', 2, 1),
(1737, 13, 500.00, '2018-10-01 11:06:03', 3, 1),
(1738, 16, 200.00, '2018-10-01 11:06:27', 2, 1),
(1739, 58, 2500.00, '2018-10-01 11:01:14', 2, 1),
(1740, 13, 300.00, '2018-10-01 11:06:03', 4, 1),
(1741, 16, 200.00, '2018-10-01 11:06:27', 3, 1),
(1742, 17, 500.00, '2018-10-01 11:06:38', 2, 1),
(1743, 1, 0.00, '2018-11-01 00:00:00', 1, 1),
(1744, 2, 0.00, '2018-11-01 00:00:00', 1, 1),
(1745, 3, 600.00, '2018-11-01 11:40:46', 1, 1),
(1746, 4, 1400.00, '2018-11-01 10:43:25', 1, 1),
(1747, 5, 1000.00, '2018-11-01 10:43:25', 1, 1),
(1748, 6, 1400.00, '2018-11-01 10:43:25', 1, 1),
(1749, 7, 200.00, '2018-11-01 10:43:25', 1, 1),
(1750, 8, 250.00, '2018-11-01 12:32:01', 1, 1),
(1964, 66, 4000.00, '2019-01-01 05:21:58', 1, 2),
(1963, 19, 200.00, '2017-10-01 05:05:34', 4, 1),
(1962, 58, 100.00, '2018-12-01 01:52:28', 2, 1),
(1755, 13, 500.00, '2018-11-01 12:31:39', 1, 1),
(1756, 14, 500.00, '2018-11-01 11:40:46', 1, 1),
(1757, 15, 1000.00, '2018-11-01 05:24:03', 1, 1),
(1758, 16, 1000.00, '2018-11-01 12:31:47', 1, 1),
(1759, 17, 500.00, '2018-11-01 12:31:29', 1, 1),
(1761, 19, 500.00, '2018-11-01 12:31:55', 1, 1),
(2324, 5, 1000.00, '2019-07-01 12:04:25', 1, 1),
(2440, 3, 0.00, '2019-09-01 00:00:00', 1, 1),
(1961, 87, 2000.00, '2019-01-01 12:13:47', 1, 1),
(1960, 13, 500.00, '2019-01-01 12:30:22', 4, 1),
(1959, 17, 500.00, '2019-01-01 12:30:09', 2, 1),
(1768, 26, 500.00, '2018-11-01 01:15:23', 1, 1),
(1769, 27, 820.00, '2018-11-01 12:32:16', 1, 1),
(2294, 74, 0.00, '2019-06-01 00:00:00', 1, 1),
(2631, 14, 500.00, '2019-12-01 10:24:08', 1, 1),
(2666, 5, 1000.00, '2020-01-01 06:41:37', 1, 1),
(1775, 33, 24154.00, '2018-11-01 10:19:22', 1, 1),
(1776, 34, 6471.00, '2018-11-01 10:19:22', 1, 1),
(2700, 15, 1000.00, '2020-01-01 07:33:10', 2, 1),
(1958, 19, 500.00, '2019-01-01 10:28:58', 3, 1),
(2735, 57, 0.00, '2020-02-01 00:00:00', 1, 1),
(2809, 16, 0.00, '2020-04-01 00:00:00', 1, 1),
(1957, 8, 150.00, '2019-01-01 11:51:43', 2, 1),
(1782, 40, 4000.00, '2018-11-01 01:15:23', 1, 1),
(1956, 13, 1000.00, '2019-01-01 12:30:22', 3, 1),
(1955, 86, 0.00, '2019-01-01 00:00:00', 1, 3),
(1954, 85, 0.00, '2019-01-01 00:00:00', 1, 3),
(1953, 84, 0.00, '2019-01-01 00:00:00', 1, 3),
(1787, 45, 4000.00, '2018-11-01 01:15:23', 1, 1),
(2770, 51, 0.00, '2020-03-01 00:00:00', 1, 1),
(1952, 58, 2401.00, '2019-01-01 11:42:55', 2, 1),
(1951, 83, 10.00, '2019-01-01 00:00:00', 1, 3),
(1950, 19, 500.00, '2019-01-01 10:28:58', 2, 1),
(1793, 51, 0.00, '2018-11-01 00:00:00', 1, 1),
(1794, 52, 0.00, '2018-11-01 00:00:00', 1, 1),
(1795, 53, 0.00, '2018-11-01 00:00:00', 1, 1),
(1796, 54, 0.00, '2018-11-01 00:00:00', 1, 1),
(1797, 55, 0.00, '2018-11-01 00:00:00', 1, 1),
(1798, 56, 0.00, '2018-11-01 00:00:00', 1, 1),
(1799, 57, 0.00, '2018-11-01 00:00:00', 1, 1),
(1800, 58, 3500.00, '2018-11-01 01:37:47', 1, 1),
(1801, 59, 0.00, '2018-11-01 00:00:00', 1, 1),
(1949, 13, 500.00, '2019-01-01 12:30:22', 2, 1),
(1948, 8, 200.00, '2017-12-01 10:35:04', 2, 1),
(1947, 17, 0.00, '2017-12-01 03:41:57', 2, 1),
(2514, 8, 250.00, '2019-10-01 10:19:54', 1, 1),
(2769, 45, 4000.00, '2020-03-01 07:36:36', 1, 1),
(2734, 56, 0.00, '2020-02-01 00:00:00', 1, 1),
(2699, 6, 0.00, '2020-01-01 10:41:43', 2, 1),
(2665, 4, 1400.00, '2020-01-01 06:41:37', 1, 1),
(2630, 13, 2000.00, '2019-12-01 10:33:03', 1, 1),
(1814, 74, 3500.00, '2018-11-01 12:32:54', 1, 1),
(2362, 74, 6800.00, '2019-07-01 07:07:45', 1, 1),
(2323, 4, 1400.00, '2019-07-01 12:04:25', 1, 1),
(2629, 8, 250.00, '2019-12-01 03:57:43', 1, 1),
(1818, 19, 500.00, '2018-10-01 10:46:56', 2, 1),
(1819, 13, 500.00, '2018-11-01 12:31:39', 2, 1),
(1820, 15, 0.00, '2018-11-01 05:24:03', 2, 1),
(1821, 1, 0.00, '2018-12-01 00:00:00', 1, 1),
(1822, 2, 600.00, '2018-12-01 12:59:44', 1, 1),
(1823, 3, 600.00, '2018-12-01 12:52:53', 1, 1),
(1824, 4, 1200.00, '2018-12-01 12:52:41', 1, 1),
(1825, 5, 1000.00, '2018-12-01 12:53:10', 1, 1),
(1826, 6, 1400.00, '2018-12-01 12:52:22', 1, 1),
(1827, 7, 200.00, '2018-12-01 09:20:52', 1, 1),
(1828, 8, 150.00, '2018-12-01 12:58:25', 1, 1),
(2513, 7, 200.00, '2019-10-01 07:14:06', 1, 1),
(1830, 13, 600.00, '2018-12-01 12:59:02', 1, 1),
(1831, 14, 500.00, '2018-12-01 08:37:41', 1, 1),
(1832, 15, 500.00, '2018-12-01 08:28:01', 1, 1),
(1833, 16, 500.00, '2018-12-01 08:29:30', 1, 1),
(1834, 17, 500.00, '2018-12-01 01:00:21', 1, 1),
(2664, 3, 0.00, '2020-01-01 00:00:00', 1, 1),
(1836, 19, 0.00, '2018-12-01 08:28:43', 1, 1),
(2439, 2, 0.00, '2019-09-01 00:00:00', 1, 1),
(2284, 59, 0.00, '2019-06-01 00:00:00', 1, 1),
(1840, 26, 500.00, '2018-12-01 04:10:13', 1, 1),
(1841, 27, 1000.00, '2018-12-01 04:10:13', 1, 1),
(2283, 58, 2500.00, '2019-06-01 08:08:31', 1, 1),
(2282, 57, 0.00, '2019-06-01 00:00:00', 1, 1),
(1845, 33, 24154.00, '2018-12-01 04:10:13', 1, 1),
(1846, 34, 6471.00, '2018-12-01 04:10:13', 1, 1),
(2281, 56, 8197.00, '2019-06-01 12:11:23', 1, 1),
(2280, 55, 0.00, '2019-06-01 00:00:00', 1, 1),
(2805, 8, 0.00, '2020-04-01 00:00:00', 1, 1),
(1850, 40, 4000.00, '2018-12-01 04:10:13', 1, 1),
(1851, 45, 4000.00, '2018-12-01 04:10:13', 1, 1),
(2279, 54, 0.00, '2019-06-01 00:00:00', 1, 1),
(2278, 53, 0.00, '2019-06-01 00:00:00', 1, 1),
(1854, 51, 0.00, '2018-12-01 00:00:00', 1, 1),
(1855, 52, 0.00, '2018-12-01 00:00:00', 1, 1),
(1856, 53, 25000.00, '2018-12-01 01:51:06', 1, 1),
(1857, 54, 0.00, '2018-12-01 00:00:00', 1, 1),
(1858, 55, 0.00, '2018-12-01 00:00:00', 1, 1),
(1859, 56, 0.00, '2018-12-01 00:00:00', 1, 1),
(1860, 57, 0.00, '2018-12-01 00:00:00', 1, 1),
(1861, 58, 3500.00, '2018-12-01 01:52:28', 1, 1),
(1862, 59, 0.00, '2018-12-01 00:00:00', 1, 1),
(2768, 87, 1000.00, '2020-03-01 07:26:01', 1, 1),
(2733, 55, 0.00, '2020-02-01 00:00:00', 1, 1),
(2698, 130, 500.00, '2020-01-01 07:23:09', 1, 1),
(2663, 2, 1800.00, '2020-01-01 09:49:53', 1, 1),
(2628, 7, 200.00, '2019-12-01 05:48:26', 1, 1),
(2697, 125, 0.00, '2020-01-01 00:00:00', 1, 1),
(1870, 74, 3500.00, '2018-12-01 08:41:16', 1, 1),
(2732, 54, 0.00, '2020-02-01 00:00:00', 1, 1);
INSERT INTO `ec_expenditure` (`ID`, `EXP_ITEM_ID`, `EXP_AMT`, `EXP_DATE`, `EXP_SLOT`, `USER_ID`) VALUES
(2322, 3, 0.00, '2019-07-01 00:00:00', 1, 1),
(2767, 40, 4000.00, '2020-03-01 07:28:38', 1, 1),
(1874, 17, 500.00, '2018-11-01 12:31:29', 2, 1),
(1875, 13, 1000.00, '2018-11-01 12:31:39', 3, 1),
(1876, 19, 500.00, '2018-11-01 12:31:55', 2, 1),
(1877, 27, 320.00, '2018-11-01 12:32:16', 2, 1),
(2438, 1, 0.00, '2019-09-01 00:00:00', 1, 1),
(1879, 8, 100.00, '2018-12-01 12:58:25', 2, 1),
(1880, 13, 800.00, '2018-12-01 12:59:02', 2, 1),
(1881, 13, 600.00, '2018-12-01 12:59:02', 3, 1),
(1882, 19, 0.00, '2018-12-01 08:28:43', 2, 1),
(1883, 16, 400.00, '2018-12-01 08:29:30', 2, 1),
(1884, 17, 500.00, '2018-12-01 01:00:21', 2, 1),
(1885, 1, 3450.00, '2019-01-01 12:25:22', 1, 1),
(1886, 2, 1800.00, '2019-01-01 11:11:17', 1, 1),
(1887, 3, 600.00, '2019-01-01 10:58:56', 1, 1),
(1888, 4, 1400.00, '2019-01-01 12:59:07', 1, 1),
(1889, 5, 1000.00, '2019-01-01 12:59:07', 1, 1),
(1890, 6, 1400.00, '2019-01-01 12:59:07', 1, 1),
(1891, 7, 200.00, '2019-01-01 12:59:07', 1, 1),
(1892, 8, 100.00, '2019-01-01 11:51:43', 1, 1),
(2277, 52, 0.00, '2019-06-01 00:00:00', 1, 1),
(1894, 13, 1000.00, '2019-01-01 12:30:22', 1, 1),
(1895, 14, 500.00, '2019-01-01 10:58:56', 1, 1),
(1896, 15, 4000.00, '2019-01-01 10:55:27', 1, 1),
(1897, 16, 1000.00, '2019-01-01 11:52:15', 1, 1),
(1898, 17, 500.00, '2019-01-01 12:30:09', 1, 1),
(2506, 58, 2500.00, '2019-09-01 07:19:50', 2, 1),
(1900, 19, 2500.00, '2019-01-01 10:28:58', 1, 1),
(2276, 51, 0.00, '2019-06-01 00:00:00', 1, 1),
(2437, 19, 500.00, '2019-08-01 08:10:15', 2, 1),
(1903, 26, 500.00, '2019-01-01 09:13:56', 1, 1),
(1904, 27, 1000.00, '2019-01-01 12:59:07', 1, 1),
(2275, 45, 4000.00, '2019-06-01 12:47:12', 1, 1),
(1907, 33, 24154.00, '2019-01-01 10:45:11', 1, 1),
(1908, 34, 6471.00, '2019-01-01 10:45:11', 1, 1),
(2274, 87, 1000.00, '2019-06-01 08:07:37', 1, 1),
(2273, 40, 4000.00, '2019-06-01 12:47:12', 1, 1),
(2520, 19, 3000.00, '2019-10-01 10:22:39', 1, 1),
(1912, 40, 4000.00, '2019-01-01 09:13:56', 1, 1),
(1913, 45, 4000.00, '2019-01-01 09:13:56', 1, 1),
(2519, 17, 200.00, '2019-10-01 10:23:09', 1, 1),
(2271, 34, 6471.00, '2019-06-01 03:33:35', 1, 1),
(1916, 51, 0.00, '2019-01-01 00:00:00', 1, 1),
(1917, 52, 7093.00, '2019-01-01 12:25:46', 1, 1),
(1918, 53, 0.00, '2019-01-01 01:50:44', 1, 1),
(1919, 54, 0.00, '2019-01-01 00:00:00', 1, 1),
(1920, 55, 0.00, '2019-01-01 00:00:00', 1, 1),
(1921, 56, 0.00, '2019-01-01 00:00:00', 1, 1),
(1922, 57, 0.00, '2019-01-01 00:00:00', 1, 1),
(1923, 58, 2000.00, '2019-01-01 11:42:55', 1, 1),
(1924, 59, 0.00, '2019-01-01 00:00:00', 1, 1),
(2766, 34, 6471.00, '2020-03-01 07:25:32', 1, 1),
(2731, 53, 0.00, '2020-02-01 00:00:00', 1, 1),
(2696, 118, 500.00, '2020-01-01 06:41:37', 1, 1),
(2662, 1, 3450.00, '2020-01-01 09:51:16', 1, 1),
(2627, 6, 1400.00, '2019-12-01 05:48:26', 1, 1),
(1932, 74, 7800.00, '2019-01-01 01:49:35', 1, 1),
(2354, 59, 780.00, '2019-07-01 12:06:55', 1, 1),
(2321, 2, 0.00, '2019-07-01 00:00:00', 1, 1),
(2353, 58, 2500.00, '2019-07-01 07:06:36', 1, 1),
(2333, 19, 1000.00, '2019-07-01 07:10:18', 1, 1),
(2270, 33, 24154.00, '2019-06-01 03:33:35', 1, 1),
(1938, 15, 0.00, '2018-12-01 08:28:01', 2, 1),
(2268, 27, 3000.00, '2019-06-01 08:06:29', 1, 1),
(2267, 26, 500.00, '2019-06-01 12:09:22', 1, 1),
(2495, 101, 0.00, '2019-09-01 00:00:00', 1, 7),
(2436, 13, 500.00, '2019-08-01 08:09:55', 4, 1),
(2264, 19, 1000.00, '2019-06-01 08:07:27', 1, 1),
(1973, 1, 0.00, '2019-02-01 00:00:00', 1, 1),
(1974, 2, 600.00, '2019-02-01 08:21:25', 1, 1),
(1975, 3, 600.00, '2019-02-01 07:37:43', 1, 1),
(1976, 4, 1400.00, '2019-02-01 11:20:56', 1, 1),
(1977, 5, 1000.00, '2019-02-01 11:20:56', 1, 1),
(1978, 6, 1400.00, '2019-02-01 11:20:56', 1, 1),
(1979, 7, 200.00, '2019-02-01 11:20:56', 1, 1),
(1980, 8, 250.00, '2019-02-01 07:37:43', 1, 1),
(2320, 1, 3450.00, '2019-07-01 07:01:06', 1, 1),
(1982, 13, 500.00, '2019-02-01 07:38:25', 1, 1),
(1983, 14, 500.00, '2019-02-01 07:37:43', 1, 1),
(1984, 15, 3000.00, '2019-02-01 07:39:36', 1, 1),
(1985, 16, 1000.00, '2019-02-01 07:39:59', 1, 1),
(1986, 17, 500.00, '2019-02-01 07:38:39', 1, 1),
(2352, 57, 0.00, '2019-07-01 00:00:00', 1, 1),
(1988, 19, 1000.00, '2019-02-01 07:39:17', 1, 1),
(2351, 56, 0.00, '2019-07-01 00:00:00', 1, 1),
(2435, 13, 500.00, '2019-08-01 08:09:55', 3, 1),
(2494, 96, 0.00, '2019-09-01 00:00:00', 1, 7),
(1992, 26, 500.00, '2019-02-01 07:38:52', 1, 1),
(1993, 27, 520.00, '2019-02-01 12:35:55', 1, 1),
(2262, 17, 500.00, '2019-06-01 08:07:08', 1, 1),
(1996, 33, 24154.00, '2019-02-01 12:52:46', 1, 1),
(1997, 34, 6471.00, '2019-02-01 12:52:46', 1, 1),
(2261, 16, 500.00, '2019-06-01 08:08:43', 1, 1),
(2260, 15, 3000.00, '2019-06-01 09:54:48', 1, 1),
(2518, 16, 2000.00, '2019-10-01 10:22:49', 1, 1),
(2001, 40, 4000.00, '2019-02-01 12:37:04', 1, 1),
(2002, 87, 1000.00, '2019-02-01 08:22:35', 1, 1),
(2003, 45, 4000.00, '2019-02-01 12:14:41', 1, 1),
(2259, 14, 500.00, '2019-06-01 12:09:31', 1, 1),
(2258, 13, 1000.00, '2019-06-01 08:06:48', 1, 1),
(2006, 51, 0.00, '2019-02-01 00:00:00', 1, 1),
(2007, 52, 0.00, '2019-02-01 00:00:00', 1, 1),
(2008, 53, 0.00, '2019-02-01 00:00:00', 1, 1),
(2009, 54, 0.00, '2019-02-01 00:00:00', 1, 1),
(2010, 55, 0.00, '2019-02-01 00:00:00', 1, 1),
(2011, 56, 0.00, '2019-02-01 00:00:00', 1, 1),
(2012, 57, 0.00, '2019-02-01 00:00:00', 1, 1),
(2013, 58, 5000.00, '2019-02-01 08:21:58', 1, 1),
(2014, 59, 650.00, '2019-02-01 03:23:38', 1, 1),
(2505, 19, 2500.00, '2019-09-01 07:19:05', 2, 1),
(2765, 33, 24154.00, '2020-03-01 07:25:32', 1, 1),
(2730, 52, 0.00, '2020-02-01 00:00:00', 1, 1),
(2695, 116, 11805.00, '2020-01-01 08:12:34', 1, 1),
(2661, 13, 1000.00, '2019-12-01 10:33:03', 2, 1),
(2626, 5, 1000.00, '2019-12-01 05:48:26', 1, 1),
(2350, 55, 0.00, '2019-07-01 00:00:00', 1, 1),
(2024, 74, 0.00, '2019-02-01 12:13:01', 1, 1),
(2349, 54, 0.00, '2019-07-01 00:00:00', 1, 1),
(2319, 58, 2401.00, '2019-06-01 08:08:31', 2, 1),
(2348, 53, 0.00, '2019-07-01 00:00:00', 1, 1),
(2332, 17, 1000.00, '2019-07-01 07:09:50', 1, 1),
(2257, 8, 150.00, '2019-06-01 03:34:39', 1, 1),
(2256, 7, 200.00, '2019-06-01 01:30:24', 1, 1),
(2031, 94, 0.00, '2019-02-01 12:27:34', 1, 7),
(2032, 95, 0.00, '2019-02-01 12:27:39', 1, 7),
(2033, 96, 0.00, '2019-02-01 00:00:00', 1, 7),
(2034, 90, 0.00, '2019-02-01 00:00:00', 1, 4),
(2035, 97, 0.00, '2019-02-01 00:00:00', 1, 4),
(2036, 98, 0.00, '2019-02-01 00:00:00', 1, 4),
(2037, 27, 2000.00, '2017-09-01 03:50:43', 2, 1),
(2347, 52, 7821.00, '2019-07-01 07:06:05', 1, 1),
(2040, 13, 500.00, '2019-02-01 07:38:25', 2, 1),
(2042, 101, 0.00, '2019-02-01 00:00:00', 1, 7),
(2043, 102, 0.00, '2019-02-01 00:00:00', 1, 7),
(2044, 13, 1000.00, '2019-02-01 07:38:25', 3, 1),
(2045, 13, 500.00, '2019-02-01 07:38:25', 4, 1),
(2046, 13, 500.00, '2019-02-01 07:38:25', 5, 1),
(2047, 17, 500.00, '2019-02-01 07:38:39', 2, 1),
(2048, 19, 2500.00, '2019-02-01 07:39:17', 2, 1),
(2049, 16, 0.00, '2019-02-01 07:39:59', 2, 1),
(2050, 1, 0.00, '2019-03-01 00:00:00', 1, 1),
(2051, 2, 0.00, '2019-03-01 00:00:00', 1, 1),
(2052, 3, 2000.00, '2019-03-01 11:32:42', 1, 1),
(2053, 4, 1400.00, '2019-03-01 12:05:04', 1, 1),
(2054, 5, 1000.00, '2019-03-01 12:05:08', 1, 1),
(2055, 6, 1400.00, '2019-03-01 12:04:51', 1, 1),
(2056, 7, 200.00, '2019-03-01 12:05:13', 1, 1),
(2057, 8, 200.00, '2019-03-01 01:38:18', 1, 1),
(2058, 13, 500.00, '2019-03-01 11:38:43', 1, 1),
(2059, 14, 500.00, '2019-03-01 01:36:06', 1, 1),
(2060, 15, 500.00, '2019-03-01 01:37:09', 1, 1),
(2061, 16, 500.00, '2019-03-01 01:37:20', 1, 1),
(2062, 17, 200.00, '2019-03-01 01:39:32', 1, 1),
(2346, 51, 0.00, '2019-07-01 00:00:00', 1, 1),
(2064, 19, 1000.00, '2019-03-01 01:36:55', 1, 1),
(2255, 6, 1400.00, '2019-06-01 01:30:24', 1, 1),
(2434, 8, 140.00, '2019-08-01 03:07:38', 2, 1),
(2493, 95, 10.00, '2019-09-01 11:46:51', 1, 7),
(2068, 26, 117.00, '2019-03-01 02:08:26', 1, 1),
(2069, 27, 1000.00, '2019-03-01 01:03:13', 1, 1),
(2071, 33, 24154.00, '2019-03-01 02:02:13', 1, 1),
(2072, 34, 6471.00, '2019-03-01 02:02:13', 1, 1),
(2254, 5, 1000.00, '2019-06-01 01:30:24', 1, 1),
(2517, 15, 2000.00, '2019-10-01 10:22:55', 1, 1),
(2075, 40, 4000.00, '2019-03-01 11:17:22', 1, 1),
(2076, 87, 500.00, '2019-03-01 11:55:33', 1, 1),
(2077, 45, 4000.00, '2019-03-01 02:49:42', 1, 1),
(2253, 4, 1400.00, '2019-06-01 01:30:24', 1, 1),
(2252, 3, 18000.00, '2019-06-01 08:09:11', 1, 1),
(2080, 51, 0.00, '2019-03-01 00:00:00', 1, 1),
(2081, 52, 0.00, '2019-03-01 00:00:00', 1, 1),
(2082, 53, 0.00, '2019-03-01 00:00:00', 1, 1),
(2083, 54, 0.00, '2019-03-01 00:00:00', 1, 1),
(2084, 55, 0.00, '2019-03-01 00:00:00', 1, 1),
(2085, 56, 0.00, '2019-03-01 00:00:00', 1, 1),
(2086, 57, 0.00, '2019-03-01 00:00:00', 1, 1),
(2087, 58, 2500.00, '2019-03-01 01:40:44', 1, 1),
(2088, 59, 0.00, '2019-03-01 00:00:00', 1, 1),
(2504, 17, 500.00, '2019-09-01 07:18:47', 2, 1),
(2764, 27, 1570.00, '2020-03-01 07:42:43', 1, 1),
(2729, 51, 0.00, '2020-02-01 00:00:00', 1, 1),
(2694, 111, 1000.00, '2020-01-01 06:41:37', 1, 1),
(2660, 16, 1500.00, '2019-12-01 10:28:16', 2, 1),
(2625, 4, 1400.00, '2019-12-01 05:48:26', 1, 1),
(2098, 74, 2000.00, '2019-03-01 02:11:47', 1, 1),
(2344, 45, 4000.00, '2019-07-01 10:34:45', 1, 1),
(2318, 15, 7950.00, '2019-06-01 09:54:48', 2, 1),
(2343, 87, 1000.00, '2019-07-01 07:09:02', 1, 1),
(2331, 16, 500.00, '2019-07-01 08:28:22', 1, 1),
(2251, 2, 1800.00, '2019-06-01 12:10:50', 1, 1),
(2250, 1, 0.00, '2019-06-01 00:00:00', 1, 1),
(2571, 15, 2000.00, '2019-11-01 02:41:55', 1, 1),
(2109, 15, 1500.00, '2019-03-01 01:37:09', 2, 1),
(2110, 17, 300.00, '2019-03-01 01:39:32', 2, 1),
(2111, 58, 2401.00, '2019-03-01 01:40:44', 2, 1),
(2112, 13, 500.00, '2019-03-01 11:38:43', 2, 1),
(2113, 13, 1000.00, '2019-03-01 11:38:43', 3, 1),
(2114, 19, 1000.00, '2019-03-01 01:36:55', 2, 1),
(2115, 15, 500.00, '2019-03-01 01:37:09', 3, 1),
(2317, 19, 2500.00, '2019-06-01 08:07:27', 2, 1),
(2117, 19, 1500.00, '2019-03-01 01:36:55', 3, 1),
(2118, 15, 500.00, '2019-03-01 01:37:09', 4, 1),
(2119, 16, 500.00, '2019-03-01 01:37:20', 2, 1),
(2120, 13, 500.00, '2019-03-01 11:38:43', 4, 1),
(2121, 17, 300.00, '2019-03-01 01:39:32', 3, 1),
(2122, 74, 1000.00, '2019-03-01 02:11:47', 2, 1),
(2123, 58, 99.00, '2019-03-01 01:40:44', 3, 1),
(2124, 74, 1000.00, '2019-03-01 02:11:47', 3, 1),
(2342, 40, 4000.00, '2019-07-01 10:34:45', 1, 1),
(2126, 87, 500.00, '2019-03-01 11:55:33', 2, 1),
(2516, 14, 500.00, '2019-10-01 10:19:54', 1, 1),
(2340, 34, 6471.00, '2019-07-01 11:18:11', 1, 1),
(2129, 1, 3450.00, '2019-04-01 01:10:13', 1, 1),
(2130, 2, 0.00, '2019-04-01 00:00:00', 1, 1),
(2131, 3, 0.00, '2019-04-01 00:00:00', 1, 1),
(2132, 4, 1400.00, '2019-04-01 09:03:13', 1, 1),
(2133, 5, 1000.00, '2019-04-01 09:03:13', 1, 1),
(2134, 6, 1400.00, '2019-04-01 09:03:13', 1, 1),
(2135, 7, 200.00, '2019-04-01 09:03:13', 1, 1),
(2136, 8, 250.00, '2019-04-01 01:00:07', 1, 1),
(2137, 13, 3000.00, '2019-04-01 01:00:07', 1, 1),
(2138, 14, 500.00, '2019-04-01 01:00:07', 1, 1),
(2139, 15, 2000.00, '2019-04-01 01:06:59', 1, 1),
(2140, 16, 1000.00, '2019-04-01 01:07:11', 1, 1),
(2141, 17, 1000.00, '2019-04-01 01:06:25', 1, 1),
(2339, 33, 24154.00, '2019-07-01 11:18:11', 1, 1),
(2143, 19, 1500.00, '2019-04-01 01:06:47', 1, 1),
(2433, 13, 1000.00, '2019-08-01 08:09:55', 2, 1),
(2492, 94, 0.00, '2019-09-01 00:00:00', 1, 7),
(2146, 26, 500.00, '2019-04-01 01:06:33', 1, 1),
(2147, 27, 1000.00, '2019-04-01 01:00:07', 1, 1),
(2149, 33, 24154.00, '2019-04-01 07:55:00', 1, 1),
(2150, 34, 6471.00, '2019-04-01 07:55:00', 1, 1),
(2249, 58, 1000.00, '2019-04-01 01:11:51', 3, 1),
(2515, 13, 500.00, '2019-10-01 10:22:24', 1, 1),
(2153, 40, 4000.00, '2019-04-01 01:54:32', 1, 1),
(2154, 87, 0.00, '2019-04-01 00:00:00', 1, 1),
(2155, 45, 4000.00, '2019-04-01 07:46:18', 1, 1),
(2248, 15, 3000.00, '2019-04-01 01:06:59', 2, 1),
(2247, 19, 2000.00, '2019-04-01 01:06:47', 2, 1),
(2158, 51, 5439.00, '2019-04-01 01:08:08', 1, 1),
(2159, 52, 7287.00, '2019-04-01 02:42:26', 1, 1),
(2160, 53, 35000.00, '2019-04-01 01:10:37', 1, 1),
(2161, 54, 7680.00, '2019-04-01 01:10:58', 1, 1),
(2162, 55, 7261.00, '2019-04-01 09:08:43', 1, 1),
(2163, 56, 0.00, '2019-04-01 00:00:00', 1, 1),
(2164, 57, 4039.00, '2019-04-01 01:07:35', 1, 1),
(2165, 58, 3500.00, '2019-04-01 01:11:51', 1, 1),
(2166, 59, 700.00, '2019-04-01 01:08:33', 1, 1),
(2503, 13, 2000.00, '2019-09-01 07:18:40', 2, 1),
(2763, 26, 500.00, '2020-03-01 07:34:26', 1, 1),
(2728, 45, 4000.00, '2020-02-01 07:04:15', 1, 1),
(2693, 131, 20000.00, '2020-01-01 06:41:37', 1, 1),
(2659, 19, 2000.00, '2019-12-01 10:27:55', 2, 1),
(2624, 3, 0.00, '2019-12-01 00:00:00', 1, 1),
(2176, 74, 0.00, '2019-04-01 00:00:00', 1, 1),
(2337, 27, 3000.00, '2019-07-01 11:18:11', 1, 1),
(2316, 17, 500.00, '2019-06-01 08:07:08', 2, 1),
(2336, 26, 500.00, '2019-07-01 07:10:04', 1, 1),
(2330, 15, 1000.00, '2019-07-01 08:28:33', 1, 1),
(2309, 111, 500.00, '2019-06-01 05:00:24', 1, 1),
(2570, 14, 500.00, '2019-11-01 09:47:57', 1, 1),
(2563, 3, 0.00, '2019-11-01 00:00:00', 1, 1),
(2510, 4, 1400.00, '2019-10-01 07:14:06', 1, 1),
(2187, 58, 500.00, '2019-04-01 01:11:51', 2, 1),
(2188, 13, 500.00, '2019-03-01 11:38:43', 5, 1),
(2189, 1, 0.00, '2019-05-01 00:00:00', 1, 1),
(2190, 2, 0.00, '2019-05-01 00:00:00', 1, 1),
(2191, 3, 0.00, '2019-05-01 00:00:00', 1, 1),
(2192, 4, 1400.00, '2019-05-01 01:30:18', 1, 1),
(2193, 5, 1000.00, '2019-05-01 01:30:18', 1, 1),
(2194, 6, 1400.00, '2019-05-01 01:30:18', 1, 1),
(2195, 7, 200.00, '2019-05-01 01:30:18', 1, 1),
(2196, 8, 250.00, '2019-05-01 10:48:24', 1, 1),
(2197, 13, 3000.00, '2019-05-01 10:48:24', 1, 1),
(2198, 14, 500.00, '2019-05-01 10:48:24', 1, 1),
(2199, 15, 5000.00, '2019-05-01 10:49:28', 1, 1),
(2200, 16, 1000.00, '2019-05-01 10:49:53', 1, 1),
(2201, 17, 1000.00, '2019-05-01 10:49:40', 1, 1),
(2313, 13, 1000.00, '2019-06-01 08:06:48', 2, 1),
(2203, 19, 3500.00, '2019-05-01 10:49:34', 1, 1),
(2432, 116, 11805.00, '2019-08-01 06:05:30', 1, 1),
(2808, 15, 0.00, '2020-04-01 00:00:00', 1, 1),
(2206, 26, 500.00, '2019-05-01 10:49:46', 1, 1),
(2207, 27, 3000.00, '2019-05-01 10:48:24', 1, 1),
(2209, 33, 24154.00, '2019-05-01 10:48:24', 1, 1),
(2210, 34, 6471.00, '2019-05-01 10:48:24', 1, 1),
(2489, 118, 500.00, '2019-09-01 08:30:35', 1, 1),
(2212, 40, 4000.00, '2019-05-01 01:30:18', 1, 1),
(2213, 87, 1000.00, '2019-05-01 10:50:12', 1, 1),
(2214, 45, 4000.00, '2019-05-01 01:30:18', 1, 1),
(2217, 51, 0.00, '2019-05-01 00:00:00', 1, 1),
(2218, 52, 0.00, '2019-05-01 00:00:00', 1, 1),
(2219, 53, 0.00, '2019-05-01 00:00:00', 1, 1),
(2220, 54, 1700.00, '2019-05-01 01:56:05', 1, 1),
(2221, 55, 0.00, '2019-05-01 00:00:00', 1, 1),
(2222, 56, 0.00, '2019-05-01 00:00:00', 1, 1),
(2223, 57, 0.00, '2019-05-01 00:00:00', 1, 1),
(2224, 58, 5000.00, '2019-05-01 10:49:17', 1, 1),
(2225, 59, 0.00, '2019-05-01 00:00:00', 1, 1),
(2502, 8, 100.00, '2019-09-01 07:20:29', 2, 1),
(2762, 19, 1500.00, '2020-03-01 09:30:22', 1, 1),
(2727, 87, 700.00, '2020-02-01 07:31:54', 1, 1),
(2692, 74, 2000.00, '2020-01-01 07:34:13', 1, 1),
(2658, 130, 1000.00, '2019-12-01 09:45:42', 1, 1),
(2623, 2, 0.00, '2019-12-01 00:00:00', 1, 1),
(2312, 58, 37.34, '2017-10-01 05:35:25', 4, 1),
(2235, 74, 4000.00, '2019-05-01 10:50:25', 1, 1),
(2311, 15, 11350.00, '2018-06-01 05:33:27', 2, 1),
(2315, 13, 1000.00, '2019-06-01 08:06:48', 3, 1),
(2310, 15, 11000.00, '2017-06-01 07:19:30', 2, 1),
(2569, 13, 2000.00, '2019-11-01 11:00:24', 1, 1),
(2562, 2, 0.00, '2019-11-01 00:00:00', 1, 1),
(2509, 3, 14000.00, '2019-10-01 10:20:23', 1, 1),
(2374, 58, 2500.00, '2019-07-01 07:06:36', 2, 1),
(2375, 19, 2000.00, '2019-07-01 07:10:18', 2, 1),
(2376, 15, 1500.00, '2019-07-01 08:28:33', 2, 1),
(2377, 13, 1000.00, '2019-07-01 07:09:42', 2, 1),
(2378, 13, 1000.00, '2019-07-01 07:09:42', 3, 1),
(2379, 19, 500.00, '2019-07-01 07:10:18', 3, 1),
(2380, 16, 500.00, '2019-07-01 08:28:22', 2, 1),
(2381, 15, 500.00, '2019-07-01 08:28:33', 3, 1),
(2382, 1, 0.00, '2019-08-01 00:00:00', 1, 1),
(2383, 2, 0.00, '2019-08-01 00:00:00', 1, 1),
(2384, 3, 0.00, '2019-08-01 00:00:00', 1, 1),
(2385, 4, 1400.00, '2019-08-01 06:05:30', 1, 1),
(2386, 5, 1000.00, '2019-08-01 06:05:30', 1, 1),
(2387, 6, 1400.00, '2019-08-01 06:05:30', 1, 1),
(2388, 7, 200.00, '2019-08-01 06:05:30', 1, 1),
(2389, 8, 110.00, '2019-08-01 03:07:38', 1, 1),
(2390, 13, 1000.00, '2019-08-01 08:09:55', 1, 1),
(2391, 14, 500.00, '2019-08-01 06:14:02', 1, 1),
(2392, 15, 3000.00, '2019-08-01 06:24:00', 1, 1),
(2393, 16, 1000.00, '2019-08-01 06:24:08', 1, 1),
(2394, 17, 1000.00, '2019-08-01 03:07:54', 1, 1),
(2395, 19, 3000.00, '2019-08-01 08:10:15', 1, 1),
(2804, 7, 200.00, '2020-04-01 12:44:27', 1, 1),
(2811, 19, 0.00, '2020-04-01 00:00:00', 1, 1),
(2398, 26, 300.00, '2019-08-01 02:10:25', 1, 1),
(2399, 27, 3000.00, '2019-08-01 06:14:02', 1, 1),
(2400, 33, 24154.00, '2019-08-01 06:14:02', 1, 1),
(2401, 34, 6471.00, '2019-08-01 06:14:02', 1, 1),
(2801, 4, 3000.00, '2020-04-01 12:44:27', 1, 1),
(2403, 40, 4000.00, '2019-08-01 02:09:54', 1, 1),
(2404, 87, 1000.00, '2019-08-01 06:24:32', 1, 1),
(2405, 45, 4000.00, '2019-08-01 06:11:59', 1, 1),
(2407, 51, 0.00, '2019-08-01 00:00:00', 1, 1),
(2408, 52, 0.00, '2019-08-01 00:00:00', 1, 1),
(2409, 53, 0.00, '2019-08-01 00:00:00', 1, 1),
(2410, 54, 0.00, '2019-08-01 00:00:00', 1, 1),
(2411, 55, 0.00, '2019-08-01 00:00:00', 1, 1),
(2412, 56, 0.00, '2019-08-01 00:00:00', 1, 1),
(2413, 57, 0.00, '2019-08-01 00:00:00', 1, 1),
(2414, 58, 7000.00, '2019-08-01 06:24:58', 1, 1),
(2415, 59, 0.00, '2019-08-01 00:00:00', 1, 1),
(2501, 125, 5818.00, '2019-09-01 12:20:59', 1, 1),
(2761, 17, 500.00, '2020-03-01 09:29:37', 1, 1),
(2726, 40, 4000.00, '2020-02-01 06:13:44', 1, 1),
(2691, 59, 0.00, '2020-01-01 00:00:00', 1, 1),
(2657, 125, 0.00, '2019-12-01 00:00:00', 1, 1),
(2622, 1, 0.00, '2019-12-01 00:00:00', 1, 1),
(2423, 74, 3000.00, '2019-08-01 08:10:48', 1, 1),
(2568, 8, 250.00, '2019-11-01 09:49:21', 1, 1),
(2561, 1, 3450.00, '2019-11-01 05:50:56', 1, 1),
(2429, 111, 500.00, '2019-08-01 06:05:30', 1, 1),
(2508, 2, 2400.00, '2019-10-01 02:42:50', 1, 1),
(2463, 51, 0.00, '2019-09-01 00:00:00', 1, 1),
(2464, 52, 0.00, '2019-09-01 00:00:00', 1, 1),
(2465, 53, 32000.00, '2019-09-01 08:07:01', 1, 1),
(2466, 54, 0.00, '2019-09-01 00:00:00', 1, 1),
(2467, 55, 0.00, '2019-09-01 00:00:00', 1, 1),
(2468, 56, 0.00, '2019-09-01 00:00:00', 1, 1),
(2469, 57, 0.00, '2019-09-01 00:00:00', 1, 1),
(2470, 58, 2500.00, '2019-09-01 07:19:50', 1, 1),
(2471, 59, 0.00, '2019-09-01 00:00:00', 1, 1),
(2499, 123, 2222.00, '2019-09-01 12:04:41', 1, 8),
(2760, 16, 1500.00, '2020-03-01 09:28:11', 1, 1),
(2725, 34, 6471.00, '2020-02-01 07:30:39', 1, 1),
(2690, 58, 2000.00, '2020-01-01 07:35:22', 1, 1),
(2656, 118, 500.00, '2019-12-01 05:48:26', 1, 1),
(2621, 15, 2000.00, '2019-11-01 02:41:55', 2, 1),
(2479, 74, 3000.00, '2019-09-01 07:19:41', 1, 1),
(2616, 17, 500.00, '2019-11-01 09:49:14', 2, 1),
(2567, 7, 200.00, '2019-11-01 07:55:55', 1, 1),
(2560, 17, 800.00, '2019-10-01 10:23:09', 2, 1),
(2485, 111, 500.00, '2019-09-01 08:06:39', 1, 1),
(2507, 1, 0.00, '2019-10-01 00:00:00', 1, 1),
(2487, 116, 11805.00, '2019-09-01 12:54:00', 1, 1),
(2655, 116, 11805.00, '2019-12-01 09:45:25', 1, 1),
(2620, 16, 1000.00, '2019-11-01 07:37:09', 2, 1),
(2548, 74, 3000.00, '2019-10-01 08:17:05', 1, 1),
(2615, 13, 0.00, '2019-11-01 11:00:24', 2, 1),
(2566, 6, 1400.00, '2019-11-01 07:55:55', 1, 1),
(2559, 13, 2000.00, '2019-10-01 10:22:24', 2, 1),
(2554, 111, 500.00, '2019-10-01 07:14:06', 1, 1),
(2555, 116, 11805.00, '2019-10-01 07:11:19', 1, 1),
(2556, 118, 500.00, '2019-10-01 08:00:08', 1, 1),
(2557, 125, 0.00, '2019-10-01 00:00:00', 1, 1),
(2799, 2, 0.00, '2020-04-01 00:00:00', 1, 1),
(2574, 19, 2000.00, '2019-11-01 07:36:55', 1, 1),
(2803, 6, 1600.00, '2020-04-01 12:44:27', 1, 1),
(2807, 14, 0.00, '2020-04-01 00:00:00', 1, 1),
(2577, 26, 500.00, '2019-11-01 09:50:53', 1, 1),
(2578, 27, 2000.00, '2019-11-01 09:52:11', 1, 1),
(2579, 33, 24154.00, '2019-11-01 09:52:11', 1, 1),
(2580, 34, 6471.00, '2019-11-01 09:52:11', 1, 1),
(2800, 3, 0.00, '2020-04-01 00:00:00', 1, 1),
(2582, 40, 4000.00, '2019-11-01 06:15:00', 1, 1),
(2583, 87, 1000.00, '2019-11-01 09:50:36', 1, 1),
(2584, 45, 4000.00, '2019-11-01 07:55:55', 1, 1),
(2586, 51, 1000.00, '2019-11-01 09:50:19', 1, 1),
(2587, 52, 0.00, '2019-11-01 00:00:00', 1, 1),
(2588, 53, 0.00, '2019-11-01 00:00:00', 1, 1),
(2589, 54, 1000.00, '2019-11-01 07:18:02', 1, 1),
(2590, 55, 0.00, '2019-11-01 00:00:00', 1, 1),
(2591, 56, 0.00, '2019-11-01 00:00:00', 1, 1),
(2592, 57, 850.00, '2019-11-01 09:51:16', 1, 1),
(2593, 58, 4500.00, '2019-11-01 09:49:01', 1, 1),
(2594, 59, 0.00, '2019-11-01 00:00:00', 1, 1),
(2810, 17, 0.00, '2020-04-01 00:00:00', 1, 1),
(2759, 15, 4000.00, '2020-03-01 07:50:29', 1, 1),
(2724, 33, 24154.00, '2020-02-01 07:30:39', 1, 1),
(2689, 57, 0.00, '2020-01-01 02:59:20', 1, 1),
(2654, 111, 1000.00, '2019-12-01 05:49:13', 1, 1),
(2619, 19, 2000.00, '2019-11-01 07:36:55', 3, 1),
(2602, 74, 2000.00, '2019-11-01 09:48:17', 1, 1),
(2614, 19, 1000.00, '2019-11-01 07:36:55', 2, 1),
(2606, 111, 1000.00, '2019-11-01 07:36:27', 1, 1),
(2798, 1, 0.00, '2020-04-01 00:00:00', 1, 1),
(2608, 116, 11805.00, '2019-11-01 07:55:55', 1, 1),
(2609, 118, 500.00, '2019-11-01 06:10:41', 1, 1),
(2610, 125, 0.00, '2019-11-01 00:00:00', 1, 1),
(2797, 58, 1500.00, '2019-10-01 09:34:34', 2, 1),
(2618, 131, 20000.00, '2019-11-01 10:30:28', 1, 1),
(2617, 130, 2000.00, '2019-11-01 02:41:30', 1, 1),
(2813, 27, 0.00, '2020-04-01 00:00:00', 1, 1),
(2814, 33, 0.00, '2020-04-01 00:00:00', 1, 1),
(2815, 34, 0.00, '2020-04-01 00:00:00', 1, 1),
(2816, 40, 4000.00, '2020-04-01 12:05:09', 1, 1),
(2817, 87, 0.00, '2020-04-01 00:00:00', 1, 1),
(2818, 45, 4000.00, '2020-04-01 12:44:27', 1, 1),
(2819, 51, 0.00, '2020-04-01 00:00:00', 1, 1),
(2820, 52, 0.00, '2020-04-01 00:00:00', 1, 1),
(2821, 53, 0.00, '2020-04-01 00:00:00', 1, 1),
(2822, 54, 0.00, '2020-04-01 00:00:00', 1, 1),
(2823, 55, 0.00, '2020-04-01 00:00:00', 1, 1),
(2824, 56, 0.00, '2020-04-01 00:00:00', 1, 1),
(2825, 57, 0.00, '2020-04-01 00:00:00', 1, 1),
(2826, 58, 0.00, '2020-04-01 00:00:00', 1, 1),
(2827, 59, 0.00, '2020-04-01 00:00:00', 1, 1),
(2828, 74, 0.00, '2020-04-01 00:00:00', 1, 1),
(2829, 131, 20000.00, '2020-04-01 12:44:27', 1, 1),
(2830, 111, 1000.00, '2020-04-01 12:44:27', 1, 1),
(2831, 116, 11805.00, '2020-04-01 12:44:27', 1, 1),
(2832, 118, 500.00, '2020-04-01 02:19:29', 1, 1),
(2833, 125, 0.00, '2020-04-01 00:00:00', 1, 1),
(2834, 130, 0.00, '2020-04-01 00:00:00', 1, 1),
(2835, 125, 1156.00, '2019-09-01 12:20:59', 2, 1);

-- --------------------------------------------------------

--
-- Table structure for table `ec_items`
--

CREATE TABLE IF NOT EXISTS `ec_items` (
  `ID` int(11) NOT NULL AUTO_INCREMENT,
  `EXP_ITEM_NAME` varchar(255) CHARACTER SET utf8 COLLATE utf8_unicode_ci DEFAULT NULL,
  `EXP_ITEM_CAT_ID` int(11) NOT NULL,
  `EXP_ACCOUNT_ID` int(11) NOT NULL,
  `DEFAULT_DEPO_AMT` float(10,2) NOT NULL,
  `ACTIVE` varchar(1) NOT NULL DEFAULT 'Y',
  `EXPIRED` enum('N','Y') NOT NULL DEFAULT 'N',
  `FIXED_PAYEE` enum('N','Y') NOT NULL,
  `PAY_DAY` tinyint(2) NOT NULL,
  `USER_ID` int(11) NOT NULL,
  PRIMARY KEY (`ID`),
  KEY `EXP_ITEM_CAT_ID` (`EXP_ITEM_CAT_ID`),
  KEY `EXP_ACCOUNT_ID` (`EXP_ACCOUNT_ID`),
  KEY `ACTIVE` (`ACTIVE`),
  KEY `EXPIRED` (`EXPIRED`),
  KEY `USER_ID` (`USER_ID`),
  KEY `DEFAULT_DEPO_AMT` (`DEFAULT_DEPO_AMT`),
  KEY `FIXED_PAYEE` (`FIXED_PAYEE`),
  KEY `PAY_DAY` (`PAY_DAY`)
) ENGINE=MyISAM  DEFAULT CHARSET=latin1 AUTO_INCREMENT=132 ;

--
-- Dumping data for table `ec_items`
--

INSERT INTO `ec_items` (`ID`, `EXP_ITEM_NAME`, `EXP_ITEM_CAT_ID`, `EXP_ACCOUNT_ID`, `DEFAULT_DEPO_AMT`, `ACTIVE`, `EXPIRED`, `FIXED_PAYEE`, `PAY_DAY`, `USER_ID`) VALUES
(1, 'School Van', 28, 7, 1500.00, 'Y', 'N', 'N', 0, 1),
(2, 'Sonu Trainings', 1, 3, 600.00, 'Y', 'N', 'N', 0, 1),
(3, 'Sonu Tutions', 28, 7, 3000.00, 'Y', 'N', 'N', 0, 1),
(4, 'Milk+Eggs+Bread', 2, 10, 3000.00, 'Y', 'N', 'Y', 2, 1),
(5, 'Rinku', 24, 1, 1000.00, 'Y', 'N', 'Y', 2, 1),
(6, 'Byee', 2, 1, 1600.00, 'Y', 'N', 'Y', 2, 1),
(7, 'Sonu', 24, 1, 200.00, 'Y', 'N', 'Y', 2, 1),
(8, 'Dhobi', 2, 1, 250.00, 'Y', 'N', 'Y', 28, 1),
(13, 'Nonveg-Fruits', 2, 10, 1500.00, 'Y', 'N', 'Y', 28, 1),
(14, 'Phone - Rinku', 24, 3, 500.00, 'Y', 'N', 'Y', 20, 1),
(15, 'Bday/Ani/BC/Others', 24, 2, 4000.00, 'Y', 'N', 'N', 0, 1),
(16, 'Bike_Car_Petrol', 2, 10, 3000.00, 'Y', 'N', 'N', 0, 1),
(17, 'Office', 24, 3, 1000.00, 'Y', 'N', 'N', 0, 1),
(19, 'Aakash', 24, 10, 4500.00, 'Y', 'N', 'N', 0, 1),
(92, 'Def Item', 19, 19, 100.00, 'Y', 'N', 'N', 0, 6),
(26, 'Phone - Aakash', 24, 3, 500.00, 'Y', 'N', 'N', 0, 1),
(27, 'Electricity Bill', 2, 6, 2000.00, 'Y', 'N', 'Y', 19, 1),
(33, 'SBI Home Loan', 5, 4, 24154.00, 'Y', 'N', 'Y', 15, 1),
(34, 'SBI TOPUP', 5, 4, 6471.00, 'Y', 'N', 'Y', 15, 1),
(91, 'Def Item', 18, 18, 100.00, 'Y', 'N', 'N', 0, 5),
(40, 'LIC_UBI', 6, 5, 4000.00, 'Y', 'N', 'Y', 7, 1),
(90, 'Beauty Parlour', 17, 17, 100.00, 'Y', 'N', 'N', 0, 4),
(89, 'Shuttle', 16, 16, 400.00, 'Y', 'N', 'N', 0, 2),
(88, 'Movie CD', 8, 9, 400.00, 'Y', 'N', 'N', 0, 2),
(87, 'Medicine', 15, 10, 1000.00, 'Y', 'N', 'N', 0, 1),
(45, 'Mummy', 2, 3, 4000.00, 'Y', 'N', 'Y', 3, 1),
(86, 'TV Repair', 10, 15, 400.00, 'Y', 'N', 'N', 0, 3),
(85, 'Movie CD', 13, 13, 400.00, 'Y', 'N', 'N', 0, 3),
(84, 'Shuttle', 12, 14, 4020.00, 'Y', 'N', 'N', 0, 3),
(51, 'LIC_HY_UBI', 6, 5, 1000.00, 'Y', 'N', 'N', 0, 1),
(52, 'Society Bill', 29, 7, 3000.00, 'Y', 'N', 'N', 0, 1),
(53, 'School Fee', 28, 7, 9000.00, 'Y', 'N', 'N', 0, 1),
(54, 'School Dress/Books', 28, 7, 1000.00, 'Y', 'N', 'N', 0, 1),
(55, 'Property Tax', 29, 7, 1000.00, 'Y', 'N', 'N', 0, 1),
(56, 'D2H', 29, 7, 700.00, 'Y', 'N', 'N', 0, 1),
(57, 'Internet', 29, 7, 900.00, 'Y', 'N', 'N', 0, 1),
(58, 'Rasan', 2, 10, 4000.00, 'Y', 'N', 'N', 0, 1),
(59, 'Gas', 29, 7, 500.00, 'Y', 'N', 'N', 0, 1),
(83, 'Def Item', 10, 11, 100.00, 'Y', 'N', 'Y', 4, 3),
(66, 'Crocin', 7, 8, 4000.00, 'Y', 'N', 'Y', 2, 2),
(67, 'IceCream', 8, 9, 3000.00, 'Y', 'N', 'N', 0, 2),
(74, 'Nutrition - Credit Card', 25, 7, 2000.00, 'Y', 'N', 'N', 0, 1),
(94, 'Badminton', 20, 21, 110.00, 'Y', 'N', 'N', 0, 7),
(95, 'Chips', 21, 20, 40.00, 'Y', 'N', 'N', 0, 7),
(96, 'Iccream', 21, 20, 50.00, 'Y', 'N', 'N', 0, 7),
(97, 'Cloths', 22, 17, 400.00, 'Y', 'N', 'N', 0, 4),
(98, 'Mislleneous', 22, 17, 500.00, 'Y', 'N', 'N', 0, 4),
(123, 'ICICI REC_Feb19_Oct19', 27, 22, 2222.00, 'Y', 'N', 'Y', 2, 8),
(101, 'Motor', 23, 20, 20.00, 'Y', 'N', 'N', 0, 7),
(102, 'Printout', 23, 20, 20.00, 'Y', 'N', 'N', 0, 7),
(131, 'SBI_OD REC_Nov19_Nov20', 4, 7, 20000.00, 'Y', 'N', 'Y', 3, 1),
(111, 'HOME_CASH_Saving', 3, 1, 1000.00, 'Y', 'N', 'Y', 3, 1),
(116, 'ICICI_CAR_Loan', 5, 3, 11805.00, 'Y', 'N', 'Y', 5, 1),
(118, 'Car Wash', 2, 1, 500.00, 'Y', 'N', 'Y', 1, 1),
(121, 'ICICI REC_Sep19_Sep20', 26, 21, 500.00, 'Y', 'N', 'Y', 3, 7),
(122, 'DailyLunch', 27, 22, 2900.00, 'Y', 'N', 'N', 0, 8),
(125, 'Bike_Car_Insurance', 6, 7, 600.00, 'Y', 'N', 'N', 0, 1),
(130, 'Vegetables', 2, 1, 1000.00, 'Y', 'N', 'N', 0, 1);

-- --------------------------------------------------------

--
-- Table structure for table `ec_items_cat`
--

CREATE TABLE IF NOT EXISTS `ec_items_cat` (
  `ID` int(11) NOT NULL AUTO_INCREMENT,
  `EXP_ITEM_CAT` varchar(255) CHARACTER SET utf8 COLLATE utf8_unicode_ci DEFAULT NULL,
  `USER_ID` int(11) NOT NULL,
  PRIMARY KEY (`ID`),
  KEY `USER_ID` (`USER_ID`),
  KEY `EXP_ITEM_CAT` (`EXP_ITEM_CAT`)
) ENGINE=MyISAM  DEFAULT CHARSET=latin1 AUTO_INCREMENT=30 ;

--
-- Dumping data for table `ec_items_cat`
--

INSERT INTO `ec_items_cat` (`ID`, `EXP_ITEM_CAT`, `USER_ID`) VALUES
(1, 'School', 1),
(2, 'Home Exp', 1),
(3, 'Savings', 1),
(4, 'Recurring', 1),
(5, 'Loan', 1),
(6, 'Insurance', 1),
(7, 'Medical', 2),
(8, 'Party', 2),
(10, 'Def Category', 3),
(12, 'Tenis Exp', 3),
(13, 'Tenis Exp2', 3),
(14, 'Football Exp', 3),
(15, 'Health Care', 1),
(16, 'Tenis Exp2', 2),
(17, 'Fashion', 4),
(18, 'Def Category', 5),
(19, 'Def Category', 6),
(20, 'Sports', 7),
(21, 'Snacks', 7),
(22, 'Shopping', 4),
(23, 'Project', 7),
(24, 'Life Style', 1),
(25, 'Fitness', 1),
(26, 'Recurring', 7),
(27, 'Office', 8),
(28, 'School_REC', 1),
(29, 'Home Exp_REC', 1);

-- --------------------------------------------------------

--
-- Table structure for table `ec_meta_info`
--

CREATE TABLE IF NOT EXISTS `ec_meta_info` (
  `ID` tinyint(4) NOT NULL AUTO_INCREMENT,
  `META_TITLE` varchar(255) NOT NULL,
  `META_DESC` text NOT NULL,
  `META_KEYS` text NOT NULL,
  `META_ROBOT` varchar(255) NOT NULL,
  PRIMARY KEY (`ID`),
  KEY `META_TITLE` (`META_TITLE`),
  KEY `META_ROBOT` (`META_ROBOT`)
) ENGINE=MyISAM  DEFAULT CHARSET=latin1 AUTO_INCREMENT=2 ;

--
-- Dumping data for table `ec_meta_info`
--

INSERT INTO `ec_meta_info` (`ID`, `META_TITLE`, `META_DESC`, `META_KEYS`, `META_ROBOT`) VALUES
(1, 'Expenditure Control System', 'How to control expenditures. We provide help on control and manage your expenditures, accounts, savings and many more related to daily expenditure.', 'Expenditure, Accounts, Deposit, Expenditure, Savings, Recurrings', 'INDEX FOLLOW');

-- --------------------------------------------------------

--
-- Table structure for table `ec_months`
--

CREATE TABLE IF NOT EXISTS `ec_months` (
  `ID` int(11) NOT NULL AUTO_INCREMENT,
  `MONTH_NUMBER` char(4) NOT NULL,
  `MONTH_SHORT_NAME` varchar(20) CHARACTER SET utf8 COLLATE utf8_unicode_ci DEFAULT NULL,
  `MONTH_FULL_NAME` varchar(20) CHARACTER SET utf8 COLLATE utf8_unicode_ci DEFAULT NULL,
  PRIMARY KEY (`ID`),
  KEY `MONTH_NUMBER` (`MONTH_NUMBER`),
  KEY `MONTH_SHORT_NAME` (`MONTH_SHORT_NAME`),
  KEY `MONTH_FULL_NAME` (`MONTH_FULL_NAME`)
) ENGINE=MyISAM  DEFAULT CHARSET=latin1 AUTO_INCREMENT=13 ;

--
-- Dumping data for table `ec_months`
--

INSERT INTO `ec_months` (`ID`, `MONTH_NUMBER`, `MONTH_SHORT_NAME`, `MONTH_FULL_NAME`) VALUES
(1, '01', 'Jan', 'January'),
(2, '02', 'Feb', 'February'),
(3, '03', 'Mar', 'March'),
(4, '04', 'Apr', 'April'),
(5, '05', 'May', 'May'),
(6, '06', 'Jun', 'June'),
(7, '07', 'Jul', 'July'),
(8, '08', 'Aug', 'August'),
(9, '09', 'Sep', 'September'),
(10, '10', 'Oct', 'October'),
(11, '11', 'Nov', 'November'),
(12, '12', 'Dec', 'December');

-- --------------------------------------------------------

--
-- Table structure for table `ec_pay_tenure`
--

CREATE TABLE IF NOT EXISTS `ec_pay_tenure` (
  `ID` int(11) NOT NULL AUTO_INCREMENT,
  `TENURE_NAME` varchar(255) CHARACTER SET utf8 COLLATE utf8_unicode_ci DEFAULT NULL,
  PRIMARY KEY (`ID`),
  KEY `TENURE_NAME` (`TENURE_NAME`)
) ENGINE=MyISAM  DEFAULT CHARSET=latin1 AUTO_INCREMENT=6 ;

--
-- Dumping data for table `ec_pay_tenure`
--

INSERT INTO `ec_pay_tenure` (`ID`, `TENURE_NAME`) VALUES
(1, 'Monthly'),
(2, 'HalfYearly'),
(3, 'Quarterly'),
(4, 'ThreeQuarterly'),
(5, 'Yearly');

-- --------------------------------------------------------

--
-- Table structure for table `ec_themes`
--

CREATE TABLE IF NOT EXISTS `ec_themes` (
  `ID` int(11) NOT NULL AUTO_INCREMENT,
  `THEME_NAME` varchar(255) CHARACTER SET utf8 COLLATE utf8_unicode_ci DEFAULT NULL,
  `THEME_HEADER_HTML` text CHARACTER SET utf8 COLLATE utf8_unicode_ci,
  `THEME_FOOTER_HTML` text CHARACTER SET utf8 COLLATE utf8_unicode_ci NOT NULL,
  `THEME_CSS` text CHARACTER SET utf8 COLLATE utf8_unicode_ci NOT NULL,
  `ACTIVE` enum('Y','N') NOT NULL DEFAULT 'N',
  PRIMARY KEY (`ID`),
  KEY `THEME_NAME` (`THEME_NAME`),
  KEY `ACTIVE` (`ACTIVE`),
  FULLTEXT KEY `THEME_HEADER_HTML` (`THEME_HEADER_HTML`),
  FULLTEXT KEY `THEME_FOOTER_HTML` (`THEME_FOOTER_HTML`),
  FULLTEXT KEY `THEME_CSS` (`THEME_CSS`)
) ENGINE=MyISAM  DEFAULT CHARSET=latin1 AUTO_INCREMENT=6 ;

--
-- Dumping data for table `ec_themes`
--

INSERT INTO `ec_themes` (`ID`, `THEME_NAME`, `THEME_HEADER_HTML`, `THEME_FOOTER_HTML`, `THEME_CSS`, `ACTIVE`) VALUES
(1, 'DEFUALT_THEME', '<div class="container" style="[PAGE_STYLE]">\r\n	<h2>[SECTION_TITLE]</h2>\r\n	<div class="container-body">\r\n		<h3>[SECTION_DESC]</h3>', '	</div>\r\n	<p class="footer">[SECTION_FOOT_DESC]</p>\r\n</div>', 'html { background-color: #FFF; }\r\n.container{\r\n	margin: 5px;\r\n	border: 1px solid #D0D0D0;\r\n	-webkit-box-shadow: 0 0 8px #D0D0D0;\r\nborder-radius: 15px;\r\n    margin-bottom: 20px;\r\n}\r\n.container-body{\r\n	margin: 0 10px 0 10px;\r\n}\r\nh2 {\r\n	color: #444;\r\n	background-color: transparent;\r\n	border-bottom: 1px solid #D0D0D0;\r\n	font-size: 19px;\r\n	font-weight: normal;\r\n	margin: 0 0 14px 0;\r\n	padding: 14px 15px 10px 15px;\r\ncolor: #666;text-shadow: 2px 2px 4px #ccc;\r\n\r\n}\r\nh3 {\r\ncolor: red;    \r\ndisplay: block;\r\n    font-size: 1.17em;\r\n    margin-block-start: 1em;\r\n    margin-block-end: 1em;\r\n    margin-inline-start: 0px;\r\n    margin-inline-end: 0px;\r\n    font-weight: bold;\r\n	text-shadow: 2px 2px 4px #ccc;\r\n}\r\np.footer{\r\n	text-align: right;\r\n	font-size: 11px;\r\n	border-top: 1px solid #D0D0D0;\r\n	line-height: 32px;\r\n	padding: 0 10px 0 10px;\r\n	margin: 20px 0 0 0;\r\n}', 'Y'),
(2, 'ROUND_TABLE_THEME', '<div class="topdiv">\r\n	<div class="sticker" style="width: 97%;">\r\n		<div class="stickerHeading titillium"><h2>[SECTION_TITLE]</h2></div>\r\n		<h3>[SECTION_DESC]</h3>', '		<p class="footer">[SECTION_FOOT_DESC]</p>\r\n	</div>\r\n</div>', 'html { background-color: #fff; }\r\n.sticker {\r\n    background-color: white;\r\n    border-radius: 1em;\r\n    box-shadow: 0 0 1.1em #666;\r\n    margin: 1.5em 0 3em;\r\n    opacity: 0.9;\r\n    padding: 1.25em 1.45em 1.25em 1.55em;\r\n}\r\n* {\r\n    font-size: 100%;\r\n    margin: 0;\r\n    outline: medium none;\r\n    padding: 0;\r\n    text-decoration: none;\r\n}\r\n\r\n\r\n.stickerHeading {\r\n    background-color: rgb(229, 218, 214);\r\n    border-top-left-radius: 1em;\r\n    border-top-right-radius: 1em;\r\n    height: 1.3em;\r\n    margin: -2em -1.45em 1.25em -1.55em;\r\n    padding: 0.7em 1em 1.1em 1.75em;\r\n}\r\n.sticker .heading, .sticker h2 {\r\n    color: #a71500;\r\n    font-size: 1.2em;\r\n    font-weight: bold;\r\n    margin: 0.25em 0;\r\n}\r\np.footer{\r\n	text-align: right;\r\n	font-size: 11px;\r\n	border-top: 1px solid #D0D0D0;\r\n	line-height: 32px;\r\n	padding: 0 10px 0 10px;\r\n	margin: 20px 0 0 0;\r\n}', 'Y'),
(3, 'KO_BOX_THEME', '<div class="ko-box" style="padding: 0">\r\n    <h2 style="margin-left:15px;">[SECTION_TITLE]</h2>\r\n    <div class="well">\r\n		<h3 style="margin-top:0px;">[SECTION_DESC]</h3>', '    </div>\r\n	<p class="footer">[SECTION_FOOT_DESC]</p>\r\n</div>', 'html {\r\n    color: #333;\r\n    font-family: "Helvetica Neue",Helvetica,Arial,sans-serif;\r\n    font-size: 14px;\r\n    line-height: 1.42857;\r\nbackground-color:#fff;\r\n}\r\n.h2 {\r\n    color: inherit;\r\n    font-family: inherit;\r\n    font-weight: 500;\r\n    line-height: 1.1;\r\n    font-size: 2em;\r\n    margin-left:20px;	\r\n}\r\n.well {\r\n    background-color: #f5f5f5;\r\n    border: 1px solid #e3e3e3;\r\n    border-radius: 12px;\r\n    box-shadow: 0 1px 1px rgba(0, 0, 0, 0.05) inset;\r\n    margin-bottom: 20px;\r\n    min-height: 20px;\r\n    padding: 14px;\r\nmargin:10px;\r\n}\r\n* {\r\n    box-sizing: border-box;\r\n}\r\nelement.style {\r\n    padding: 0;\r\n}\r\n*::before, *::after {\r\n    box-sizing: border-box;\r\n}\r\n*::before, *::after {\r\n    box-sizing: border-box;\r\n}\r\n.ko-box {\r\n    width: 100%;float: left;\r\n    min-height: 1px;\r\n    padding-left: 15px;\r\n    padding-right: 15px;\r\n    position: relative;\r\nborder: 1px solid #bbb;\r\nmargin-bottom:20px;\r\nbackground-color: gainsboro;\r\nborder-radius:15px;	\r\n}\r\n* {\r\n    box-sizing: border-box;\r\n}\r\np.footer{\r\n	text-align: right;\r\n	font-size: 11px;\r\n	border-top: 1px solid #D0D0D0;\r\n	line-height: 32px;\r\n	padding: 0 10px 0 10px;\r\n	margin: 20px 0 0 0;\r\n}', 'Y'),
(4, 'TOUCH_PUNCH_THEME', '<section id="comments" class="puffy" style="[PAGE_STYLE]">\r\n        <h2>[SECTION_TITLE]</h2>\r\n        <hr>\r\n<h3>[SECTION_DESC]</h3>\r\n      ', '\r\n<p class="footer">[SECTION_FOOT_DESC]</p>\r\n</section>', 'section.puffy {\r\n    padding: 20px;\r\n    margin: 20px 0;\r\n    box-shadow: 1px 2px 6px rgba(34,34,34,0.7);\r\n    background: #fff;\r\n    -webkit-border-radius: 4px;\r\n    -moz-border-radius: 4px;\r\n    border-radius: 4px;}\r\nsection h2 {\r\n    margin-bottom: 0px;\r\n}\r\nh2 {\r\n    font-size: 24px;\r\n\r\n}\r\nh1, h2, h3, h4, h5, h6 {\r\n    margin: 0;\r\n    font-family: inherit;\r\n    font-weight: bold;\r\n    color: inherit;\r\n    text-rendering: optimizelegibility;}\r\nhr {\r\n    margin: 18px 0;\r\n    border: 0;\r\n    border-top: 1px solid #eeeeee;\r\n    border-bottom: 1px solid #ffffff;\r\n}\r\n', 'Y'),
(5, 'LIGHT_SHADOW_THEME', '<div class="container" style="[PAGE_STYLE]">\r\n	<h2>[SECTION_TITLE]</h2>\r\n	<div class="container-body">\r\n		<h3>[SECTION_DESC]</h3>', '	</div>\r\n	<p class="footer">[SECTION_FOOT_DESC]</p>\r\n</div>	', 'html { background-color: #FFF; }\r\n.container{\r\n    background: #fff;\r\n    border: 1px solid #ccc;\r\n    border-radius: 20px;\r\n    box-shadow: 0 0 5px 2px #d6e4e8;\r\n    overflow: hidden;\r\n    padding-left: 18px;\r\nmargin: 12px 10px 20px 10px;\r\n}\r\n.container-body{\r\n	margin: 0 10px 0 10px;\r\n}\r\nh2 {\r\n	color: #444;\r\n	background-color: transparent;\r\n	border-bottom: 1px solid #D0D0D0;\r\n	font-size: 19px;\r\n	font-weight: normal;\r\n	margin: 0 0 14px 0;\r\n	padding: 14px 15px 10px 15px;\r\ncolor: #666;text-shadow: 2px 2px 4px #ccc;\r\n\r\n}\r\nh3 {\r\ncolor: red;    \r\ndisplay: block;\r\n    font-size: 1.17em;\r\n    margin-block-start: 1em;\r\n    margin-block-end: 1em;\r\n    margin-inline-start: 0px;\r\n    margin-inline-end: 0px;\r\n    font-weight: bold;\r\n	text-shadow: 2px 2px 4px #ccc;\r\n}\r\np.footer{\r\n	text-align: right;\r\n	font-size: 11px;\r\n	border-top: 1px solid #D0D0D0;\r\n	line-height: 32px;\r\n	padding: 0 10px 0 10px;\r\n	margin: 20px 0 0 0;\r\n}', 'Y');

-- --------------------------------------------------------

--
-- Table structure for table `ec_users`
--

CREATE TABLE IF NOT EXISTS `ec_users` (
  `ID` int(11) NOT NULL AUTO_INCREMENT,
  `USER_NAME` varchar(20) NOT NULL,
  `USER_PWD` varchar(20) NOT NULL,
  `USER_EMAIL` varchar(255) NOT NULL,
  `USER_TOKEN` varchar(255) NOT NULL,
  `USER_LAST_LOGGED` datetime DEFAULT NULL,
  `USER_TYPE` enum('U','A') NOT NULL DEFAULT 'U',
  `ACTIVE` enum('Y','N') NOT NULL DEFAULT 'Y',
  PRIMARY KEY (`ID`),
  KEY `USER_TYPE` (`USER_TYPE`),
  KEY `USER_TOKEN` (`USER_TOKEN`),
  KEY `ACTIVE` (`ACTIVE`)
) ENGINE=MyISAM  DEFAULT CHARSET=latin1 AUTO_INCREMENT=9 ;

--
-- Dumping data for table `ec_users`
--

INSERT INTO `ec_users` (`ID`, `USER_NAME`, `USER_PWD`, `USER_EMAIL`, `USER_TOKEN`, `USER_LAST_LOGGED`, `USER_TYPE`, `ACTIVE`) VALUES
(1, 'aakash', 'a@1234', 'aakash_with_u@yahoo.com', '9369d29ece8563e01219d42ba2cd21ff', '2020-04-08 11:50:42', 'A', 'Y'),
(2, 'testUser', 'testUser', '', '9e28d44f756e38bf298139ea89a7287b', '2019-01-30 05:21:53', 'U', 'Y'),
(3, 'Yash_ld', 'Sharma', 'rjkrishna2015@gmail.com', '9ea7dbeda822cb54a119650aa0be2267', '2019-01-31 03:48:34', 'U', 'Y'),
(4, 'Rinku', 'Sharma', '', 'fb2387bd16035f5971f8be47af30a53b', '2019-02-02 12:29:40', 'U', 'Y'),
(5, 'Tipu', 'Sharma', '', 'c561d545a459c917900c33bdf8b6410b', '2019-01-30 10:37:55', 'U', 'Y'),
(6, 'Ripu', 'Sharma', 'reepu@gmail.com', '02cb8de7debd41b6ad054d5d36a555e6', '2019-01-31 12:39:35', 'U', 'Y'),
(7, 'Yash', 'Sharma', 'yash21@gmail.com', '3b9eca9109576e75e6b9f8a36708dfe4', '2019-09-06 11:45:48', 'U', 'Y'),
(8, 'Sanket', 'sanket', 'sanket@quinstreet.com', '82231782d5e56eaeb18338c0da66673b', '2020-03-04 10:56:39', 'U', 'Y');

-- --------------------------------------------------------

--
-- Table structure for table `ec_users_themes`
--

CREATE TABLE IF NOT EXISTS `ec_users_themes` (
  `ID` int(11) NOT NULL AUTO_INCREMENT,
  `USER_ID` int(11) NOT NULL,
  `THEME_ID` int(11) NOT NULL,
  `ACTIVE` enum('N','Y') NOT NULL DEFAULT 'N',
  PRIMARY KEY (`ID`),
  KEY `USER_ID` (`USER_ID`),
  KEY `THEME_ID` (`THEME_ID`),
  KEY `ACTIVE` (`ACTIVE`)
) ENGINE=MyISAM  DEFAULT CHARSET=latin1 AUTO_INCREMENT=28 ;

--
-- Dumping data for table `ec_users_themes`
--

INSERT INTO `ec_users_themes` (`ID`, `USER_ID`, `THEME_ID`, `ACTIVE`) VALUES
(1, 0, 1, 'Y'),
(2, 1, 2, 'N'),
(3, 1, 1, 'Y'),
(4, 1, 3, 'N'),
(5, 2, 3, 'N'),
(6, 2, 1, 'Y'),
(7, 2, 2, 'N'),
(8, 3, 1, 'Y'),
(9, 3, 2, 'N'),
(10, 3, 3, 'N'),
(11, 4, 1, 'Y'),
(12, 4, 2, 'N'),
(13, 4, 3, 'N'),
(14, 5, 1, 'Y'),
(15, 5, 2, 'N'),
(16, 5, 3, 'N'),
(17, 6, 1, 'Y'),
(18, 6, 2, 'N'),
(19, 6, 3, 'N'),
(20, 7, 1, 'Y'),
(21, 7, 2, 'N'),
(22, 7, 3, 'N'),
(23, 8, 1, 'Y'),
(24, 8, 2, 'N'),
(25, 8, 3, 'N'),
(26, 1, 4, 'N'),
(27, 1, 5, 'N');

-- --------------------------------------------------------

--
-- Table structure for table `ko_user`
--

CREATE TABLE IF NOT EXISTS `ko_user` (
  `ID` int(11) NOT NULL AUTO_INCREMENT,
  `FIRST_NAME` varchar(20) NOT NULL,
  `LAST_NAME` varchar(50) NOT NULL,
  PRIMARY KEY (`ID`)
) ENGINE=MyISAM  DEFAULT CHARSET=latin1 AUTO_INCREMENT=8 ;

--
-- Dumping data for table `ko_user`
--

INSERT INTO `ko_user` (`ID`, `FIRST_NAME`, `LAST_NAME`) VALUES
(1, 'Aakash', 'Sharma'),
(2, 'Yashr', 'Sharma'),
(3, 'Ramsss', 'Krihsn');

-- --------------------------------------------------------

--
-- Table structure for table `res_category`
--

CREATE TABLE IF NOT EXISTS `res_category` (
  `ID` int(11) NOT NULL AUTO_INCREMENT,
  `CAT_NAME` varchar(100) NOT NULL,
  `CAT_DESC` varchar(255) NOT NULL,
  `CAT_STAT` enum('Y','N') NOT NULL,
  `LAST_UDATED` datetime NOT NULL,
  `USER_ID` int(11) NOT NULL,
  PRIMARY KEY (`ID`)
) ENGINE=MyISAM DEFAULT CHARSET=latin1 AUTO_INCREMENT=1 ;

--
-- Dumping data for table `res_category`
--


-- --------------------------------------------------------

--
-- Table structure for table `res_items`
--

CREATE TABLE IF NOT EXISTS `res_items` (
  `ID` int(11) NOT NULL AUTO_INCREMENT,
  `CAT_ID` int(11) NOT NULL,
  `SUBCAT_ID` int(11) NOT NULL,
  `TYPE_ID` int(11) NOT NULL,
  `ITEM_TITLE` varchar(255) NOT NULL,
  `ITEM_DESC` text NOT NULL,
  `LAST_UDATED` datetime NOT NULL,
  `USER_ID` int(11) NOT NULL,
  PRIMARY KEY (`ID`)
) ENGINE=MyISAM DEFAULT CHARSET=latin1 AUTO_INCREMENT=1 ;

--
-- Dumping data for table `res_items`
--


-- --------------------------------------------------------

--
-- Table structure for table `res_sub_category`
--

CREATE TABLE IF NOT EXISTS `res_sub_category` (
  `ID` int(11) NOT NULL AUTO_INCREMENT,
  `CAT_ID` int(11) NOT NULL,
  `SUBCAT_NAME` varchar(100) NOT NULL,
  `SUBCAT_DESC` varchar(255) NOT NULL,
  `SUBCAT_STAT` enum('Y','N') NOT NULL,
  `LAST_UDATED` datetime NOT NULL,
  `USER_ID` int(11) NOT NULL,
  PRIMARY KEY (`ID`)
) ENGINE=MyISAM DEFAULT CHARSET=latin1 AUTO_INCREMENT=1 ;

--
-- Dumping data for table `res_sub_category`
--


-- --------------------------------------------------------

--
-- Table structure for table `res_type`
--

CREATE TABLE IF NOT EXISTS `res_type` (
  `ID` int(11) NOT NULL AUTO_INCREMENT,
  `TYPE_NAME` varchar(100) NOT NULL,
  `TYPE_DESC` varchar(255) NOT NULL,
  `LAST_UDATED` datetime NOT NULL,
  `USER_ID` int(11) NOT NULL,
  PRIMARY KEY (`ID`)
) ENGINE=MyISAM DEFAULT CHARSET=latin1 AUTO_INCREMENT=1 ;

--
-- Dumping data for table `res_type`
--

